case_id,block,gamma,uncertainty,alpha_offset_bp,fund_bp,etf_bp,scenario,initial_cash,static_error,old_beliefs_max_trade,gain_bp,current_fund_permission_gain_bp,status,states,objective_error,seconds,warning_count,myopic_cash,myopic_etfs_pct,myopic_funds_pct,myopic_gross_trade_pct,myopic_gross_fund_trade_pct,myopic_cost0_bp,myopic_score0_bp,myopic_continuation_bp,myopic_value_bp,myopic_expected_cost1_bp,myopic_future_min_cash,myopic_budget_error,dynamic_cash,dynamic_etfs_pct,dynamic_funds_pct,dynamic_gross_trade_pct,dynamic_gross_fund_trade_pct,dynamic_cost0_bp,dynamic_score0_bp,dynamic_continuation_bp,dynamic_value_bp,dynamic_expected_cost1_bp,dynamic_future_min_cash,dynamic_budget_error,etf_only_cash,etf_only_etfs_pct,etf_only_funds_pct,etf_only_gross_trade_pct,etf_only_gross_fund_trade_pct,etf_only_cost0_bp,etf_only_score0_bp,etf_only_continuation_bp,etf_only_value_bp,etf_only_expected_cost1_bp,etf_only_future_min_cash,etf_only_budget_error
0,core,2.5,0.5,0,5.0,2.0,unchanged,3.5933478415017817e-12,2.1837449977468726e-07,1.0031058752598854e-10,-2.551928446337115e-09,-4.6205173021007795e-10,optimal,432,5.622741855448865e-13,4.908445583190769,0,1.8761794668195788e-11,20.472194908282,79.52780508983345,1.8536900469612328e-08,1.5549909406850248e-08,8.37235291597754e-10,57.986745799197074,58.13782684418456,116.12457264338164,0.0410482604980032,2.5009111941738313e-12,5.303587595074515e-16,5.6988850305714166e-12,20.47219491631808,79.52780508310015,3.1884272272226956e-08,1.8305625280184723e-08,1.186854203850081e-09,57.98674579904913,58.13782684178058,116.12457264082971,0.04104826079157795,3.4762974467886405e-11,5.55888644287044e-16,-1.0907762959056013e-11,20.472194919052626,79.52780508202923,2.6074028480165976e-08,1.2316413564937859e-08,8.909729765514554e-10,57.986745799659126,58.137826843973706,116.12457264363283,0.04104826068061598,2.865593253951939e-12,1.0908207048265863e-11
1,core,2.5,0.5,0,5.0,2.0,premium_down_persistent,3.5933478415017817e-12,2.1837449977468726e-07,1.0031058752598854e-10,0.06397175215464301,0.059543225227415064,optimal,432,3.724520691861244e-13,4.889514416921884,0,1.0650232201681563e-11,13.485570250589815,86.5095415551562,13.968361239217797,6.981736470358308,0.48881931889510505,51.89767118885138,52.53282131820489,104.43049250705627,0.06276590666624611,-4.097819375560347e-12,5.28860267211273e-16,1.020231125872361e-11,11.575003402180302,88.41877167520164,17.788158100984234,8.890966592100655,0.6224921597827043,51.86245483622502,52.632009422985895,104.49446425921091,0.029109155834570005,2.335655988075177e-11,4.718854430471597e-16,5.716041367716338e-11,20.469510624600286,79.52780507906677,13.421453061594141,1.528837143412297e-08,0.268429061690534,51.83812796362397,52.26913531629651,104.10726327992049,0.10251696609396942,1.8080181686389637e-13,5.289686874285215e-16
2,core,2.5,0.5,0,5.0,2.0,premium_up_persistent,3.5933478415017817e-12,2.1837449977468726e-07,1.0031058752598854e-10,0.03657125847115594,0.47075128545664313,optimal,432,3.230176542912133e-13,4.9844020418822765,0,3.1410129021130963e-11,27.45584119268586,72.53926780626432,13.972183599491641,6.988537296356731,0.48909979088053473,65.01749995973049,65.7028660415232,130.7203660012537,0.055126496086881804,2.2077785021175356e-12,5.228361688904004e-16,1.754377303424693e-11,28.870720288423612,71.12339780109482,16.80293269594872,8.404407293282466,0.5881908727174484,64.99817735414663,65.7587599055782,130.75693725972485,0.05119171964972899,5.5223347067618646e-11,4.728883300567088e-16,2.4510337561629617e-11,20.472194921674046,79.52780507585867,5.3525786880603004e-08,1.848698712499798e-08,1.6251253513619997e-09,64.54674867427384,65.25433125238055,129.80107992665438,0.45942791580970094,7.7470123279735e-13,5.002422298138793e-16
3,core,2.5,0.5,0,5.0,2.0,premium_down_reverting,3.5933478415017817e-12,2.1837449977468726e-07,1.0031058752598854e-10,0.01538346882526298,0.059543225227415064,optimal,432,4.53484472195953e-13,4.913165125064552,0,1.0650232201681563e-11,13.485570250589815,86.5095415551562,13.968361239217797,6.981736470358308,0.48881931889510505,51.89767118885138,53.555370839611484,105.45304202846287,0.03183421156310555,-2.4937235707390287e-12,3.5931815248885224e-16,5.995015207459382e-12,12.574549086121259,87.41992532399202,15.78976607193909,7.8921202427159916,0.5525589287202615,51.88966406050039,53.578761436787744,105.46842549728814,0.029476290876194314,1.7989445524858264e-11,4.770082983121537e-16,5.716041367716338e-11,20.469510624600286,79.52780507906677,13.421453061594141,1.528837143412297e-08,0.268429061690534,51.83812796362397,53.307157475036114,105.14528543866008,0.03755617063694552,8.640578469631826e-13,5.81254337196635e-16
4,core,2.5,0.5,0,5.0,2.0,premium_up_reverting,3.5933478415017817e-12,2.1837449977468726e-07,1.0031058752598854e-10,0.0030882466404023035,0.47075128545664313,optimal,432,3.415843996545931e-13,4.996402542106807,0,3.1410129021130963e-11,27.45584119268586,72.53926780626432,13.972183599491641,6.988537296356731,0.48909979088053473,65.01749995973049,64.0773508339786,129.0948507937091,0.04895866084179666,-3.257635220161401e-12,5.228361688904004e-16,3.639202457992371e-11,27.86201212818443,72.13281240838498,14.784809927979744,7.394992685995964,0.5175459791394738,65.01590758749788,64.08203145285164,129.0979390403495,0.0495003010859523,7.452876088899583e-11,4.681449455520847e-16,2.4510337561629617e-11,20.472194921674046,79.52780507585867,5.3525786880603004e-08,1.848698712499798e-08,1.6251253513619997e-09,64.54674867427384,63.69688545459574,128.2436341288696,0.31728956731697644,7.289543182400701e-13,6.099807948112772e-16
5,core,2.5,0.5,0,5.0,2.0,alpha_up,3.5933478415017817e-12,2.1837449977468726e-07,1.0031058752598854e-10,0.0443569636266119,-1.0853611343009106e-09,optimal,432,5.495881527650681e-13,5.024877666030079,0,2.8478540115864392e-11,20.47219488182636,79.52780511529144,8.275329423927272e-08,5.928464627618789e-08,3.4336052730710907e-09,58.917262501731514,59.092163431137585,118.0094259328691,0.051482926764585865,1.9833931182546352e-12,4.568226102731554e-16,3.765553098283511e-11,17.189237095708364,82.80846597851698,6.563618703954155,3.280660894367514,0.22969220091010853,58.82922440693802,59.2245584895577,118.05378289649572,0.050313740384776526,5.3011924277396316e-11,5.694771910980112e-16,-2.072317368531188e-11,20.472194923150568,79.52780507890962,3.74698283250085e-08,1.5436029584389725e-08,1.2124774540318617e-09,58.917262502816875,59.09216342871594,118.00942593153282,0.05148292772991266,3.5212579718919314e-12,2.072361777452173e-11
6,core,2.5,0.5,0,5.0,2.0,alpha_down,3.5933478415017817e-12,2.1837449977468726e-07,1.0031058752598854e-10,0.058758146824445134,-8.319958055835741e-10,optimal,432,3.96864832663546e-13,5.052827833220363,0,1.165749095466927e-11,20.4721949161587,79.5278050826668,2.4077497428091412e-08,1.3050694566410463e-08,8.730707855541422e-10,57.056229096263735,57.20357746792736,114.2598065641911,0.05394697803462106,3.681855745371525e-12,5.169377096482103e-16,1.2970881615011415e-11,24.263787423958032,75.73355713225806,7.585840490798993,3.7942479621817715,0.26554424868143295,56.95055894632538,57.36800576469016,114.31856471101554,0.04828414403342793,4.429410554025693e-11,5.201154990638196e-16,-1.3171910380890763e-11,20.472194913749743,79.52780508756102,2.1920940658504293e-08,6.7846286391864275e-09,6.419576723456789e-10,57.05622909709573,57.203577467981155,114.25980656507689,0.053946977404135045,3.0572810062972855e-12,1.3172354470100614e-11
7,core,2.5,0.5,0,5.0,2.0,anticipated_down,3.5933478415017817e-12,2.1837449977468726e-07,1.0031058752598854e-10,-1.8725359041127376e-09,-4.6205173021007795e-10,optimal,432,2.4304343260173056e-13,5.082251208368689,0,1.8761794668195788e-11,20.472194908282,79.52780508983345,1.8536900469612328e-08,1.5549909406850248e-08,8.37235291597754e-10,57.986745799197074,52.08859681231024,110.07534261150732,0.5285791647568122,5.136263796549044e-13,5.303587595074515e-16,-2.420067363926411e-12,20.472194894150647,79.52780510606308,6.320905205024922e-08,5.20646896941818e-08,2.8261217318304384e-09,57.98674579797404,52.08859681166074,110.07534260963479,0.5285791618191736,2.3511913995684587e-11,4.473040583449036e-16,-1.0907762959056013e-11,20.472194919052626,79.52780508202923,2.6074028480165976e-08,1.2316413564937859e-08,8.909729765514554e-10,57.986745799659126,52.088596812343376,110.0753426120025,0.5285791646007986,1.1553705583401686e-12,1.0907985003660938e-11
8,core,2.5,0.5,0,5.0,2.0,anticipated_up,3.5933478415017817e-12,2.1837449977468726e-07,1.0031058752598854e-10,4.875317927144351e-10,-4.6205173021007795e-10,optimal,432,3.0694891073324015e-13,4.892567374743521,0,1.8761794668195788e-11,20.472194908282,79.52780508983345,1.8536900469612328e-08,1.5549909406850248e-08,8.37235291597754e-10,57.986745799197074,65.23415880465463,123.2209046038517,0.4634866823621812,9.065302616530153e-12,5.798642651177051e-16,1.7266373396671436e-12,20.47219492624414,79.52780507356519,5.8815260542561016e-08,2.0780457451755713e-08,1.7997189344038919e-09,57.98674579908217,65.23415880525705,123.22090460433922,0.4634866872578697,1.398063537497423e-11,4.62580979950224e-16,-1.0907762959056013e-11,20.472194919052626,79.52780508202923,2.6074028480165976e-08,1.2316413564937859e-08,8.909729765514554e-10,57.986745799659126,65.23415880513151,123.22090460479063,0.46348668194571124,9.9218212144674e-12,1.0907985003660938e-11
9,core,2.5,1.0,0,5.0,2.0,unchanged,3.5830227673727677e-12,1.9667356686292603e-06,1.0025680417087816e-10,3.4924596548080444e-10,-1.4332783848658437e-09,optimal,432,1.3051192071511508e-13,4.931040917057544,0,1.8712638448964524e-11,20.467537919608127,79.53246207851225,1.853004019125691e-08,1.551022240432073e-08,8.359074759547602e-10,57.926064797956776,58.15548176233591,116.08154656029268,0.028473389015988806,4.198567893112939e-12,4.955027222853992e-16,1.499311978704981e-13,20.467537922753483,79.53246207722395,1.8855100082790745e-08,1.2689922499363638e-08,7.577996766367241e-10,57.92606479836946,58.15548176227246,116.08154656064193,0.028473388263755218,2.2772630454265513e-11,4.951787559520215e-16,-7.593253705016925e-11,20.46753793760171,79.5324620699799,3.854793022246347e-08,1.307347606047204e-08,1.1631628862634306e-09,57.926064799390055,58.15548176329594,116.08154656268599,0.02847338939155236,4.829641096585306e-12,7.59329811393791e-11
10,core,2.5,1.0,0,5.0,2.0,premium_down_persistent,3.5830227673727677e-12,1.9667356686292603e-06,1.0025680417087816e-10,0.05950060226456344,0.058619291279036645,optimal,432,2.302047441560262e-13,4.964887415990233,0,1.0652139238764066e-11,13.494257294511277,86.50086384738869,13.941682513424752,6.968401773759498,0.48788570348127996,51.85227518020907,52.56571648536752,104.41799166557658,0.06583994721778164,1.6164090833885216e-12,4.506825143114901e-16,1.8892878350640872e-11,11.618319430905972,88.37548920993416,17.69224563614784,8.843027144498175,0.619135727057902,51.8182587982226,52.65923346961854,104.47749226784114,0.02262909567849425,3.225502597660305e-11,4.529932201915998e-16,5.693535563733201e-11,20.464856063384868,79.53246206777703,13.409315699859864,1.5285679502056428e-08,0.2681863144557677,51.79365588893003,52.29685271810288,104.09050860703292,0.09925622409172581,3.2693277440462836e-13,4.54399294884042e-16
11,core,2.5,1.0,0,5.0,2.0,premium_up_persistent,3.5830227673727677e-12,1.9667356686292603e-06,1.0025680417087816e-10,0.03577015523848104,0.46985326935339344,optimal,432,5.31422128524639e-13,4.957292333245277,0,3.1417120058383104e-11,27.43784519028205,72.55727315064803,13.945496230027715,6.975188940686322,0.48816559282114397,64.93973764024584,65.71107241059852,130.65081005084437,0.05230285294991681,1.7300381098409381e-12,4.729967502739574e-16,2.4613727295761962e-11,28.85212341677959,71.14200443483112,16.77504316715671,8.390457648276946,0.5872145927914426,64.92039444991414,65.7661857561687,130.68658020608285,0.04104273582037912,4.930954464730554e-11,5.269290320915332e-16,2.4578442437828288e-11,20.467537932954457,79.53246206457146,5.340826622295984e-08,1.8481919860497575e-08,1.622622920274124e-09,64.46988437089244,65.26204018865013,129.73192455954256,0.4617527797939385,6.826579300217746e-13,3.4101513820305557e-16
12,core,2.5,1.0,0,5.0,2.0,premium_down_reverting,3.5830227673727677e-12,1.9667356686292603e-06,1.0025680417087816e-10,0.014687108057671594,0.058619291279036645,optimal,432,5.408035130827216e-13,4.884234041906893,0,1.0652139238764066e-11,13.494257294511277,86.50086384738869,13.941682513424752,6.968401773759498,0.48788570348127996,51.85227518020907,53.58179306857227,105.43406824878133,0.02360898535717247,-1.4607998356383435e-11,4.506825143114901e-16,1.5092290020805518e-11,12.59856368973522,87.39593077955446,15.732442941630111,7.863468709164499,0.5505529201075372,51.84452038865828,53.60423496818073,105.448755356839,0.018669581794770865,2.960997654612987e-11,5.258651587097818e-16,5.693535563733201e-11,20.464856063384868,79.53246206777703,13.409315699859864,1.5285679502056428e-08,0.2681863144557677,51.79365588893003,53.32813268296993,105.12178857189997,0.03580147743688124,-1.0140246499001145e-12,4.54399294884042e-16
13,core,2.5,1.0,0,5.0,2.0,premium_up_reverting,3.5830227673727677e-12,1.9667356686292603e-06,1.0025680417087816e-10,0.003323494795466786,0.46985326935339344,optimal,432,1.612217304103325e-13,4.917686040978879,0,3.1417120058383104e-11,27.43784519028205,72.55727315064803,13.945496230027715,6.975188940686322,0.48816559282114397,64.93973764024584,64.08649312187255,129.0262307621184,0.03697402099220247,1.73849051595406e-12,4.729967502739574e-16,1.3135613588868573e-11,27.859689512653574,72.13513339136387,14.789480307385974,7.397328691707242,0.5177094668989367,64.93801671295302,64.09153754396084,129.02955425691385,0.0370398627974638,3.335922244142959e-11,5.649845283457744e-16,2.4578442437828288e-11,20.467537932954457,79.53246206457146,5.340826622295984e-08,1.8481919860497575e-08,1.622622920274124e-09,64.46988437089244,63.70915333857491,128.17903770946737,0.31960882994049,6.611640827381728e-13,5.630597431280869e-16
14,core,2.5,1.0,0,5.0,2.0,alpha_up,3.5830227673727677e-12,1.9667356686292603e-06,1.0025680417087816e-10,0.04607402143956563,-1.5452528145942779e-09,optimal,432,3.7771175076528607e-13,4.88376974966377,0,2.8445172940715802e-11,20.467537893210984,79.53246210391025,8.250557868992294e-08,5.9128257553549495e-08,3.4239593004049434e-09,58.85455090687126,59.105951328473246,117.9605022353445,0.03793475594143247,2.069703417373988e-12,5.173070201087266e-16,1.2014288239129475e-11,17.124187273054137,82.87347354987209,6.6843621307980365,3.3410114872638665,0.2339175872338768,58.764444407241925,59.24213184954215,118.00657625678407,0.03672069532263913,2.7150721293889724e-11,5.453333639694746e-16,-6.264821298073944e-11,20.46753794216762,79.5324620640826,4.455010388877852e-08,1.8970790785990427e-08,1.4601258013552834e-09,58.85455090841651,59.105951326952464,117.96050223536898,0.03793475799058485,5.158824288706201e-12,6.264865706994929e-11
15,core,2.5,1.0,0,5.0,2.0,alpha_down,3.5830227673727677e-12,1.9667356686292603e-06,1.0025680417087816e-10,0.058713249731056294,-7.417568781420414e-10,optimal,432,5.184012941139571e-13,4.935707458760589,0,1.1519206456087277e-11,20.46753792742391,79.5324620714155,2.3901333035455923e-08,1.3023688333451318e-08,8.68737310712658e-10,56.99757868865,57.22159282889633,114.21917151754633,0.041116809553067096,2.5091785220724793e-12,4.676474233470872e-16,3.351861583428262e-11,24.254390344762314,75.7429575291216,7.576356990024418,3.789504554054316,0.26521227642211787,56.89202383696194,57.385860930315445,114.27788476727738,0.03473797968847436,5.316510662836888e-11,3.4954678040932663e-16,-1.1200242198543897e-11,20.467537922757636,79.53246207835863,1.170294041754462e-08,4.694750310591682e-09,3.749013176686429e-10,56.99757868939176,57.22159282879232,114.21917151818408,0.041116808680221675,3.852980218285184e-12,1.1200686287753747e-11
16,core,2.5,1.0,0,5.0,2.0,anticipated_down,3.5830227673727677e-12,1.9667356686292603e-06,1.0025680417087816e-10,-1.89874072020757e-09,-1.4332783848658437e-09,optimal,432,2.5869757724894527e-13,4.8942362498492,0,1.8712638448964524e-11,20.467537919608127,79.53246207851225,1.853004019125691e-08,1.551022240432073e-08,8.359074759547602e-10,57.926064797956776,52.12103116568166,110.04709596363844,0.5237308327857247,-6.294721552812729e-13,6.147203023397573e-16,2.7206215957289452e-11,20.46753790860492,79.53246208867004,1.3600045855654696e-08,5.616660764631254e-09,4.405007400520316e-10,57.92606479819724,52.12103116354247,110.0470959617397,0.5237307790316849,3.556619778609738e-11,4.653949647840621e-16,-7.593253705016925e-11,20.46753793760171,79.5324620699799,3.854793022246347e-08,1.307347606047204e-08,1.1631628862634306e-09,57.926064799390055,52.12103116764217,110.04709596703222,0.5237308324982407,-6.223205138060697e-13,7.59329811393791e-11
17,core,2.5,1.0,0,5.0,2.0,anticipated_up,3.5830227673727677e-12,1.9667356686292603e-06,1.0025680417087816e-10,-1.101184921026288e-09,-1.4332783848658437e-09,optimal,432,1.9075192814188568e-13,4.926982083357871,0,1.8712638448964524e-11,20.467537919608127,79.53246207851225,1.853004019125691e-08,1.551022240432073e-08,8.359074759547602e-10,57.926064797956776,65.2418747785904,123.16793957654718,0.46585737282437584,1.5926210410145344e-11,4.955027222853992e-16,2.91990241165801e-11,20.467537943986922,79.53246205306972,7.232957131856129e-08,2.998367402622714e-08,2.3461016471580404e-09,57.926064796518475,65.24187477892752,123.167939575446,0.46585739996344583,3.895679873795136e-11,3.806135434087696e-16,-7.593253705016925e-11,20.46753793760171,79.5324620699799,3.854793022246347e-08,1.307347606047204e-08,1.1631628862634306e-09,57.926064799390055,65.24187478007326,123.16793957946331,0.4658573715028622,1.3735372214607189e-11,7.59329811393791e-11
18,core,2.5,2.0,0,5.0,2.0,unchanged,3.596012376760882e-12,7.548234667031917e-07,1.0130086709472276e-10,-4.039335976813163e-09,-1.4506085221910325e-09,optimal,432,5.028980704091524e-13,4.943236416671425,0,1.8790668969715873e-11,20.44863463025799,79.55136536785452,1.8732298506564333e-08,1.5542644611346057e-08,8.409253084716685e-10,57.684772453454904,58.52893506937047,116.21370752282537,0.3522783076176622,-1.292174104262217e-13,5.883671449486833e-16,-1.8715851954756588e-11,20.448634674783587,79.55136532705427,1.0037975269433385e-07,4.551779347127111e-08,3.3731288580248104e-09,57.684772452183786,58.52893506660226,116.21370751878604,0.35227838852742765,3.2413417110944975e-11,5.098389792257959e-16,-2.0669008737562473e-11,20.448634629329707,79.55136537273401,9.180639237464102e-09,4.461219192882464e-09,3.1744936053575596e-10,57.68477245490551,58.52893506942463,116.21370752433015,0.3522783077961848,-3.8684479881576084e-13,2.0669452826772323e-11
19,core,2.5,2.0,0,5.0,2.0,premium_down_persistent,3.596012376760882e-12,7.548234667031917e-07,1.0130086709472276e-10,0.027314439404847235,0.05494232030024193,optimal,432,3.7667265140317596e-13,4.976188249886036,0,1.0447537922135021e-11,13.528223629026858,86.46693450313207,13.835980272429483,6.915569139457664,0.48418667963231965,51.67154394915219,53.016175054386004,104.68771900353819,0.40304088220412837,-7.312246983871019e-11,5.489180074022548e-16,9.38328616737795e-12,12.212808829986392,87.78142897210606,16.465889423547605,8.230063615031339,0.5762196969218922,51.654690604646866,53.06034283829617,104.71503344294304,0.3688609041277972,2.0321503431831173e-11,5.693416658264505e-16,5.7140124348000225e-11,20.445962365730406,79.55136535708507,13.361357329194288,1.54958932890317e-08,0.26722714704876255,51.616601628851946,52.81341924018468,104.43002086903662,0.47975481428807926,-1.9651798692168912e-11,4.979842222179592e-16
20,core,2.5,2.0,0,5.0,2.0,premium_up_persistent,3.596012376760882e-12,7.548234667031917e-07,1.0130086709472276e-10,0.025647852466534005,0.4662952941494183,optimal,432,1.907588670357896e-13,4.936347000300884,0,3.196490071737763e-11,27.36609218922961,72.62906316495037,13.83975979367287,6.9223022159959156,0.4844642623533349,64.63076706764673,66.04788515396231,130.67865222160904,0.3767590874833096,1.1410847690089202e-12,4.696153947485182e-16,2.5318769785809617e-11,28.629705158619,71.36456522466524,16.367870697441514,8.186800147952079,0.5729614183873927,64.61520754890076,66.08909252517482,130.70430007407558,0.34460773561307895,3.5927093331583615e-11,5.7779844277183745e-16,2.5299381696539232e-11,20.448634643641682,79.551365353812,5.377988955584822e-08,1.8760065728977857e-08,1.6383997629863e-09,64.16447177349731,65.6514556851151,129.8159274586124,0.7797852428137944,-3.883426525773566e-12,5.075898008652614e-16
21,core,2.5,2.0,0,5.0,2.0,premium_down_reverting,3.596012376760882e-12,7.548234667031917e-07,1.0130086709472276e-10,0.004227198564620949,0.05494232030024193,optimal,432,3.360332845314673e-13,4.942572082858533,0,1.0447537922135021e-11,13.528223629026858,86.46693450313207,13.835980272429483,6.915569139457664,0.48418667963231965,51.67154394915219,53.99018512128822,105.6617290704404,0.3552516457544493,-2.7139007682241895e-11,5.613050172229017e-16,3.846072020433945e-12,13.019583170819013,86.9752190916351,14.852905205087325,7.423853734194115,0.51977371612757,51.66902405481427,53.99693221419074,105.66595626900502,0.34986183462721027,1.2983869513392976e-11,4.815077373279686e-16,5.7140124348000225e-11,20.445962365730406,79.55136535708507,13.361357329194288,1.54958932890317e-08,0.26722714704876255,51.616601628851946,53.80340174362079,105.42000337247273,0.41798753702073854,-8.504618111636851e-12,4.979842222179592e-16
22,core,2.5,2.0,0,5.0,2.0,premium_up_reverting,3.596012376760882e-12,7.548234667031917e-07,1.0130086709472276e-10,0.003386194234053619,0.4662952941494183,optimal,432,1.968841756294637e-13,4.962054749950767,0,3.196490071737763e-11,27.36609218922961,72.62906316495037,13.83975979367287,6.9223022159959156,0.4844642623533349,64.63076706764673,64.42070771627243,129.05147478391916,0.3375703250340783,-2.747681635331602e-13,4.696153947485182e-16,3.710823891277335e-11,27.824692784487432,72.17014138817454,14.75728215931471,7.381223984432451,0.5165823627192677,64.62871761845724,64.42614335969597,129.05486097815322,0.33388881393772024,4.616421204724566e-11,5.215961126556201e-16,2.5299381696539232e-11,20.448634643641682,79.551365353812,5.377988955584822e-08,1.8760065728977857e-08,1.6383997629863e-09,64.16447177349731,64.09679473312114,128.26126650661845,0.6545311665379173,-5.559220415279377e-13,5.075898008652614e-16
23,core,2.5,2.0,0,5.0,2.0,alpha_up,3.596012376760882e-12,7.548234667031917e-07,1.0130086709472276e-10,0.03692068943126969,-1.6533618918401771e-09,optimal,432,3.634991613266081e-13,5.0124875833280385,0,2.8773922375896617e-11,20.448634603825028,79.55136539326334,8.241028204253828e-08,5.91669721851197e-08,3.423214806404357e-09,58.605211344579644,59.49258515725487,118.09779650183452,0.3913931471211408,6.890198589633301e-13,4.942912913594994e-16,1.9522693103644255e-11,17.357971941465212,82.63986567388007,6.179163016258158,3.0885003306550356,0.21623827024481423,58.52335441765429,59.611362773611496,118.13471719126579,0.36322859015988884,3.0328916244756754e-11,5.314386355027151e-16,-2.4379093135413713e-11,20.448634637026828,79.551365365405,1.9647326152745248e-08,7.167057003802539e-09,6.079582331689812e-10,58.605211346233006,59.49258515490173,118.09779650113474,0.39139314734429853,4.1812847672087483e-13,2.4379537224623563e-11
24,core,2.5,2.0,0,5.0,2.0,alpha_down,3.596012376760882e-12,7.548234667031917e-07,1.0130086709472276e-10,0.038620662035768305,-1.890782641567057e-09,optimal,432,4.791531754699818e-13,4.857198415789753,0,1.1212150132296472e-11,20.448634637931907,79.55136536093814,2.401556135610989e-08,1.3151990871401089e-08,8.748709532642305e-10,56.764333561945435,57.62799289363093,114.39232645557637,0.3962849781358363,8.818483730787044e-15,4.51895816866004e-16,2.7543147948348333e-11,23.664854997455496,76.33289251928814,6.434693230175897,3.2184728533775164,0.22524805020484345,56.67825681530612,57.75269030230602,114.43094711761213,0.3645467801955168,4.248476749438637e-11,5.13108842524132e-16,-8.006110376166306e-11,20.448634645052,79.55136536294569,2.7610021498859436e-08,9.626359898643202e-09,8.409912269364847e-10,56.76433356383622,57.62799289507561,114.39232645891182,0.39628497769668886,-2.740661735371134e-13,8.006154785087291e-11
25,core,2.5,2.0,0,5.0,2.0,anticipated_down,3.596012376760882e-12,7.548234667031917e-07,1.0130086709472276e-10,-2.96206792427256e-09,-1.4506085221910325e-09,optimal,432,4.328482017257329e-13,4.864094082731754,0,1.8790668969715873e-11,20.44863463025799,79.55136536785452,1.8732298506564333e-08,1.5542644611346057e-08,8.409253084716685e-10,57.684772453454904,52.69133168314625,110.37610413660116,0.7949952354403439,-3.3049909651475945e-12,3.6632254002365196e-16,2.4389003721557848e-11,20.44863462220541,79.55136537535321,8.254841804280962e-09,2.781142407532994e-09,2.485311083116091e-10,57.68477245391094,52.69133167972815,110.37610413363909,0.7949953762431797,3.445835619880072e-11,7.345396170342115e-16,-2.0669008737562473e-11,20.448634629329707,79.55136537273401,9.180639237464102e-09,4.461219192882464e-09,3.1744936053575596e-10,57.68477245490551,52.69133168349014,110.37610413839565,0.794995237926001,-3.394117872499401e-12,2.0669452826772323e-11
26,core,2.5,2.0,0,5.0,2.0,anticipated_up,3.596012376760882e-12,7.548234667031917e-07,1.0130086709472276e-10,4.128253294766182e-10,-1.4506085221910325e-09,optimal,432,2.9602882645196615e-13,4.885323750320822,0,1.8790668969715873e-11,20.44863463025799,79.55136536785452,1.8732298506564333e-08,1.5542644611346057e-08,8.409253084716685e-10,57.684772453454904,65.63182789894093,123.31660035239582,0.7834098544404879,8.134642590605645e-13,3.6632254002365196e-16,9.689317828947033e-12,20.4486346431196,79.55136535589654,4.968264931593626e-08,1.6675533138305207e-08,1.4939189804678814e-09,57.68477245342023,65.63182789938843,123.31660035280865,0.7834098653896193,1.8977677444792637e-11,4.01493043292238e-16,-2.0669008737562473e-11,20.448634629329707,79.55136537273401,9.180639237464102e-09,4.461219192882464e-09,3.1744936053575596e-10,57.68477245490551,65.63182789913095,123.31660035403647,0.783409853333211,6.011036774670325e-12,2.0669452826772323e-11
27,core,2.0,1.0,0,5.0,2.0,unchanged,9.82880443700651e-13,2.431111010003928e-07,2.5564300676350626e-11,-4.4866510506835766e-10,-6.285461040533846e-11,optimal,432,1.2070726362889417e-13,4.909854916855693,0,4.460268613335648e-12,22.848705007626414,77.15129499192514,6.7972178024546224e-09,3.534066234738738e-09,2.419663430912546e-10,65.13529006908857,65.42341816109543,130.55870823018398,0.028276157090226635,-2.742640477513875e-13,5.02723416394429e-16,9.451970664435113e-12,22.84870500826435,77.15129499078867,4.664784938888251e-09,2.8440665391884125e-09,1.7861769495341737e-10,65.13529006910356,65.42341816063175,130.55870822973532,0.028276157106653835,1.4114990372262465e-11,4.681672234695321e-16,3.22382740561502e-13,22.848705013854715,77.15129498611,8.694174479661438e-09,4.315579108988076e-09,3.033508628628711e-10,65.13529006915142,65.42341816104809,130.5587082301995,0.028276157113515523,-5.075343390278984e-13,4.701149994935465e-16
28,core,2.0,1.0,0,5.0,2.0,premium_down_persistent,9.82880443700651e-13,2.431111010003928e-07,2.5564300676350626e-11,0.07391201086053911,0.15630480839126903,optimal,432,2.199958964999027e-13,4.955886249896139,0,2.8619711039002543e-12,14.148329812150253,85.84558296851364,17.394663272192556,8.694287984874084,0.6087219049900738,56.98098777881066,57.86729789290597,114.84828567171662,0.08087691972761611,2.8304278269879085e-12,4.822802313758645e-16,7.734046557480653e-12,11.820749742035712,88.17153454635796,22.04819482634287,11.020239558902459,0.7715710832939311,56.93909391039452,57.983103772182645,114.92219768257716,0.026010340195207367,1.3887237354384354e-11,4.550125467378541e-16,1.092154093399779e-11,22.845643002032844,77.15129498805634,15.310044089785787,2.406482032413041e-09,0.3062008818679102,56.82468297041939,57.43426160549469,114.25894457591409,0.1677345552645263,-2.172115160737546e-12,4.990853650493898e-16
29,core,2.0,1.0,0,5.0,2.0,premium_up_persistent,9.82880443700651e-13,2.431111010003928e-07,2.5564300676350626e-11,0.0719682448467438,0.29771660982274284,optimal,432,9.9328531510956e-14,4.957848832942545,0,9.656369874175806e-12,29.761141927677347,70.23401694494412,13.82971497674709,6.917278058492311,0.48411264128971115,74.17266108758098,75.0485491173732,149.22121020495416,0.05848774790577177,2.0494908216563046e-12,5.720386187305082e-16,1.1242531401276998e-11,32.40618370663839,67.58712271035725,19.12165098048645,9.564172280078852,0.6693581880120946,74.13412597377038,75.15905247603051,149.2931784498009,0.04113234339953193,1.330655563221237e-11,4.751244970374602e-16,3.6194027321034584e-11,22.848705020616414,77.15129497575393,2.9363419834957547e-08,1.4671681727261865e-08,1.027418848517007e-09,73.87494447775823,74.61315913451452,148.48810361227277,0.4600700206057228,-4.296334745216776e-14,5.75549375069328e-16
30,core,2.0,1.0,0,5.0,2.0,premium_down_reverting,9.82880443700651e-13,2.431111010003928e-07,2.5564300676350626e-11,0.017810621819307926,0.15630480839126903,optimal,432,4.426251032363382e-13,4.941336709074676,0,2.8619711039002543e-12,14.148329812150253,85.84558296851364,17.394663272192556,8.694287984874084,0.6087219049900738,56.98098777881066,59.25070789255948,116.23169567137015,0.027117986989345463,-3.0084379794612743e-12,4.822802313758645e-16,7.902277695593686e-12,13.044506383339622,86.94863410658529,19.60153774544392,9.797339119307418,0.6859509284881009,56.971565838282864,59.277940454906584,116.24950629318946,0.020788368678956403,1.7991002710228497e-11,5.118382931032506e-16,1.092154093399779e-11,22.845643002032844,77.15129498805634,15.310044089785787,2.406482032413041e-09,0.3062008818679102,56.82468297041939,58.850264449263264,115.67494741968265,0.05940965961997407,-7.115978650513305e-12,4.990853650493898e-16
31,core,2.0,1.0,0,5.0,2.0,premium_up_reverting,9.82880443700651e-13,2.431111010003928e-07,2.5564300676350626e-11,0.02227758856142259,0.29771660982274284,optimal,432,1.0516934545456991e-13,5.033987167291343,0,9.656369874175806e-12,29.761141927677347,70.23401694494412,13.82971497674709,6.917278058492311,0.48411264128971115,74.17266108758098,73.04348832942209,147.21614941700307,0.03772716121037242,1.375386726032565e-12,5.720386187305082e-16,1.1413622529195776e-11,31.160791231552587,68.8333873962639,16.629993819492455,8.31790759417268,0.5821371042150295,74.1611334064184,73.07729359914609,147.2384270055645,0.03558271381371513,1.3611462028025392e-11,3.583423705336153e-16,3.6194027321034584e-11,22.848705020616414,77.15129497575393,2.9363419834957547e-08,1.4671681727261865e-08,1.027418848517007e-09,73.87494447775823,72.67408002095975,146.54902449871798,0.29686379764071547,1.2763101935996807e-13,3.535047701442967e-16
32,core,2.0,1.0,0,5.0,2.0,alpha_up,9.82880443700651e-13,2.431111010003928e-07,2.5564300676350626e-11,0.05805313948314961,-2.972910806420259e-10,optimal,432,3.9925354688996606e-13,5.033706583082676,0,5.0424231626088934e-12,22.848704999687797,77.1512949997992,2.487141249233675e-08,1.264488549744441e-08,8.767748147700674e-10,66.33125309113714,66.64655704715747,132.97781013829461,0.04105929234548557,8.971705852477377e-13,4.563185762075312e-16,1.0854118009251271e-11,18.652126337383393,81.34493752452777,8.39022121013091,4.1936425380381825,0.2936137003437637,66.2178996284204,66.81796364935735,133.03586327777776,0.039079891070741654,1.870492603579625e-11,5.777205157406901e-16,-4.790435577619232e-13,22.848705013849482,77.15129498619544,8.603518827373502e-09,4.230158089209742e-09,2.989751192237623e-10,66.33125309143443,66.64655704669971,132.97781013813415,0.04105929239063155,1.0623839386880188e-12,4.794876469717732e-13
33,core,2.0,1.0,0,5.0,2.0,alpha_down,9.82880443700651e-13,2.431111010003928e-07,2.5564300676350626e-11,0.07327976261117897,-2.5709567808007705e-10,optimal,432,7.304660348816938e-13,5.0629030000418425,0,2.3729223843806948e-12,22.848705018192803,77.15129498155999,2.5096435051732797e-08,1.6379754568439933e-08,9.93321338087854e-10,63.939327046620036,64.21933861851423,128.15866566513427,0.04412354769753928,1.2271760916805553e-12,5.123976629648957e-16,8.677639878364174e-12,27.579215890357645,72.41747109464791,9.464334783684524,4.733823899837921,0.3313014126688281,63.80734140577993,64.42460402196552,128.23194542774544,0.03601016616483212,2.1716680648995465e-11,5.808071038004847e-16,6.620802255203308e-13,22.848705013955552,77.15129498597513,8.929907676097647e-09,4.4504743890657766e-09,3.1211238519392623e-10,63.93932704687713,64.21933861798617,128.1586656648633,0.04412354768064041,5.876430032597609e-13,3.873028437375079e-16
34,core,2.0,1.0,0,5.0,2.0,anticipated_down,9.82880443700651e-13,2.431111010003928e-07,2.5564300676350626e-11,-4.998796043764742e-09,-6.285461040533846e-11,optimal,432,5.762491178673557e-13,5.0532650840468705,0,4.460268613335648e-12,22.848705007626414,77.15129499192514,6.7972178024546224e-09,3.534066234738738e-09,2.419663430912546e-10,65.13529006908857,57.314854784969796,122.45014485405837,0.6606613268836259,-1.0652046390097716e-13,5.02723416394429e-16,1.136239247737441e-11,22.848705007227586,77.15129499163325,7.191684753940814e-09,4.943147784128714e-09,2.921281286026777e-10,65.13529006893015,57.31485478012942,122.45014484905957,0.6606612225950094,2.8131568750835317e-11,5.92087965482656e-16,3.22382740561502e-13,22.848705013854715,77.15129498611,8.694174479661438e-09,4.315579108988076e-09,3.033508628628711e-10,65.13529006915142,57.31485478468003,122.45014485383146,0.6606613270522855,2.6299189127330715e-13,4.701149994935465e-16
35,core,2.0,1.0,0,5.0,2.0,anticipated_up,9.82880443700651e-13,2.431111010003928e-07,2.5564300676350626e-11,-2.2116637410363182e-09,-6.285461040533846e-11,optimal,432,5.274634895524599e-13,5.154633124824613,0,4.460268613335648e-12,22.848705007626414,77.15129499192514,6.7972178024546224e-09,3.534066234738738e-09,2.419663430912546e-10,65.13529006908857,74.57962314439476,139.71491321348333,0.46489406619281887,2.2772071636137023e-12,5.02723416394429e-16,1.1416833673754182e-11,22.848705516184996,77.15129448231731,1.0178116852324387e-06,5.081792712495284e-07,3.560161184213463e-08,65.13529003362673,74.57962317764493,139.71491321127166,0.4648940368227337,2.1736939667931637e-11,4.778668860032131e-16,3.22382740561502e-13,22.848705013854715,77.15129498611,8.694174479661438e-09,4.315579108988076e-09,3.033508628628711e-10,65.13529006915142,74.57962314474189,139.7149132138933,0.46489406635284436,2.8873419903900285e-13,4.701149994935465e-16
36,core,3.0,1.0,0,5.0,2.0,unchanged,3.2518432391270835e-13,3.069904066677065e-06,1.6739652190002367e-11,-2.1235990743662114e-09,5.70040015190898e-10,optimal,432,2.1707635688983373e-13,4.995833250228316,0,3.402907878005672e-12,18.877887412553694,81.12211258710383,5.901958458055873e-09,3.418290736361271e-09,2.2058789125195558e-10,52.364102300430694,52.544596431840866,104.90869873227156,0.020333209233050098,-4.23787865969276e-12,5.183967394171664e-16,1.1191821041635516e-11,18.877887412172605,81.12211258670652,4.017142310734578e-09,2.9745032706339776e-09,1.6957794433371092e-10,52.364102300348726,52.54459642979924,104.90869873014796,0.02033321503075182,1.625969958378589e-11,5.509088090128261e-16,2.71933357389219e-12,18.87788741610443,81.12211258361768,2.3158549550423017e-08,4.468190855373476e-09,5.972167166696647e-10,52.364102299860654,52.54459643148381,104.90869873134446,0.02033320955780051,-4.786599692485826e-12,4.907918345186812e-16
37,core,3.0,1.0,0,5.0,2.0,premium_down_persistent,3.2518432391270835e-13,3.069904066677065e-06,1.6739652190002367e-11,0.18444433645242952,4.474422816258539e-06,optimal,432,2.493821121829498e-13,5.008522584103048,0,2.562210002949065e-12,18.762551390437896,81.23499040621849,12.121698707926111,0.11287781941121396,0.24582030874085864,47.6895218822284,48.12265376474869,95.8121756469771,0.045025507199587284,3.882176054421666e-13,4.81395928978931e-16,6.839065582299811e-13,11.512441805089708,88.48240495952773,14.7257380136417,7.36029237148624,0.5153235314174214,47.64979918237507,48.346820801054456,95.99661998342953,0.016367690812577662,7.5479761279222e-12,4.532642707347212e-16,1.4926643701986854e-11,18.875462513744505,81.12211258517476,12.124497936017937,2.9118782265929087e-09,0.24248995880771515,47.68951740780558,48.11930742943121,95.80882483723678,0.04512737889599966,1.7564163031581802e-13,5.269087033007991e-16
38,core,3.0,1.0,0,5.0,2.0,premium_up_persistent,3.2518432391270835e-13,3.069904066677065e-06,1.6739652190002367e-11,0.02973137487916233,0.39172889341573836,optimal,432,1.2056675102734005e-13,4.985549166798592,0,1.1860445263444427e-11,24.687845210256377,75.30808578358746,11.6239846193516,5.81402682080552,0.40690049701119757,57.83403460730456,58.46064027191293,116.2946748792175,0.042159416897615605,8.63029498194179e-13,5.113978359706783e-16,1.3948638942560924e-11,25.86231624696373,74.13279220568279,13.973749219389129,6.989320382430524,0.4891545958606982,57.81802707983353,58.506379174263124,116.32440625409666,0.032012240954543275,1.7588003136412376e-11,4.629949852327786e-16,-6.097414842505292e-12,18.877887417578798,81.12211258302682,1.3042622847157363e-08,5.0590386516672776e-09,4.1262361649316553e-10,57.44230571388882,58.08808158617453,115.53038730006335,0.38603406017870306,1.884833213662662e-13,6.097858931715142e-12
39,core,3.0,1.0,0,5.0,2.0,premium_down_reverting,3.2518432391270835e-13,3.069904066677065e-06,1.6739652190002367e-11,0.14686278305735812,4.474422816258539e-06,optimal,432,1.0907594272246968e-13,5.032922415994108,0,2.562210002949065e-12,18.762551390437896,81.23499040621849,12.121698707926111,0.11287781941121396,0.24582030874085864,47.6895218822284,48.893602325939725,96.58312420816813,0.018212592740268384,-2.6962903989121204e-12,4.81395928978931e-16,1.3598091836569681e-12,12.318054180267792,87.6773562311263,13.11507688509049,6.555243643081596,0.4589588469942577,47.67129548132255,49.058691509902935,96.72998699122549,0.01353745193186258,3.5362852376192785e-12,4.521123059264553e-16,1.4926643701986854e-11,18.875462513744505,81.12211258517476,12.124497936017937,2.9118782265929087e-09,0.24248995880771515,47.68951740780558,48.89031072532064,96.57982813312623,0.018206252575733283,-3.4458154642259707e-12,5.269087033007991e-16
40,core,3.0,1.0,0,5.0,2.0,premium_up_reverting,3.2518432391270835e-13,3.069904066677065e-06,1.6739652190002367e-11,0.0026478612082740938,0.39172889341573836,optimal,432,4.630670846772489e-14,4.927696291357279,0,1.1860445263444427e-11,24.687845210256377,75.30808578358746,11.6239846193516,5.81402682080552,0.40690049701119757,57.83403460730456,57.18067491896176,115.01470952626633,0.02809143639128046,-5.8734641326091854e-12,5.113978359706783e-16,1.1482115178627645e-11,25.031293272271217,74.9643971877079,12.311121262793769,6.1577154003916545,0.4309538872676251,57.832665739851414,57.18469164762319,115.0173573874746,0.027741494057949834,1.4982695707471856e-11,4.774758604990381e-16,-6.097414842505292e-12,18.877887417578798,81.12211258302682,1.3042622847157363e-08,5.0590386516672776e-09,4.1262361649316553e-10,57.44230571388882,56.86767056273896,114.30997627662778,0.2672713643549545,1.5450372914654203e-13,6.097858931715142e-12
41,core,3.0,1.0,0,5.0,2.0,alpha_up,3.2518432391270835e-13,3.069904066677065e-06,1.6739652190002367e-11,0.0384662138701799,5.168274697098241e-10,optimal,432,8.808752338662629e-14,4.9688737080432475,0,4.726962704519595e-12,18.877887405259784,81.12211259425948,2.0304748694014802e-08,1.3269966911624904e-08,8.041939812290432e-10,53.114340210300455,53.31261550038639,106.42695571068685,0.028265992325736653,7.070553170945091e-13,5.889789392464404e-16,8.609120815056878e-12,16.089060175995655,83.90898861967733,5.575703273771912,2.7868760378859405,0.1951203466120164,53.039248840347376,53.426173084209665,106.46542192455703,0.027056561983940887,1.3159728677863275e-11,4.5148211341369815e-16,4.483250674183949e-12,18.87788741569346,81.12211258385233,2.3067214511744805e-08,4.233524332814405e-09,5.883500202193283e-10,53.11434020978363,53.31261549924622,106.42695570902984,0.028265993525455498,1.2036556308408185e-12,3.921453524915753e-16
42,core,3.0,1.0,0,5.0,2.0,alpha_down,3.2518432391270835e-13,3.069904066677065e-06,1.6739652190002367e-11,0.04856629371715826,-9.160103786598484e-10,optimal,432,1.6077764120048244e-13,4.9901623339392245,0,6.468908037925601e-12,18.877887441341702,81.12211255797814,8.421282788940993e-08,5.4752752308053403e-08,3.3268391270298005e-09,51.613864388995815,51.79094119230832,103.40480558130413,0.03055765243651889,2.0476067968676134e-12,5.266518545141781e-16,1.5742888716003146e-11,22.022323719034336,77.97547407287203,6.291074823678268,3.1466385153652228,0.2202206519345221,51.52640247900592,51.92696939601537,103.45337187502129,0.02612007405191921,2.0267662446612784e-11,5.178623914241232e-16,2.385631882901233e-12,18.877887416207393,81.12211258354802,2.3362663807434105e-08,4.537845245309355e-09,6.033886335079627e-10,51.613864389911825,51.79094119038633,103.40480558029816,0.030557653759640546,3.5718731574915785e-13,4.59441623153514e-16
43,core,3.0,1.0,0,5.0,2.0,anticipated_down,3.2518432391270835e-13,3.069904066677065e-06,1.6739652190002367e-11,-2.0319248505984433e-09,5.70040015190898e-10,optimal,432,2.6720986534556346e-13,5.0495481248945,0,3.402907878005672e-12,18.877887412553694,81.12211258710383,5.901958458055873e-09,3.418290736361271e-09,2.2058789125195558e-10,52.364102300430694,47.91304547866714,100.27714777909783,0.29923727793658184,6.574497958306176e-13,5.183967394171664e-16,6.602222498952838e-12,18.87788740682322,81.12211259250854,1.908744239684175e-08,1.4029035391924349e-08,8.026199096945655e-10,52.36410229984088,47.913045477225026,100.2771477770659,0.2992373267927402,1.9585836745011603e-11,4.958730978928193e-16,2.71933357389219e-12,18.87788741610443,81.12211258361768,2.3158549550423017e-08,4.468190855373476e-09,5.972167166696647e-10,52.364102299860654,47.9130454788013,100.27714777866196,0.29923728209309897,1.4770576797253077e-13,4.907918345186812e-16
44,core,3.0,1.0,0,5.0,2.0,anticipated_up,3.2518432391270835e-13,3.069904066677065e-06,1.6739652190002367e-11,-2.4716939606150845e-10,5.70040015190898e-10,optimal,432,3.446028185027927e-14,4.880577750038356,0,3.402907878005672e-12,18.877887412553694,81.12211258710383,5.901958458055873e-09,3.418290736361271e-09,2.2058789125195558e-10,52.364102300430694,58.07439147502493,110.43849377545563,0.38961767169400674,4.817633691609445e-12,5.183967394171664e-16,1.5844793210264457e-11,18.877887435865624,81.12211256253194,5.137456164318522e-08,2.557924352782008e-08,1.7948685386983067e-09,52.36410229864277,58.07439147656569,110.43849377520846,0.3896178096888598,1.7110210587235018e-11,5.318417907026132e-16,2.71933357389219e-12,18.87788741610443,81.12211258361768,2.3158549550423017e-08,4.468190855373476e-09,5.972167166696647e-10,52.364102299860654,58.07439147418118,110.43849377404183,0.3896176733425694,8.627005732779035e-12,6.194311901064754e-16
45,core,2.5,1.0,-5,5.0,2.0,unchanged,2.787770014833768e-13,1.4748918578414913e-07,1.1994556142181026e-11,3.7478287140402244e-10,6.016165343680768e-10,optimal,432,4.613670556707916e-14,4.9123072498477995,0,2.670639553432422e-12,78.57312934280145,21.42687065693049,2.5247465914164652e-09,1.6004553922828448e-09,9.850859359681465e-11,54.908027940688775,55.11647995334325,110.02450789403203,0.02444823916230754,-8.439717276682886e-12,3.3499921077954393e-16,4.3381952264531365e-12,78.57312934252643,21.4268706570381,3.6927629788997365e-09,3.0435003907626026e-09,1.6516027130087282e-10,54.908027940587395,55.11647995381942,110.02450789440681,0.02444825729679891,9.576037852216876e-12,5.563537819752412e-16,1.037132940952372e-11,78.57312934336666,21.426870655590914,2.2724301977165036e-08,2.504040400944669e-09,5.296072515716408e-10,54.90802794008716,55.11647995332385,110.024507893411,0.024448239045787436,-8.164144065922886e-12,3.740865244921956e-16
46,core,2.5,1.0,-5,5.0,2.0,premium_down_persistent,2.787770014833768e-13,1.4748918578414913e-07,1.1994556142181026e-11,0.02184282740122967,6.809059982515464e-10,optimal,432,9.667960876313941e-14,4.908329167403281,0,1.6952402006578833e-12,78.56963456666179,21.426870656749404,17.473882093315463,2.053435671362195e-09,0.3494776419279123,48.56536778286685,49.11261556632289,97.67798334918973,0.03997025312231781,-1.4904251013832812e-12,3.737312651193314e-16,7.338833391630408e-12,78.56916139209633,21.426870655801938,19.839756835685044,2.3338140367790208e-09,0.3967951367837153,48.55256082990701,49.14726534668396,97.69982617659096,0.0198910598894296,1.0583141388389268e-11,4.069349566517e-16,1.4210381867529528e-11,78.56963456650752,21.426870655647026,17.47388211836754,2.4544135001938124e-09,0.3494776424409833,48.565367782185945,49.112615566538565,97.67798334872451,0.03997025244012554,-1.4893192558249274e-12,4.728476724752406e-16
47,core,2.5,1.0,-5,5.0,2.0,premium_up_persistent,2.787770014833768e-13,1.4748918578414913e-07,1.1994556142181026e-11,0.009007729193527325,4.68105554318754e-11,optimal,432,3.201605647262795e-14,4.968087040819228,0,5.586283328008323e-12,78.56963333224411,21.426870658416142,17.480043900450372,3.4142048463549835e-09,0.34960087811143364,62.647999975226085,63.23204897218841,125.8800489474145,0.03473847372407331,1.6043269007440673e-12,3.589319054649043e-16,8.29361403230193e-12,78.56934298018895,21.42687065559814,18.93181691391594,2.5368485064529165e-09,0.37863633835442423,62.643180519561106,63.245876157046915,125.88905667660802,0.03244116631702313,9.412203079374373e-12,4.700829569354026e-16,1.2490307900914384e-11,78.56963333432857,21.42687065564211,17.4800438977024,2.455140075991014e-09,0.3496008780277023,62.647999975179275,63.23204897228962,125.8800489474689,0.034738473348804116,-3.5322621021703637e-13,3.6725993340230856e-16
48,core,2.5,1.0,-5,5.0,2.0,premium_down_reverting,2.787770014833768e-13,1.4748918578414913e-07,1.1994556142181026e-11,0.000487472023621649,6.809059982515464e-10,optimal,432,4.776214146406943e-14,4.918810833245516,0,1.6952402006578833e-12,78.56963456666179,21.426870656749404,17.473882093315463,2.053435671362195e-09,0.3494776419279123,48.56536778286685,50.17432352555853,98.73969130842538,0.01736295069141884,-1.166305312100866e-11,5.957758700443627e-16,-4.58685308702203e-12,78.56956818967323,21.42687065674119,17.805770219207755,1.3595045432114039e-09,0.3561154044249403,48.56511575684213,50.17506302360687,98.740178780449,0.017228203071033028,5.787125119394165e-12,3.664061241914762e-16,1.4210381867529528e-11,78.56963456650752,21.426870655647026,17.47388211836754,2.4544135001938124e-09,0.3494776424409833,48.565367782185945,50.17432352550674,98.73969130769268,0.017362951953549092,-1.1952057752315925e-11,4.153307472248846e-16
49,core,2.5,1.0,-5,5.0,2.0,premium_up_reverting,2.787770014833768e-13,1.4748918578414913e-07,1.1994556142181026e-11,0.001720764752718651,4.68105554318754e-11,optimal,432,1.2164574902939762e-13,4.965365374926478,0,5.586283328008323e-12,78.56963333224411,21.426870658416142,17.480043900450372,3.4142048463549835e-09,0.34960087811143364,62.647999975226085,61.45232161262836,124.10032158785444,0.03123245127815447,3.6195393160661404e-13,3.589319054649043e-16,8.196429524139591e-12,78.56975799501784,21.426870655644834,16.856742584539983,2.5735087079896893e-09,0.33713485176800495,62.64711159964705,61.45493075296012,124.10204235260716,0.030925942246804925,1.1602766375451695e-11,5.411117517603592e-16,1.2490307900914384e-11,78.56963333432857,21.42687065564211,17.4800438977024,2.455140075991014e-09,0.3496008780277023,62.647999975179275,61.45232161267081,124.10032158785009,0.03123245114341731,-8.27383205893352e-13,3.6725993340230856e-16
50,core,2.5,1.0,-5,5.0,2.0,alpha_up,2.787770014833768e-13,1.4748918578414913e-07,1.1994556142181026e-11,0.05061648454974943,3.6052227869731723e-10,optimal,432,1.7367357552089402e-13,4.95879212487489,0,4.2612429575529985e-12,78.57312933278557,21.426870666779944,2.2171478432846866e-08,1.307988151309439e-08,8.35826014049769e-10,55.197337060928206,55.4146572624725,110.61199432340071,0.03485229099741169,-4.121986442084143e-12,4.591447731273915e-16,5.991780923958641e-12,75.05253675400313,24.945000062176245,7.038721995620841,3.5181294077337415,0.24631832214442909,55.101256539110054,55.561354268840404,110.66261080795046,0.030377582256772926,1.0970671928138467e-11,3.513492665210838e-16,1.0421530509028757e-11,78.57312934332619,21.426870655626374,2.2670259327687183e-08,2.483616692431245e-09,5.279136873266811e-10,55.19733706056768,55.41465726202146,110.61199432258914,0.034852290202067975,-3.962279995590268e-12,3.550677325129078e-16
51,core,2.5,1.0,-5,5.0,2.0,alpha_down,2.787770014833768e-13,1.4748918578414913e-07,1.1994556142181026e-11,0.053873020373742975,3.7114489259693073e-10,optimal,432,1.239442576350669e-13,4.994986708741635,0,3.861383401131178e-12,78.5731293516794,21.42687064792617,2.2483587380854033e-08,1.2681363070835833e-08,8.301126397421557e-10,54.618718819979584,54.82842376765105,109.44714258763064,0.043442958656003894,-5.87606371776927e-12,4.1636772496634376e-16,9.395438281409796e-12,82.25559349320267,17.741827491444116,7.367507318119617,3.6850431667941033,0.2579014413662154,54.516696989544506,54.984318618459874,109.50101560800438,0.027255686752115576,1.2932789418513635e-11,6.012205978293134e-16,1.03269719824837e-11,78.57312934340625,21.42687065555572,2.2792737763258987e-08,2.53923333412378e-09,5.320317552888932e-10,54.61871881960844,54.828423767129,109.44714258673744,0.04344295807057658,-5.657510772388201e-12,3.4354123526814864e-16
52,core,2.5,1.0,-5,5.0,2.0,anticipated_down,2.787770014833768e-13,1.4748918578414913e-07,1.1994556142181026e-11,-2.975440338559565e-09,6.016165343680768e-10,optimal,432,4.637869949197793e-13,4.980305125005543,0,2.670639553432422e-12,78.57312934280145,21.42687065693049,2.5247465914164652e-09,1.6004553922828448e-09,9.850859359681465e-11,54.908027940688775,48.804349964272944,103.71237790496173,0.38002203135262347,-1.314650763874518e-11,3.3499921077954393e-16,5.541563226605855e-12,78.57312934252568,21.426870656918062,6.681637527467309e-09,2.562990437421697e-09,2.1052246367199716e-10,54.90802794050217,48.80434996148411,103.71237790198629,0.3800220356348045,2.0411099849675723e-11,4.480677180012677e-16,1.037132940952372e-11,78.57312934336666,21.426870655590914,2.2724301977165036e-08,2.504040400944669e-09,5.296072515716408e-10,54.90802794008716,48.80434996404257,103.71237790412974,0.3800220315960172,-1.285313536511382e-11,3.740865244921956e-16
53,core,2.5,1.0,-5,5.0,2.0,anticipated_up,2.787770014833768e-13,1.4748918578414913e-07,1.1994556142181026e-11,6.877786518089124e-08,6.016165343680768e-10,optimal,432,6.071532165918825e-14,5.051506000105292,0,2.670639553432422e-12,78.57312934280145,21.42687065693049,2.5247465914164652e-09,1.6004553922828448e-09,9.850859359681465e-11,54.908027940688775,62.88966834785617,117.79769628854496,0.3359782097258793,4.3606611941265645e-13,3.3499921077954393e-16,6.942890672484427e-12,78.57312827615027,21.42687065627632,0.0053343920726479695,2.3095679303326966e-09,0.00010668791073999731,54.90792092975865,62.889775427564174,117.79769635732282,0.33587607950815357,9.121731649641869e-12,4.441235213018713e-16,1.037132940952372e-11,78.57312934336666,21.426870655590914,2.2724301977165036e-08,2.504040400944669e-09,5.296072515716408e-10,54.90802794008716,62.889668348206065,117.79769628829322,0.335978209403566,1.285856729253687e-13,5.140918952079296e-16
54,costs,2.5,1.0,0,0.0,0.0,unchanged,3.5830227673727677e-12,1.9667356686292603e-06,6.982610323280625e-11,5.982841153695517e-05,1.7162733456643764e-09,optimal,432,-1.734723475976807e-18,4.990797458216548,0,2.3676663633146086e-12,20.4675379143829,79.53246208538033,2.0133678532187313e-08,1.5904765968801742e-08,0.0,57.926064799288106,58.27144969439664,116.19751449368474,0.0,1.0412365077888006e-13,4.488302088498106e-16,1.5092244885916458e-14,20.482134263169154,79.51786573682934,0.17811809349159088,0.16352172965933803,0.0,57.926005026878805,58.271569295217475,116.19757432209627,0.0,1.1037804771024026e-12,4.508774588357332e-16,7.686671874061996e-11,20.467537924552214,79.53246206776112,3.732179400811494e-08,1.5293359431476716e-08,0.0,57.92606479757183,58.27144969440841,116.19751449198024,0.0,1.0413705763482567e-13,4.605477224576374e-16
55,costs,2.5,1.0,0,0.0,0.0,premium_down_persistent,3.5830227673727677e-12,1.9667356686292603e-06,6.982610323280625e-11,4.66271872028301e-05,0.3669779722887867,optimal,432,-1.214306433183765e-17,5.040275250095874,0,3.120417013640279e-12,8.88186688460408,91.11813311508388,23.17134207030697,11.58567103832274,0.0,52.47575648274149,52.806365534701534,105.28212201744302,0.0,1.1695268897441648e-13,4.199085810360209e-16,4.250467302429565e-13,8.875602338328646,91.12439766162885,23.18387118583679,11.59193560757713,0.0,52.47570989687978,52.80645874775043,105.28216864463022,0.0,8.725313165862658e-12,4.974456262966375e-16,7.675421583031028e-11,20.467537924563327,79.53246206776124,18.3809289573073,1.5307748774011586e-08,0.0,52.1087785104527,52.80645186225121,104.91523037270392,0.0,1.7395286600052629e-13,5.0133508455729725e-16
56,costs,2.5,1.0,0,0.0,0.0,premium_up_persistent,3.5830227673727677e-12,1.9667356686292603e-06,6.982610323280625e-11,4.929899245098568e-05,1.0935112485058056,optimal,432,1.0408340855860843e-17,4.8108638329431415,0,1.3906643762800513e-11,32.05320897050958,67.94679102809975,23.17134220156557,11.585671147644296,0.0,65.56339561844639,65.9227097097241,131.48610532817048,0.0,1.2729735781347956e-13,4.53932864047591e-16,6.604519085163866e-14,32.06841112235963,67.93158887763376,23.201746427769386,11.600873205419624,0.0,65.5633463876942,65.92280823946874,131.48615462716293,0.0,7.184777033625402e-12,5.68190625870733e-16,7.281493759396944e-11,20.467537925667823,79.53246206705067,4.0185695345034284e-08,1.602059319362332e-08,0.0,64.46988436994059,65.90743832157986,130.37732269152045,0.0,1.055877996214543e-13,3.717437010032048e-16
57,costs,2.5,1.0,0,0.0,0.0,premium_down_reverting,3.5830227673727677e-12,1.9667356686292603e-06,6.982610323280625e-11,4.451773861546826e-05,0.3669779722887867,optimal,432,0.0,4.896382582839578,0,3.120417013640279e-12,8.88186688460408,91.11813311508388,23.17134207030697,11.58567103832274,0.0,52.47575648274149,53.71871496472907,106.19447144747056,0.0,1.1928682261642714e-13,4.682698386641043e-16,2.2698397935450188e-13,8.875697421961116,91.1243025780162,23.183681018461815,11.591840523834627,0.0,52.47571200585029,53.71880395935889,106.19451596520918,0.0,5.54042138488147e-12,4.984823309699437e-16,7.675421583031028e-11,20.467537924563327,79.53246206776124,18.3809289573073,1.5307748774011586e-08,0.0,52.1087785104527,53.7187779450354,105.8275564554881,0.0,1.1506420816154161e-13,5.0133508455729725e-16
58,costs,2.5,1.0,0,0.0,0.0,premium_up_reverting,3.5830227673727677e-12,1.9667356686292603e-06,6.982610323280625e-11,5.81113449698023e-05,1.0935112485058056,optimal,432,-8.673617379884035e-18,4.897845083847642,0,1.3906643762800513e-11,32.05320897050958,67.94679102809975,23.17134220156557,11.585671147644296,0.0,65.56339561844639,64.22678452329477,129.79018014174116,0.0,1.3938837468512747e-13,4.53932864047591e-16,1.8591479508714362e-13,32.074144139113194,67.92585586086821,23.213212460655235,11.606606222185176,0.0,65.56333757889755,64.22690067418858,129.79023825308613,0.0,1.8127747783489305e-11,5.075499747424804e-16,7.281493759396944e-11,20.467537925667823,79.53246206705067,4.0185695345034284e-08,1.602059319362332e-08,0.0,64.46988436994059,64.21023799794793,128.68012236788852,0.0,1.4055472589537954e-13,5.164347186969204e-16
59,costs,2.5,1.0,0,0.0,0.0,alpha_up,3.5830227673727677e-12,1.9667356686292603e-06,6.982610323280625e-11,6.305658070004938e-05,0.3110682736148789,optimal,432,0.0,4.924610415939242,0,3.8337960485271534e-12,7.458930001002735,92.54106999861386,26.03617743684542,13.02756952009601,0.0,59.165619180726445,59.516697873891744,118.68231705461818,0.0,1.1525271574822466e-13,4.701893182871818e-16,4.960806085729556e-14,7.450693193216082,92.54930680677896,26.03368948046444,13.01684475709221,0.0,59.165556183297404,59.51682392790148,118.68238011119888,0.0,4.5317843954946045e-12,3.5197525083648515e-16,7.674473534187222e-11,20.467537924562865,79.53246206776265,3.76912903441063e-08,1.5301853454550348e-08,0.0,58.854550907111566,59.51344660476553,118.36799751187709,0.0,1.0245527817425516e-13,3.467200533490887e-16
60,costs,2.5,1.0,0,0.0,0.0,alpha_down,3.5830227673727677e-12,1.9667356686292603e-06,6.982610323280625e-11,5.841215073587591e-05,0.31106827360932243,optimal,432,-1.0408340855860843e-17,4.8857774999924,0,4.239314139160602e-12,33.47614583603987,66.5238541635362,26.03617743769881,13.027569518247251,0.0,57.30864696166182,57.651453020208805,114.96009998187063,0.0,8.818584416704653e-14,4.826311417545697e-16,9.378253078749989e-15,33.51382143918586,66.48617856081319,26.14189274439652,13.09560920453806,0.0,57.30858860505169,57.65156978896967,114.96015839402136,0.0,9.988808942391135e-13,3.9170953795138847e-16,7.673295568706253e-11,20.467537924574135,79.53246206775256,3.784159953477787e-08,1.530096657132936e-08,0.0,56.9975786880525,57.65198651633207,114.64956520438457,0.0,1.5846094157092076e-13,5.527491150112613e-16
61,costs,2.5,1.0,0,0.0,0.0,anticipated_down,3.5830227673727677e-12,1.9667356686292603e-06,6.982610323280625e-11,7.630097789501633e-05,1.7162733456643764e-09,optimal,432,-5.204170427930421e-18,4.9784588329494,0,2.3676663633146086e-12,20.4675379143829,79.53246208538033,2.0133678532187313e-08,1.5904765968801742e-08,0.0,57.926064799288106,52.83717466232586,110.76323946161396,0.0,1.583576529462069e-13,4.488302088498106e-16,1.8864108221849472e-14,20.4842646969645,79.51573530303361,0.20127052860905065,0.18454373122457973,0.0,57.92598856831621,52.83732719427565,110.76331576259186,0.0,2.938299657669151e-12,4.537724066282521e-16,7.686671874061996e-11,20.467537924552214,79.53246206776112,3.732179400811494e-08,1.5293359431476716e-08,0.0,57.92606479757183,52.83717466233946,110.76323945991129,0.0,1.5793781729142995e-13,4.276306972424879e-16
62,costs,2.5,1.0,0,0.0,0.0,anticipated_up,3.5830227673727677e-12,1.9667356686292603e-06,6.982610323280625e-11,3.5812357026543395e-05,1.7162733456643764e-09,optimal,432,-2.2551405187698492e-17,4.993632915895432,0,2.3676663633146086e-12,20.4675379143829,79.53246208538033,2.0133678532187313e-08,1.5904765968801742e-08,0.0,57.926064799288106,65.89139076990584,123.81745556919395,0.0,1.099939537750244e-13,4.488302088498106e-16,3.946468942894055e-14,20.469746346450943,79.5302536535451,0.14967954712672946,0.1474711001295061,0.0,57.92602903606952,65.89146234548146,123.81749138155098,0.0,1.2795392652081647e-12,3.848389621350429e-16,7.686671874061996e-11,20.467537924552214,79.53246206776112,3.732179400811494e-08,1.5293359431476716e-08,0.0,57.92606479757183,65.8913907699134,123.81745556748524,0.0,1.0631752783100594e-13,4.605477224576374e-16
63,costs,2.5,1.0,0,0.0,2.0,unchanged,3.5830227673727677e-12,1.9667356686292603e-06,9.855514817843993e-11,6.129785653286035e-05,-4.83758810787549e-10,optimal,432,4.3832819318634364e-13,5.041671124752611,0,6.765403094726063e-12,20.467537914009,79.53246208531321,3.0398619667195896e-08,2.413083324519208e-08,1.2535572844007643e-10,57.926064799145124,58.26248317306512,116.18854797221024,4.876304305539162e-10,2.498477656238274e-12,5.921610800593945e-16,2.8439769570907396e-11,20.467537908831694,79.53246208832277,0.178800295273886,0.17880028751727167,1.5513228630504157e-10,57.9260035522878,58.262605717778975,116.18860927006678,2.2314420353423642e-09,5.788234079479226e-11,5.916063103143296e-16,-3.461229173678076e-11,20.467537930591643,79.53246207286678,2.4189943583401604e-08,1.0186606400211443e-08,2.800667436638032e-10,57.92606479962888,58.26248317333269,116.18854797296157,4.902108442318992e-10,5.389155383742999e-12,3.461273582599061e-11
64,costs,2.5,1.0,0,0.0,2.0,premium_down_persistent,3.5830227673727677e-12,1.9667356686292603e-06,9.855514817843993e-11,0.04538845081866327,0.5451088388923679,optimal,432,2.900284179485624e-14,4.988966749981046,0,7.36251294983616e-12,18.393997057841936,81.60558823325005,19.5409356763329,17.46739481758653,0.04147081717492738,52.338764728594114,52.703321625367806,105.04208635396192,0.01734627913842089,2.0625415855626985e-12,4.861494778789222e-16,2.829975879864151e-11,13.673915240067732,86.32472603256699,20.673428371938602,13.879805695418026,0.13587245353041152,52.315227587135325,52.77224721764525,105.08747480478058,0.0038418324933429896,3.087023093131152e-11,3.959455511940227e-16,5.665849664031374e-11,20.46485606341313,79.53246206778408,13.40931570004503,1.530194329079966e-08,0.26818631369486173,51.793655889701746,52.63927523300075,104.4329311227025,0.13545454603119428,5.4218620526124816e-12,4.031538015751568e-16
65,costs,2.5,1.0,0,0.0,2.0,premium_up_persistent,3.5830227673727677e-12,1.9667356686292603e-06,9.855514817843993e-11,0.04189386763491143,0.9565399959292051,optimal,432,5.2149257134814775e-14,5.027287125121802,0,9.357737675019795e-12,22.545671521227334,77.45391285111407,19.54180691760406,17.463673303566694,0.04156267228074739,65.42642436800463,65.82668238313974,131.25310675114437,0.014112602654885524,3.1056640333191265e-12,3.3393426912553537e-16,1.823502454719947e-11,27.066559844251405,72.93212034953747,20.849215317460004,14.250193379296139,0.13198043876327728,65.40482329412205,65.89017732465724,131.29500061877928,0.003583207616768151,2.2107472405814314e-11,4.995461509726962e-16,2.0154321852878878e-11,20.467537934194915,79.53246206378239,5.555991462264214e-08,1.927099540338574e-08,7.257783843851281e-10,64.46988437207543,65.77240851131074,130.24229288338617,0.04572714150286236,-6.190885835746139e-13,4.448915612891302e-16
66,costs,2.5,1.0,0,0.0,2.0,premium_down_reverting,3.5830227673727677e-12,1.9667356686292603e-06,9.855514817843993e-11,0.026785606029719133,0.5451088388923679,optimal,432,3.291290850970796e-14,4.961872625164688,0,7.36251294983616e-12,18.393997057841936,81.60558823325005,19.5409356763329,17.46739481758653,0.04147081717492738,52.338764728594114,53.654560141296656,105.99332486989077,0.007981477065214966,2.0088498403631833e-12,4.861494778789222e-16,2.6760100127427638e-11,14.77887698439837,85.21998528073918,20.345171041425633,14.656510109235695,0.11377321864379873,52.32493999347311,53.695170482447374,106.02011047592049,0.0018511949182959432,2.9672998705019786e-11,4.93613532210127e-16,5.665849664031374e-11,20.46485606341313,79.53246206778408,13.40931570004503,1.530194329079966e-08,0.26818631369486173,51.793655889701746,53.56967343635511,105.36332932605686,0.13245219310287126,1.775038178507965e-12,4.031538015751568e-16
67,costs,2.5,1.0,0,0.0,2.0,premium_up_reverting,3.5830227673727677e-12,1.9667356686292603e-06,9.855514817843993e-11,0.024110570661406427,0.9565399959292051,optimal,432,5.0156059860917424e-14,5.008964124601334,0,9.357737675019795e-12,22.545671521227334,77.45391285111407,19.54180691760406,17.463673303566694,0.04156267228074739,65.42642436800463,64.1678202957473,129.59424466375194,0.007300231609369792,3.001309829437458e-12,5.542441505745899e-16,2.948803113547846e-11,25.967014843354207,74.03188525830838,20.5328357483166,15.033358805263614,0.1099895388610597,65.41402221105005,64.20433302336329,129.61835523441334,0.0015617399640956331,3.387339563541108e-11,6.02621590324072e-16,2.0154321852878878e-11,20.467537934194915,79.53246206378239,5.555991462264214e-08,1.927099540338574e-08,7.257783843851281e-10,64.46988437207543,64.11846199443222,128.58834636650766,0.012807785593280756,-5.460324597317359e-13,4.448915612891302e-16
68,costs,2.5,1.0,0,0.0,2.0,alpha_up,3.5830227673727677e-12,1.9667356686292603e-06,9.855514817843993e-11,0.04538328501426747,0.1455511461044665,optimal,432,7.877899721453474e-14,4.893618167378008,0,9.251962407934538e-12,16.968761299582187,83.03053894416753,14.729657274899587,11.230880649442193,0.0699755325091479,59.00010205483991,59.41382919370141,118.41393124854132,0.0168361759991647,4.7197418059040635e-12,4.739437331089877e-16,2.5597172036200206e-11,12.256231782952828,87.74212595326073,20.072613256234675,11.861307122599197,0.16422612267270958,58.97662359669021,59.48269093686537,118.45931453355558,0.0036838249249962576,3.16041215533437e-11,5.741087672535977e-16,-1.1657072702684726e-11,20.467537929957516,79.53246207120482,2.8666336717289213e-08,1.184856424388738e-08,3.3635544946803664e-10,58.85455090873544,59.342811022972555,118.197361931708,0.07898761367428167,5.232748345482892e-12,1.1657516791894576e-11
69,costs,2.5,1.0,0,0.0,2.0,alpha_down,3.5830227673727677e-12,1.9667356686292603e-06,9.855514817843993e-11,0.041770854583646155,0.14555224014137735,optimal,432,1.006226352240347e-13,4.91573162516579,0,7.741236765212978e-12,23.96630980752054,76.03299043732716,14.730064385257554,11.231292494325324,0.0699754378186446,57.143130929922464,57.55443722523183,114.6975681551543,0.015084125317110446,4.831197990829415e-12,5.704301031636723e-16,2.5793657015366024e-11,28.489578364756664,71.50881722457123,20.029568363822307,12.007527900139428,0.1604408092736575,57.12149926226509,57.61783974747286,114.73933900973795,0.003736695600189384,3.3668233690008314e-11,5.116180645369645e-16,-8.190608446549919e-12,20.46753791632508,79.53246208449349,3.882789591744487e-09,1.4401004115148409e-09,4.885378360459293e-11,56.997578689781086,57.48884608268912,114.4864247724702,0.07238985992697831,3.968315149613789e-12,8.191052535759769e-12
70,costs,2.5,1.0,0,0.0,2.0,anticipated_down,3.5830227673727677e-12,1.9667356686292603e-06,9.855514817843993e-11,7.809720548834775e-05,-4.83758810787549e-10,optimal,432,7.428259396480286e-14,4.878828749991953,0,6.765403094726063e-12,20.467537914009,79.53246208531321,3.0398619667195896e-08,2.413083324519208e-08,1.2535572844007643e-10,57.926064799145124,52.69431824315887,110.62038304230398,0.05292236184284143,3.1884296770737577e-12,3.7011647513436316e-16,2.908704872217981e-11,20.46753789723278,79.53246209985463,0.20226104218821783,0.20226102283269096,3.871105376853212e-10,57.92598677094447,52.694474368565004,110.62046113950947,0.05291979421815762,3.491128030618602e-11,5.377446302587344e-16,-3.461229173678076e-11,20.467537930591643,79.53246207286678,2.4189943583401604e-08,1.0186606400211443e-08,2.800667436638032e-10,57.92606479962888,52.69431824350676,110.62038304313563,0.0529223631170856,8.801130397390056e-12,3.461273582599061e-11
71,costs,2.5,1.0,0,0.0,2.0,anticipated_up,3.5830227673727677e-12,1.9667356686292603e-06,9.855514817843993e-11,3.5226102014007665e-05,-4.83758810787549e-10,optimal,432,2.5052876440057048e-14,4.928432166110724,0,6.765403094726063e-12,20.467537914009,79.53246208531321,3.0398619667195896e-08,2.413083324519208e-08,1.2535572844007643e-10,57.926064799145124,65.75591605944439,123.68198085858951,0.046150058770998786,3.114975870543009e-12,5.180619445657621e-16,2.9595679668426507e-11,20.467537909264784,79.53246208777401,0.14654768339644744,0.14654767514927555,1.649434375927698e-10,57.92602961790106,65.75598646679047,123.68201608469153,0.04615021693505752,3.235718956211682e-11,4.645009937088242e-16,-3.461229173678076e-11,20.467537930591643,79.53246207286678,2.4189943583401604e-08,1.0186606400211443e-08,2.800667436638032e-10,57.92606479962888,65.75591605970794,123.68198085933682,0.04615006051332794,6.633106812787079e-12,3.461273582599061e-11
72,costs,2.5,1.0,0,20.0,2.0,unchanged,3.5830227673727677e-12,1.9667356686292603e-06,1.442948325813629e-10,-2.5749073984115967e-09,-1.387327586144238e-09,optimal,432,2.1167095853869e-13,4.827491084113717,0,1.6339573356921747e-11,20.46753792545053,79.53246207287637,2.765155109441312e-08,1.8681931651552165e-08,3.9157787191676516e-09,57.926064794765985,58.14678646947815,116.07285126424414,0.008825982215508954,5.187407422955621e-12,4.670749063822032e-16,3.408456923956546e-11,20.467537919503947,79.53246207704329,2.8755850713533237e-08,2.1418541057553706e-08,4.430454404630332e-09,57.926064794004496,58.146786467664725,116.07285126166923,0.008825982897091302,6.11371561606522e-11,6.098840563972995e-16,-2.208538103156722e-11,20.467537933119388,79.53246206905739,3.2829609068371257e-08,1.3995995731458232e-08,3.175871413029907e-09,57.92606479615331,58.14678646904923,116.07285126520254,0.008825982830605062,-7.510944872328629e-12,2.208582512077707e-11
73,costs,2.5,1.0,0,20.0,2.0,premium_down_persistent,3.5830227673727677e-12,1.9667356686292603e-06,1.442948325813629e-10,0.020633871969650386,1.070254995738651e-09,optimal,432,9.453028637640415e-14,4.8683157921768725,0,4.229277315186998e-11,20.464856062219816,79.53246207038964,13.409315689645515,1.2959997652826231e-08,0.26818631612570987,51.79365588763857,52.28409949419666,104.07775538183523,0.03981905226499711,-5.50709161028777e-12,5.068374105826612e-16,3.411859857138655e-11,20.4643935476296,79.5324620721752,15.721883818579062,1.0889897750516743e-08,0.3144376783317629,51.781419552471604,52.31696970133328,104.09838925380488,0.021745987526729817,4.227017978805821e-11,5.533767888366015e-16,5.985449131432909e-11,20.46485606306953,79.53246206777771,13.409315699038245,1.527869051307731e-08,0.26818631673092924,51.79365588656832,52.28409949488367,104.077755381452,0.03981905095472086,1.4995972260698404e-12,5.185230771229815e-16
74,costs,2.5,1.0,0,20.0,2.0,premium_up_persistent,3.5830227673727677e-12,1.9667356686292603e-06,1.442948325813629e-10,0.39172015945956673,-1.8599450868350687e-09,optimal,432,-7.81683745509909e-14,4.911462583113462,0,3.977152567949598e-11,20.46753802027324,79.53246197550963,2.2881387615903359e-07,1.0789978374085587e-07,2.3998238596534726e-08,64.46988436591793,64.81420071534247,129.2840850812604,0.07370735178617781,5.053219093978292e-13,4.50357558844154e-16,-3.228161053086317e-11,24.969247148934837,75.02082924676967,9.013342091732929,4.511632836284284,0.9923607523658297,64.20217687643648,65.4736283642835,129.67580524071997,0.03349767084582708,4.127715607738034e-11,3.443561625085523e-16,3.655892018131331e-11,20.46753793024203,79.5324620660617,4.8932539394754736e-08,1.699168469008963e-08,4.037154032111229e-09,64.46988436777788,64.81420069838812,129.284085066166,0.07370735320141851,1.7497235055872804e-13,5.019749881704458e-16
75,costs,2.5,1.0,0,20.0,2.0,premium_down_reverting,3.5830227673727677e-12,1.9667356686292603e-06,1.442948325813629e-10,0.0004876328820841991,1.070254995738651e-09,optimal,432,-7.177591854201637e-14,4.915868916083127,0,4.229277315186998e-11,20.464856062219816,79.53246207038964,13.409315689645515,1.2959997652826231e-08,0.26818631612570987,51.79365588763857,53.32540010672139,105.11905599435997,0.018281529274404983,-1.65066041062766e-12,5.068374105826612e-16,-3.3874487911152596e-11,20.46478884294453,79.53246206903731,13.745456901884651,1.4021274779848656e-08,0.2749091405615225,51.79339736220808,53.32614626503397,105.11954362724205,0.017859160708352747,5.1454322058533744e-11,4.732068144448764e-16,5.985449131432909e-11,20.46485606306953,79.53246206777771,13.409315699038245,1.527869051307731e-08,0.26818631673092924,51.79365588656832,53.325400106894556,105.11905599346287,0.018281528591612937,-1.1102015391262297e-11,5.91699947502175e-16
76,costs,2.5,1.0,0,20.0,2.0,premium_up_reverting,3.5830227673727677e-12,1.9667356686292603e-06,1.442948325813629e-10,0.23273507492909573,-1.8599450868350687e-09,optimal,432,-1.3340023530261647e-13,4.761977625079453,0,3.977152567949598e-11,20.46753802027324,79.53246197550963,2.2881387615903359e-07,1.0789978374085587e-07,2.3998238596534726e-08,64.46988436591793,63.47540182630914,127.94528619222707,0.046092933468810375,-7.933080349999754e-12,4.50357558844154e-16,-2.1165008574951585e-11,23.956062840456013,76.03624702655819,6.984740002942185,3.496215056495632,0.7690135102280575,64.29662773443795,63.88139353271821,128.17802126715617,0.022763364590528235,4.909940390460804e-11,5.052111073239329e-16,3.655892018131331e-11,20.46753793024203,79.5324620660617,4.8932539394754736e-08,1.699168469008963e-08,4.037154032111229e-09,64.46988436777788,63.475401812853086,127.94528618063097,0.04609293412234371,-7.732516927132296e-12,5.019749881704458e-16
77,costs,2.5,1.0,0,20.0,2.0,alpha_up,3.5830227673727677e-12,1.9667356686292603e-06,1.442948325813629e-10,-1.2507541669037892e-09,-3.5081129112768394e-09,optimal,432,3.1806328404382356e-13,4.822132083121687,0,1.8722037857953277e-11,20.4675379248509,79.53246207323707,2.784427585758147e-08,1.90253990947345e-08,3.981457354203839e-09,58.85455090422335,59.090228359060575,117.94477926328392,0.00884022341884235,5.904056963930195e-12,3.4699369926185483e-16,1.2790800755914654e-11,20.467537921143443,79.5324620775318,3.423942173967047e-08,2.15647055341522e-08,4.566435430940805e-09,58.8545509040389,59.09022835799426,117.94477926203317,0.00884022372117854,4.1464842221574675e-11,3.653784180751651e-16,-2.272263439924196e-11,20.46753792559629,79.53246207666002,2.2176787028923858e-08,6.393362105505954e-09,1.5943409195695491e-09,58.854550907731465,59.090228357268074,117.94477926499954,0.00884022588929644,-2.0132373166029326e-11,2.272307848845181e-11
78,costs,2.5,1.0,0,20.0,2.0,alpha_down,3.5830227673727677e-12,1.9667356686292603e-06,1.442948325813629e-10,-1.2131891935496242e-08,-3.0706033271599154e-09,optimal,432,-4.5327977482578774e-13,4.875381459016353,24,1.444591360093258e-11,20.467537925973183,79.53246207254358,2.7759282693152695e-08,1.8374407428580685e-08,3.8625789910075775e-09,56.997578685297285,57.20427125282037,114.20184993811765,0.008811741068111799,5.3729969421332035e-12,5.797829297437736e-16,-1.2927617551674623e-10,20.46753803228279,79.5324619804142,2.2944299079270498e-07,1.026391998234425e-07,2.306391578407375e-08,56.99757867127006,57.2042712547157,114.20184992598575,0.008811741773447743,-5.350255361586871e-11,6.359612611726093e-16,-4.139914855697482e-11,20.46753792201765,79.53246208209784,2.597606084160148e-08,1.0683478476906255e-08,2.442547342675156e-09,56.99757868836789,57.20427125281178,114.20184994117966,0.008811742820575641,-7.152344953871895e-11,4.139959264618467e-11
79,costs,2.5,1.0,0,20.0,2.0,anticipated_down,3.5830227673727677e-12,1.9667356686292603e-06,1.442948325813629e-10,1.0464589195180451e-09,-1.387327586144238e-09,optimal,432,6.57529586334249e-14,4.871521915774792,0,1.6339573356921747e-11,20.46753792545053,79.53246207287637,2.765155109441312e-08,1.8681931651552165e-08,3.9157787191676516e-09,57.926064794765985,52.0527162259328,109.97878102069879,0.29392566388877944,3.437505746088469e-13,4.670749063822032e-16,-1.4007312067451783e-11,20.467537934724525,79.53246206663958,3.5315084549512296e-08,1.6413793786070055e-08,3.660784572482856e-09,57.92606479547409,52.052716226271166,109.97878102174525,0.293925663615173,-6.308339201286349e-12,3.7183424381662305e-16,-2.208538103156722e-11,20.467537933119388,79.53246206905739,3.2829609068371257e-08,1.3995995731458232e-08,3.175871413029907e-09,57.92606479615331,52.05271622556165,109.97878102171497,0.29392566499769707,-4.45113486115559e-12,2.208582512077707e-11
80,costs,2.5,1.0,0,20.0,2.0,anticipated_up,3.5830227673727677e-12,1.9667356686292603e-06,1.442948325813629e-10,-3.885119781443791e-09,-1.387327586144238e-09,optimal,432,-2.5650835622226253e-13,4.805412791669369,0,1.6339573356921747e-11,20.46753792545053,79.53246207287637,2.765155109441312e-08,1.8681931651552165e-08,3.9157787191676516e-09,57.926064794765985,64.78679528340417,122.71286007817017,0.074878563658923,7.421164133518052e-12,4.670749063822032e-16,2.857275719271595e-11,20.467537953068714,79.53246204398528,9.204587387344085e-08,3.906811419535327e-08,8.873178032632407e-09,57.92606479002947,64.78679528425558,122.71286007428505,0.07487876371516065,5.388028112324368e-11,5.015201727721774e-16,-2.208538103156722e-11,20.467537933119388,79.53246206905739,3.2829609068371257e-08,1.3995995731458232e-08,3.175871413029907e-09,57.92606479615331,64.78679528337572,122.71286007952904,0.07487856180354174,1.5045497372924085e-11,2.208582512077707e-11
81,costs,2.5,1.0,0,5.0,0.0,unchanged,3.5830227673727677e-12,1.9667356686292603e-06,1.8455789674298728e-10,-2.6927295948553365e-09,5.733085117753944e-10,optimal,432,2.8048743883068994e-13,4.831357707735151,0,2.480858042615014e-11,20.467537913657445,79.53246208385416,4.905421190886791e-08,1.5073494044181143e-08,7.536747022090573e-10,57.92606479737996,58.170169190299525,116.09623398767948,0.012820841383707832,3.0159470545258333e-12,4.632821236084023e-16,5.070225761200646e-11,20.467537927284223,79.53246206763778,4.218764731695268e-08,1.5540185777515158e-08,7.77009288875758e-10,57.926064797521995,58.17016918746476,116.09623398498675,0.012820844767416713,6.120846961804485e-11,5.176995998109556e-16,7.682739477440295e-11,20.467537924548328,79.53246206776129,3.7345949828020415e-08,1.529247017252715e-08,7.646235086263576e-10,57.92606479680665,58.17016919107998,116.09623398788662,0.012820840561796203,6.313347722923382e-13,4.826188677319856e-16
82,costs,2.5,1.0,0,5.0,0.0,premium_down_persistent,3.5830227673727677e-12,1.9667356686292603e-06,1.8455789674298728e-10,0.19682846591017267,1.922266790188587e-09,optimal,432,2.3744027577432547e-13,4.867269416805357,0,2.069288201837337e-11,20.467537914287515,79.53246208363639,18.380928967455368,1.3607748387303576e-08,6.803874193651788e-10,52.10877851160887,52.372303105247106,104.48108161685597,0.03181700374171157,-4.007449374078951e-12,3.4289300999831794e-16,1.3710161146293903e-11,11.356897078644632,88.63854987608535,18.290595777825292,9.106087798014782,0.45530438990073907,51.990791776275906,52.68711830649024,104.67791008276615,0.009068749525490874,2.1545585497670188e-11,4.61104407694507e-16,7.670945179030371e-11,20.46753792456334,79.53246206775806,18.380928957181634,1.530328370216865e-08,7.651641851084325e-10,52.1087785096866,52.372303105301555,104.48108161498816,0.03181700355808539,-3.3040756021257912e-12,5.199177517802425e-16
83,costs,2.5,1.0,0,5.0,0.0,premium_up_persistent,3.5830227673727677e-12,1.9667356686292603e-06,1.8455789674298728e-10,0.014828420781697105,0.6200638674056052,optimal,432,9.454416416421196e-14,4.918010250199586,0,4.356777137952579e-11,28.47516467608096,71.52082950327228,16.019259353580402,8.011632579980196,0.4005816289990098,65.08994823654464,65.77365051411472,130.86359875065938,0.03293203993007978,4.26552727440958e-12,6.214917903230033e-16,5.183310822654691e-11,29.41297335326957,70.58255168634874,17.895345850698725,8.949910396740584,0.4474955198370293,65.08137372816209,65.79705344327898,130.87842717144107,0.023004327818432427,5.657651636677835e-11,5.402579425495269e-16,7.354477140384447e-11,20.46753792541019,79.53246206722741,4.029647984824177e-08,1.5838939024394943e-08,7.919469512197472e-10,64.46988436913904,65.4045769027665,129.87446127190555,0.38217724273409454,3.5309127990141784e-12,4.896282051511138e-16
84,costs,2.5,1.0,0,5.0,0.0,premium_down_reverting,3.5830227673727677e-12,1.9667356686292603e-06,1.8455789674298728e-10,0.15797374083825844,1.922266790188587e-09,optimal,432,5.472029079856e-13,4.9301339578814805,0,2.069288201837337e-11,20.467537914287515,79.53246208363639,18.380928967455368,1.3607748387303576e-08,6.803874193651788e-10,52.10877851160887,53.364423490563226,105.47320200217209,0.027549480301536432,-5.0501967375579775e-12,5.649376149233492e-16,1.4270626814852447e-11,12.684694688606971,87.31141583308654,18.250657312304234,7.778953758845024,0.38894768794225115,52.01475956182324,53.61641618118711,105.63117574301035,0.009195010295577469,3.234492030766353e-11,4.861901354603904e-16,7.670945179030371e-11,20.46753792456334,79.53246206775806,18.380928957181634,1.530328370216865e-08,7.651641851084325e-10,52.1087785096866,53.36442349053078,105.47320200021738,0.02754948014293641,-4.125885811567511e-12,5.90305272844914e-16
85,costs,2.5,1.0,0,5.0,0.0,premium_up_reverting,3.5830227673727677e-12,1.9667356686292603e-06,1.8455789674298728e-10,4.206870025313947e-05,0.6200638674056052,optimal,432,1.4677495330239765e-14,4.917615999933332,0,4.356777137952579e-11,28.47516467608096,71.52082950327228,16.019259353580402,8.011632579980196,0.4005816289990098,65.08994823654464,64.1108059488229,129.20075418536754,0.016503733233447122,1.7593197310208012e-12,4.887312343021533e-16,5.0458576824220086e-11,28.426423648065118,71.56959491330413,15.921752918415844,7.962867169761174,0.39814335848805876,65.08992526475424,64.11087098931355,129.2007962540678,0.016612750775893928,5.2204374483488195e-11,4.946672411965114e-16,7.354477140384447e-11,20.46753792541019,79.53246206722741,4.029647984824177e-08,1.5838939024394943e-08,7.919469512197472e-10,64.46988436913904,63.810814676575,128.28069904571404,0.27999000332291624,2.8926291025936764e-12,4.896282051511138e-16
86,costs,2.5,1.0,0,5.0,0.0,alpha_up,3.5830227673727677e-12,1.9667356686292603e-06,1.8455789674298728e-10,0.13955132541218518,9.725269478622067e-10,optimal,432,2.1467203015212988e-13,4.947142125107348,0,4.25723205929678e-11,20.467537651899093,79.53246234370093,5.50175375013448e-07,2.8548616053780927e-07,1.4274308026890462e-08,58.854550907319506,59.117672120071425,117.97222302739092,0.032278433750020895,2.3087852427122153e-12,5.135539133793554e-16,5.1290012865925615e-11,14.593758075951083,85.40330649669795,11.744624284547655,5.87084444391043,0.2935422221955215,58.78393717950269,59.32783717330042,118.11177435280311,0.01655964852261466,6.021681578664752e-11,3.7366350248355107e-16,7.672824057559608e-11,20.467537924559252,79.53246206776026,3.78195057072636e-08,1.5297427353225046e-08,7.648713676612524e-10,58.85455090634698,59.117672107478946,117.97222301382592,0.03227843113933598,1.0682001941845596e-12,6.049238780387865e-16
87,costs,2.5,1.0,0,5.0,0.0,alpha_down,3.5830227673727677e-12,1.9667356686292603e-06,1.8455789674298728e-10,0.16111917856581215,1.0134542094419885e-09,optimal,432,9.237922926619291e-14,4.929126000031829,0,4.21619320673878e-11,20.467538076407774,79.53246191929414,3.385461283935915e-07,1.6376745573509685e-07,8.188372786754843e-09,56.99757868830132,57.23251927520209,114.2300979635034,0.04650579625171446,1.450253151114669e-12,5.6364959192271955e-16,5.086718525370128e-11,26.808896635796962,73.18793109362154,12.685889725436708,6.344530989551458,0.3172265494775729,56.91514685773344,57.47607028433577,114.39121714206921,0.012746478387288745,5.5129673775296956e-11,5.410236603338447e-16,7.671826806270382e-11,20.467537924563327,79.5324620677572,3.795838487263141e-08,1.5296262922269925e-08,7.648131461134963e-10,56.99757868728786,57.23251926803287,114.23009795532073,0.046505783373554176,8.911344312783535e-13,5.247934759546414e-16
88,costs,2.5,1.0,0,5.0,0.0,anticipated_down,3.5830227673727677e-12,1.9667356686292603e-06,1.8455789674298728e-10,-2.7913813482882688e-09,5.733085117753944e-10,optimal,432,3.2510973080324135e-13,4.946721540763974,0,2.480858042615014e-11,20.467537913657445,79.53246208385416,4.905421190886791e-08,1.5073494044181143e-08,7.536747022090573e-10,57.92606479737996,52.40028126879709,110.32634606617705,0.03202014358489131,-4.195430461426105e-12,4.632821236084023e-16,4.6709875096190796e-11,20.46753792650353,79.53246206881823,4.1599994461609994e-08,1.448261428503878e-08,7.241307142519389e-10,57.92606479768242,52.40028126570324,110.32634606338567,0.032020149037856105,6.318309202888593e-11,5.38218863414921e-16,7.682739477440295e-11,20.467537924548328,79.53246206776129,3.7345949828020415e-08,1.529247017252715e-08,7.646235086263576e-10,57.92606479680665,52.40028126887575,110.3263460656824,0.03202014336402081,-3.4657026085434626e-12,4.826188677319856e-16
89,costs,2.5,1.0,0,5.0,0.0,anticipated_up,3.5830227673727677e-12,1.9667356686292603e-06,1.8455789674298728e-10,3.9870528212304635e-06,5.733085117753944e-10,optimal,432,7.29624693995845e-15,4.951621875166893,0,2.480858042615014e-11,20.467537913657445,79.53246208385416,4.905421190886791e-08,1.5073494044181143e-08,7.536747022090573e-10,57.92606479737996,65.38558794975948,123.31165274713945,0.3851259544606237,2.229590688099638e-11,4.632821236084023e-16,5.012418956655951e-11,20.487208211175123,79.51278194374278,0.039350451030478406,0.01968013933278337,0.0009840069666391686,57.925074410543914,65.38658232364835,123.31165673419227,0.3841829769096511,5.222555450167671e-11,5.065845977176854e-16,7.682739477440295e-11,20.467537924548328,79.53246206776129,3.7345949828020415e-08,1.529247017252715e-08,7.646235086263576e-10,57.92606479680665,65.38558795155731,123.31165274836397,0.38512595315977705,3.600058781898924e-12,4.826188677319856e-16
90,costs,2.5,1.0,0,5.0,5.0,unchanged,3.5830227673727677e-12,1.9667356686292603e-06,7.99628473421022e-11,-4.093578809261089e-10,-1.7824817177825025e-09,optimal,432,2.2263441090686342e-13,4.937673083040863,0,3.922595065600235e-11,20.467537914444762,79.53246208162311,1.904365391427434e-08,1.4562300520845625e-08,9.52182695713717e-10,57.92606479737415,58.15111512741219,116.07717992478635,0.031441973781286395,9.299726997323825e-12,4.492500536819562e-16,2.0379075384194954e-11,20.467537916953525,79.53246208100083,1.5462177147450853e-08,9.362973295260315e-09,7.731088573725427e-10,57.92606479796145,58.15111512641554,116.07717992437699,0.03144197563413571,3.474316451532568e-11,4.876779903560631e-16,-1.8716750031075194e-11,20.467537921176714,79.53246208069133,7.233110212929746e-09,2.362043353060925e-09,3.6165551064648727e-10,57.926064799156634,58.15111512697606,116.07717992613269,0.03144197422201474,1.5507656722884948e-11,1.871741616488997e-11
91,costs,2.5,1.0,0,5.0,5.0,premium_down_persistent,3.5830227673727677e-12,1.9667356686292603e-06,7.99628473421022e-11,0.12974694324780955,0.17793205107159338,optimal,432,4.4278816724308e-14,4.985615957994014,0,1.4074117590215547e-11,15.870631963721307,84.12398554822354,10.764973295482061,6.168067342615062,0.538248664774103,51.6671877936706,52.421283268465466,104.08847106213607,0.0961014986425558,2.0540795073114484e-12,4.864408572127776e-16,-6.820624333337896e-12,12.723972590960617,87.26793876833013,16.177282782637057,8.433717457009367,0.8088641391318528,51.59689656727109,52.62132143811279,104.21821800538387,0.019442199603081176,5.875241876177437e-11,5.242930655596778e-16,3.2675925631725153e-12,20.464119280395725,79.53246207493115,6.837288692751427,8.16158270687073e-09,0.3418644346375713,51.489255742599006,52.10721524738822,103.59647098998722,0.2873168474886777,-7.350996785938826e-11,4.5993211409550705e-16
92,costs,2.5,1.0,0,5.0,5.0,premium_up_persistent,3.5830227673727677e-12,1.9667356686292603e-06,7.99628473421022e-11,0.09058360235434293,0.2848039946411376,optimal,432,1.9005977347497094e-13,4.809936041943729,0,5.273133863017759e-11,25.06062264082643,74.93399267511376,10.769357573341797,6.176272836885071,0.5384678786670898,64.75468836516397,65.592662007216,130.34735037238,0.06033395528675325,4.931589995922571e-12,4.802812336203444e-16,4.011613537560112e-11,28.033660164214226,71.9587335383733,15.212586801732122,7.646464539129115,0.7606293400866062,64.70718917952759,65.73074479520675,130.43793397473434,0.04042234135679828,8.094370842809308e-11,4.468268203355885e-16,7.13154386782694e-12,20.467537932958887,79.53246206630213,5.16332986772813e-08,1.6751249830714704e-08,2.5816649338640657e-09,64.46988437052283,65.09562458855946,129.5655089590823,0.5063785695067877,9.508840654974537e-13,5.288423650655335e-16
93,costs,2.5,1.0,0,5.0,5.0,premium_down_reverting,3.5830227673727677e-12,1.9667356686292603e-06,7.99628473421022e-11,0.05312718605929945,0.17793205107159338,optimal,432,5.039094141956468e-13,4.821793125011027,0,1.4074117590215547e-11,15.870631963721307,84.12398554822354,10.764973295482061,6.168067342615062,0.538248664774103,51.6671877936706,53.50112090133369,105.1683086950043,0.02704635803772222,4.631916286624809e-12,4.864408572127776e-16,3.6354402832301097e-12,13.804153426392537,86.18877838572928,14.136375029247372,7.472990539051602,0.7068187514623685,51.63991586576708,53.581520015296526,105.2214358810636,0.020202173600320082,3.952992989874075e-11,5.401224172779662e-16,3.2675925631725153e-12,20.464119280395725,79.53246207493115,6.837288692751427,8.16158270687073e-09,0.3418644346375713,51.489255742599006,53.21511871743509,104.7043744600341,0.10457953967455969,-7.216833675663869e-11,4.5993211409550705e-16
94,costs,2.5,1.0,0,5.0,5.0,premium_up_reverting,3.5830227673727677e-12,1.9667356686292603e-06,7.99628473421022e-11,0.028358245047286346,0.2848039946411376,optimal,432,-1.205632815803881e-15,4.833746875170618,0,5.273133863017759e-11,25.06062264082643,74.93399267511376,10.769357573341797,6.176272836885071,0.5384678786670898,64.75468836516397,64.029250736553,128.78393910171695,0.04108938543123748,4.7096477854224016e-12,4.802812336203444e-16,7.941783256688265e-11,26.970037111598316,73.02337326497444,13.179230970900552,6.6767317594107585,0.6589615485450276,64.74033187470796,64.07196547205629,128.81229734676424,0.04049136518216675,8.314567192705498e-11,4.709909762548592e-16,7.13154386782694e-12,20.467537932958887,79.53246206630213,5.16332986772813e-08,1.6751249830714704e-08,2.5816649338640657e-09,64.46988437052283,63.601298045722416,128.07118241624525,0.31051649136772624,8.534679853035992e-13,5.288423650655335e-16
95,costs,2.5,1.0,0,5.0,5.0,alpha_up,3.5830227673727677e-12,1.9667356686292603e-06,7.99628473421022e-11,1.922160208778223e-10,-2.2041106717551884e-09,optimal,432,-5.153169557736703e-14,4.8302862090058625,0,3.843243850722704e-11,20.46753790870404,79.53246208741596,7.349384989730245e-08,6.560958061095196e-08,3.674692494865122e-09,58.85455090618623,59.10031286122126,117.95486376740749,0.038476955024211223,7.879908565720374e-13,5.141975927682699e-16,-6.229255509860382e-12,20.467537906936276,79.53246209365315,6.698241377279889e-08,5.733038254605436e-08,3.349120688639945e-09,58.85455090769548,59.10031285990423,117.9548637675997,0.03847696573435052,5.905757327129887e-11,4.60252503403885e-16,-1.6365782529503273e-11,20.467537922621855,79.53246207900933,1.0750968624665723e-08,4.044042779639839e-09,5.375484312332861e-10,58.854550908390344,59.1003128581649,117.95486376655523,0.03847695680300043,1.719643852771298e-11,1.6366226618713123e-11
96,costs,2.5,1.0,0,5.0,5.0,alpha_down,3.5830227673727677e-12,1.9667356686292603e-06,7.99628473421022e-11,0.0005235251556143794,-2.4353994376724586e-09,optimal,432,2.3772650514786164e-13,4.78218604112044,0,2.548009841528222e-11,20.467537922107365,79.53246207531618,5.6891045807031413e-08,5.1371987621224403e-08,2.8445522903515705e-09,56.99757868736982,57.217128964999894,114.21470765236971,0.040375319512931315,7.530449123971904e-12,4.800001348781138e-16,8.876885592014978e-12,20.46753791677901,79.53230396709235,0.31623048190104863,0.3162304760778744,0.01581152409505243,56.98936037456761,57.225870802957715,114.21523117752533,0.03941985005318065,2.707402761725243e-11,4.577128877737008e-16,-4.209383362045218e-11,20.467537925500626,79.53246207870181,1.388313531558784e-08,4.351573849566545e-09,6.941567657793921e-10,56.997578689805216,57.21712896438221,114.21470765418744,0.04037531910826734,6.501434892184431e-12,4.209427770966203e-11
97,costs,2.5,1.0,0,5.0,5.0,anticipated_down,3.5830227673727677e-12,1.9667356686292603e-06,7.99628473421022e-11,-1.2998668807995273e-09,-1.7824817177825025e-09,optimal,432,3.400561082722575e-13,4.805903666652739,0,3.922595065600235e-11,20.467537914444762,79.53246208162311,1.904365391427434e-08,1.4562300520845625e-08,9.52182695713717e-10,57.92606479737415,51.92274342452129,109.84880822189544,0.6077705581939737,3.4016528675340045e-12,4.492500536819562e-16,1.2395755463410575e-11,20.467537909828838,79.53246208891966,2.3833736822517334e-08,1.7074269820971587e-08,1.1916868411258669e-09,57.9260647978252,51.922743422770374,109.84880822059557,0.6077705607032776,2.8409370810464582e-11,5.5948268055197355e-16,-1.8716750031075194e-11,20.467537921176714,79.53246208069133,7.233110212929746e-09,2.362043353060925e-09,3.6165551064648727e-10,57.926064799156634,51.922743424798625,109.84880822395526,0.6077705579701521,6.447316564363401e-12,1.8717194120285044e-11
98,costs,2.5,1.0,0,5.0,5.0,anticipated_up,3.5830227673727677e-12,1.9667356686292603e-06,7.99628473421022e-11,-9.251408528143656e-10,-1.7824817177825025e-09,optimal,432,3.484261490438456e-13,4.832805541809648,0,3.922595065600235e-11,20.467537914444762,79.53246208162311,1.904365391427434e-08,1.4562300520845625e-08,9.52182695713717e-10,57.92606479737415,65.07385290545369,122.99991770282784,0.5118832970747994,2.1528536618270417e-11,4.492500536819562e-16,1.611790176842155e-11,20.467537942142968,79.53246205621836,5.3742743091107765e-08,2.6835019257155674e-08,2.687137154555388e-09,57.9260647962428,65.0738529056599,122.9999177019027,0.5118832987379012,3.8541274989187246e-11,5.381476913991496e-16,-1.8716750031075194e-11,20.467537921176714,79.53246208069133,7.233110212929746e-09,2.362043353060925e-09,3.6165551064648727e-10,57.926064799156634,65.07385290429771,122.99991770345434,0.5118832927474589,5.198650130704095e-11,1.8717194120285044e-11
99,costs,2.5,1.0,0,20.0,5.0,unchanged,3.5830227673727677e-12,1.9667356686292603e-06,1.306459851863786e-10,3.708038320837659e-10,-2.935109932877822e-09,optimal,432,1.1062331606304099e-14,4.835971541702747,17,2.606862138101469e-11,20.46753792453452,79.53246207282285,2.384486675777225e-08,1.589865650692581e-08,3.577041813927484e-09,57.92606479484257,58.137639143432345,116.06370393827491,0.00837126211564607,7.41012553577493e-12,3.627182110881603e-16,-1.998590046700211e-11,20.46753792859064,79.53246207336025,3.285650368312175e-08,2.0854171487638933e-08,4.770950907301927e-09,57.926064794824725,58.137639143820984,116.06370393864572,0.008371261522442849,3.13217256911779e-11,5.56466904883101e-16,-5.653259586711244e-11,20.467537924812294,79.53246208081524,2.6228323340627942e-08,8.40754423785634e-09,2.5725478027098477e-09,57.92606479777768,58.1376391411059,116.06370393888358,0.008371265281678213,-4.378823102031496e-11,5.653303995632229e-11
100,costs,2.5,1.0,0,20.0,5.0,premium_down_persistent,3.5830227673727677e-12,1.9667356686292603e-06,1.306459851863786e-10,0.13934469563430696,-1.0136318451259285e-09,optimal,432,5.309121198227018e-14,4.756146875210106,0,3.2484557117807775e-11,20.464119278807992,79.53246207357742,6.8372886973040075,1.1653109724825853e-08,0.3418644366131669,51.489255740013114,52.023295695816444,103.51255143582955,0.0908722047995157,-6.7860633715474755e-12,5.685827243057107e-16,-3.729326766290734e-11,20.461265610688308,79.53246207006617,12.544645910682165,1.300341239360122e-08,0.62723229748462,51.41469182162869,52.237204309835164,103.65189613146386,0.020980531278411527,4.6430347787584e-11,6.542211434049094e-16,7.807206859895399e-12,20.46411928109222,79.532462073768,6.8372886897215865,9.460697761023232e-09,0.34186443590518406,51.489255741026746,52.023295695409075,103.51255143643581,0.0908722045979885,-8.659585128339706e-12,5.626399411477745e-16
101,costs,2.5,1.0,0,20.0,5.0,premium_up_persistent,3.5830227673727677e-12,1.9667356686292603e-06,1.306459851863786e-10,0.2716247885646794,-1.8985559790962725e-09,optimal,432,5.732393726365359e-14,4.83479104237631,1,3.500537576874034e-11,20.467537942250917,79.53246205416946,7.150659191950547e-08,2.8883927257531337e-08,7.907918684604975e-09,64.46988436520107,64.80590110686698,129.27578547206804,0.05825543626337776,1.1791487653910887e-12,4.878915190017256e-16,8.247278592476634e-12,24.211511769661367,75.7791095374875,7.497326415712399,3.753352545701156,0.9378692026407932,64.16188899265315,65.38552126797958,129.54741026063272,0.0277043960864484,8.230374336974742e-11,5.68257463653965e-16,1.81199227822213e-11,20.467537935076162,79.53246206305313,5.742233934741829e-08,2.000025711444447e-08,5.871155534537586e-09,64.46988436709962,64.80590110604687,129.2757854731465,0.05825543616177888,2.411174306892239e-13,4.168865239692185e-16
102,costs,2.5,1.0,0,20.0,5.0,premium_down_reverting,3.5830227673727677e-12,1.9667356686292603e-06,1.306459851863786e-10,0.057187173267180924,-1.0136318451259285e-09,optimal,432,1.7971214794076928e-13,4.8542928751558065,0,3.2484557117807775e-11,20.464119278807992,79.53246207357742,6.8372886973040075,1.1653109724825853e-08,0.3418644366131669,51.489255740013114,53.189933587259034,104.67918932727216,0.02921527760795919,-1.1111804528978147e-11,5.685827243057107e-16,3.0483929548924364e-11,20.462326423126584,79.53246207199794,10.423003620951704,1.107270078181893e-08,0.5211501827084902,51.45982439327775,53.27655210726159,104.73637650053934,0.018814485418282838,4.5971756477925315e-11,3.522166282590722e-16,7.807206859895399e-12,20.46411928109222,79.532462073768,6.8372886897215865,9.460697761023232e-09,0.34186443590518406,51.489255741026746,53.18993358701118,104.67918932803792,0.029215277644660614,-1.4804742261682158e-11,5.47583083477382e-16
103,costs,2.5,1.0,0,20.0,5.0,premium_up_reverting,3.5830227673727677e-12,1.9667356686292603e-06,1.306459851863786e-10,0.14217871005837424,-1.8985559790962725e-09,optimal,432,-1.259183729507285e-13,4.866184459067881,1,3.500537576874034e-11,20.467537942250917,79.53246205416946,7.150659191950547e-08,2.8883927257531337e-08,7.907918684604975e-09,64.46988436520107,63.470079624460965,127.93996398966203,0.03611268417308433,-1.9920811082765567e-12,4.878915190017256e-16,-2.6133467555234345e-11,23.176265879981514,76.81694873194101,5.424241328301089,2.7155133511172966,0.6785390690826489,64.27418807021152,63.80795462950888,128.0821426997204,0.014009311722238554,7.75539909595173e-11,5.163106270647533e-16,1.81199227822213e-11,20.467537935076162,79.53246206305313,5.742233934741829e-08,2.000025711444447e-08,5.871155534537586e-09,64.46988436709962,63.470079623848044,127.93996399094766,0.03611268421169389,-2.4219189332330236e-12,4.712918957309067e-16
104,costs,2.5,1.0,0,20.0,5.0,alpha_up,3.5830227673727677e-12,1.9667356686292603e-06,1.306459851863786e-10,-6.241123173822416e-10,-3.992781216766161e-09,optimal,432,-1.4614698340409404e-13,4.802481499966234,0,2.7098469628017526e-11,20.467537923894536,79.53246207335879,2.3894423369052495e-08,1.658819440589887e-08,3.6829503293374552e-09,58.854550904306606,59.081059635042145,117.93561053934874,0.008406859707465903,7.72058151866364e-12,5.20090848070208e-16,-2.779099031952747e-11,20.467537923574405,79.53246207914835,3.3408680630664266e-08,2.6422583236853703e-08,5.633821517061269e-09,58.854550903995595,59.081059634729044,117.93561053872463,0.00840685923607068,6.121522916158366e-11,5.565220992978801e-16,-9.549006375514014e-11,20.467537931094924,79.53246207843038,2.7678329364586976e-08,6.568698921882817e-09,2.3692213065117716e-09,58.85455090829939,59.0810596334965,117.93561054179588,0.008406862771844598,9.358262941654414e-12,9.549050784434999e-11
105,costs,2.5,1.0,0,20.0,5.0,alpha_down,3.5830227673727677e-12,1.9667356686292603e-06,1.306459851863786e-10,8.151346264639869e-11,-3.763581446492026e-09,optimal,432,-6.979833377940281e-14,4.740302334073931,0,2.5782261929817277e-11,20.467537925097602,79.53246207228892,2.4001965153346574e-08,1.5492673439800507e-08,3.523999273637405e-09,56.99757868535519,57.19514532483306,114.19272401018824,0.008335664543717368,7.263799320199197e-12,4.473710527334589e-16,-5.3448655064699585e-11,20.467537928235537,79.53246207705426,3.626218013184125e-08,2.4614951257778867e-08,5.505351695258892e-09,56.99757868541149,57.19514532485827,114.19272401026976,0.00833566404152289,4.115093373682035e-11,5.899652244010144e-16,-3.7293308163142155e-11,20.46753792178512,79.53246208193066,1.707302747252033e-08,3.3347268954379785e-09,1.3538604079417133e-09,56.99757868911877,57.19514532285493,114.1927240119737,0.008335667228182898,9.740925832562824e-12,3.7293752252352005e-11
106,costs,2.5,1.0,0,20.0,5.0,anticipated_down,3.5830227673727677e-12,1.9667356686292603e-06,1.306459851863786e-10,8.05641775514232e-10,-2.935109932877822e-09,optimal,432,-1.3597629966444202e-13,4.777213333174586,0,2.606862138101469e-11,20.46753792453452,79.53246207282285,2.384486675777225e-08,1.589865650692581e-08,3.577041813927484e-09,57.92606479484257,51.707698617502906,109.63376341234547,0.41467208746054574,1.2363908182856653e-13,3.627182110881603e-16,-1.0727679644167011e-11,20.46753793444576,79.53246206658476,3.508381684891082e-08,1.6468629347390295e-08,4.2244852445540855e-09,57.92606479489396,51.70769861825715,109.63376341315112,0.41467208771793,-1.1873562231051953e-11,6.274873908015891e-16,-5.653259586711244e-11,20.467537924812294,79.53246208081524,2.6228323340627942e-08,8.40754423785634e-09,2.5725478027098477e-09,57.92606479777768,51.70769861629075,109.63376341406843,0.41467208956791135,-2.354186836224339e-11,5.653303995632229e-11
107,costs,2.5,1.0,0,20.0,5.0,anticipated_up,3.5830227673727677e-12,1.9667356686292603e-06,1.306459851863786e-10,-2.1739197109127417e-09,-2.935109932877822e-09,optimal,432,1.151249234832008e-13,4.818267040885985,47,2.606862138101469e-11,20.46753792453452,79.53246207282285,2.384486675777225e-08,1.589865650692581e-08,3.577041813927484e-09,57.92606479484257,64.7783751473297,122.70443994217226,0.05888580823158155,2.1937086012362216e-11,5.254602086119649e-16,-1.4023497280937358e-11,20.46753795849113,79.53246204280451,9.267430368064669e-08,4.024887920805586e-08,1.0671047065240713e-08,57.92606478928812,64.77837515071022,122.70443993999834,0.0588858121994044,3.365048975687186e-11,4.923015019304234e-16,-5.653259586711244e-11,20.467537924812294,79.53246208081524,2.6228323340627942e-08,8.40754423785634e-09,2.5725478027098477e-09,57.92606479777768,64.77837514669265,122.70443994447032,0.05888581024211489,-7.374196474543312e-12,5.653303995632229e-11
