source,case_id,scenario,policy,instrument,initial_holding_pct,current_trade_pct,posttrade_holding_pct,expected_next_trade_pct,current_cash_pct,current_cost_bp
revisions,0,unchanged,etf_only,Equity A,18.610334063055127,-7.591649531235589e-10,18.610334062295962,4.170675925246683e-09,-1.0907762959056012e-09,8.909729765514554e-10
revisions,0,unchanged,etf_only,Equity B,8.068674945874523,-7.591718920174628e-10,8.068674945115353,-2.554903803309233e-10,-1.0907762959056012e-09,8.909729765514554e-10
revisions,0,unchanged,etf_only,Duration A,12.114528577421572,-7.59170504238682e-10,12.114528576662401,0.04276058353561221,-1.0907762959056012e-09,8.909729765514554e-10
revisions,0,unchanged,etf_only,Duration B,1.6724847016877287e-08,-8.52056520708079e-09,8.204281809796498e-09,-2.143460303977496e-09,-1.0907762959056012e-09,8.909729765514554e-10
revisions,0,unchanged,etf_only,Credit A,30.716844675495008,-7.59170504238682e-10,30.71684467473584,2.067161424031178e-09,-1.0907762959056012e-09,8.909729765514554e-10
revisions,0,unchanged,etf_only,Credit B,10.017422815774566,-7.59170504238682e-10,10.017422815015395,-2.6287296991944826e-10,-1.0907762959056012e-09,8.909729765514554e-10
revisions,0,unchanged,etf_only,Equity ETF,20.472194896583108,4.3596626309039266e-09,20.47219490094277,-0.04317108651763434,-1.0907762959056012e-09,8.909729765514554e-10
revisions,0,unchanged,etf_only,Duration ETF,3.5683019987569593e-09,2.5157555986236507e-09,6.0840575973806104e-09,1.6706107774375757e-08,-1.0907762959056012e-09,8.909729765514554e-10
revisions,0,unchanged,etf_only,Credit ETF,5.143596833591611e-09,6.882196685700545e-09,1.2025793519292156e-08,-1.8437701851815203e-09,-1.0907762959056012e-09,8.909729765514554e-10
revisions,0,unchanged,myopic,Equity A,18.610334063055127,4.190731095476963e-10,18.610334063474202,2.6737668277991525e-09,1.876179466819579e-09,8.37235291597754e-10
revisions,0,unchanged,myopic,Equity B,8.068674945874523,1.7133239271771572e-10,8.068674946045856,-1.986057939120695e-10,1.876179466819579e-09,8.37235291597754e-10
revisions,0,unchanged,myopic,Duration A,12.114528577421572,1.1071643601923142e-09,12.114528578528736,0.04276058491674579,1.876179466819579e-09,8.37235291597754e-10
revisions,0,unchanged,myopic,Duration B,1.6724847016877287e-08,-1.0031058752598853e-08,6.693788264278433e-09,-2.2843150977641655e-09,1.876179466819579e-09,8.37235291597754e-10
revisions,0,unchanged,myopic,Credit A,30.716844675495008,2.4219737326802715e-09,30.71684467791698,1.5677196680747773e-09,1.876179466819579e-09,8.37235291597754e-10
revisions,0,unchanged,myopic,Credit B,10.017422815774566,1.3993070591133971e-09,10.017422817173873,-9.471816977865621e-11,1.876179466819579e-09,8.37235291597754e-10
revisions,0,unchanged,myopic,Equity ETF,20.472194896583108,2.2387869336171207e-09,20.472194898821897,-0.043171084882003996,1.876179466819579e-09,8.37235291597754e-10
revisions,0,unchanged,myopic,Duration ETF,3.5683019987569593e-09,2.172349460451254e-10,3.785536944802085e-09,1.4919511442369134e-08,1.876179466819579e-09,8.37235291597754e-10
revisions,0,unchanged,myopic,Credit ETF,5.143596833591611e-09,5.309691830998336e-10,5.674566016691445e-09,1.3861940306975748e-09,1.876179466819579e-09,8.37235291597754e-10
revisions,0,unchanged,dynamic,Equity A,18.610334063055127,7.014722136489127e-10,18.6103340637566,-6.979130911306039e-09,5.698885030571417e-10,1.186854203850081e-09
revisions,0,unchanged,dynamic,Equity B,8.068674945874523,7.034248183934722e-10,8.068674946577948,-2.1255830107867083e-09,5.698885030571417e-10,1.186854203850081e-09
revisions,0,unchanged,dynamic,Duration A,12.114528577421572,7.115238953581127e-10,12.114528578133097,0.04276053503260566,5.698885030571417e-10,1.186854203850081e-09
revisions,0,unchanged,dynamic,Duration B,1.6724847016877287e-08,-1.4775560151086574e-08,1.9492868657907127e-09,1.147948582549575e-08,5.698885030571417e-10,1.186854203850081e-09
revisions,0,unchanged,dynamic,Credit A,30.716844675495008,7.033040816395442e-10,30.716844676198313,-2.3868420100464675e-11,5.698885030571417e-10,1.186854203850081e-09
revisions,0,unchanged,dynamic,Credit B,10.017422815774566,7.103401200581061e-10,10.017422816484906,5.303788080020715e-10,5.698885030571417e-10,1.186854203850081e-09
revisions,0,unchanged,dynamic,Equity ETF,20.472194896583108,7.299688631334789e-10,20.472194897313077,-0.04317110135845194,5.698885030571417e-10,1.186854203850081e-09
revisions,0,unchanged,dynamic,Duration ETF,3.5683019987569593e-09,-1.2777871154996368e-09,2.2905148832573223e-09,6.648551848366769e-08,5.698885030571417e-10,1.186854203850081e-09
revisions,0,unchanged,dynamic,Credit ETF,5.143596833591611e-09,1.157089101340912e-08,1.6714487847000733e-08,1.1037483065871585e-08,5.698885030571417e-10,1.186854203850081e-09
revisions,1,premium_down_persistent,etf_only,Equity A,18.610334063055127,-6.217248937900877e-13,18.610334063054506,-1.2191185946555346e-09,5.716041367716338e-09,0.268429061690534
revisions,1,premium_down_persistent,etf_only,Equity B,8.068674945874523,-3.344546861683284e-13,8.06867494587419,-1.110766743180418e-09,5.716041367716338e-09,0.268429061690534
revisions,1,premium_down_persistent,etf_only,Duration A,12.114528577421572,2.213507155346406e-12,12.114528577423785,1.3488274228135928,5.716041367716338e-09,0.268429061690534
revisions,1,premium_down_persistent,etf_only,Duration B,1.6724847016877287e-08,-1.5282673214449082e-08,1.4421738024282042e-09,7.757047932738409e-09,5.716041367716338e-09,0.268429061690534
revisions,1,premium_down_persistent,etf_only,Credit A,30.716844675495008,1.1546319456101628e-12,30.716844675496162,5.248080982135482e-09,5.716041367716338e-09,0.268429061690534
revisions,1,premium_down_persistent,etf_only,Credit B,10.017422815774566,1.3739009929736312e-12,10.01742281577594,7.151110728524597e-09,5.716041367716338e-09,0.268429061690534
revisions,1,premium_down_persistent,etf_only,Equity ETF,20.472194896583108,-6.712068663500248,13.760126233082861,-1.1478082934954372,5.716041367716338e-09,0.268429061690534
revisions,1,premium_down_persistent,etf_only,Duration ETF,3.5683019987569593e-09,6.709384363500451,6.709384367068753,-0.20204431780462892,5.716041367716338e-09,0.268429061690534
revisions,1,premium_down_persistent,etf_only,Credit ETF,5.143596833591611e-09,1.9305072676634505e-08,2.4448669510226115e-08,6.431715377272851e-09,5.716041367716338e-09,0.268429061690534
revisions,1,premium_down_persistent,myopic,Equity A,18.610334063055127,-1.2894518786055187e-09,18.610334061765677,-1.4778060205596952e-09,1.0650232201681563e-09,0.48881931889510505
revisions,1,premium_down_persistent,myopic,Equity B,8.068674945874523,-6.370987071235845e-10,8.068674945237426,-8.012726541943521e-10,1.0650232201681563e-09,0.48881931889510505
revisions,1,premium_down_persistent,myopic,Duration A,12.114528577421572,6.981736450246344,19.096265027667915,0.7203640332393512,1.0650232201681563e-09,0.48881931889510505
revisions,1,premium_down_persistent,myopic,Duration B,1.6724847016877287e-08,-2.8473262791798028e-09,1.3877520737697484e-08,5.284106367205136e-10,1.0650232201681563e-09,0.48881931889510505
revisions,1,premium_down_persistent,myopic,Credit A,30.716844675495008,6.941691665929284e-09,30.7168446824367,5.154121316984246e-09,1.0650232201681563e-09,0.48881931889510505
revisions,1,premium_down_persistent,myopic,Credit B,10.017422815774566,8.396394690635134e-09,10.01742282417096,1.8663141068583793e-08,1.0650232201681563e-09,0.48881931889510505
revisions,1,premium_down_persistent,myopic,Equity ETF,20.472194896583108,-6.986624711782341,13.48557018480077,-0.8247268235191398,1.0650232201681563e-09,0.48881931889510505
revisions,1,premium_down_persistent,myopic,Duration ETF,3.5683019987569593e-09,3.127531537081946e-08,3.4843617369576414e-08,0.10373508307897651,1.0650232201681563e-09,0.48881931889510505
revisions,1,premium_down_persistent,myopic,Credit ETF,5.143596833591611e-09,2.5801832753679727e-08,3.094542958727134e-08,2.6214836741943106e-08,1.0650232201681563e-09,0.48881931889510505
revisions,1,premium_down_persistent,dynamic,Equity A,18.610334063055127,-2.0650148258027912e-11,18.61033406303448,-4.148638364427276e-09,1.020231125872361e-09,0.6224921597827043
revisions,1,premium_down_persistent,dynamic,Equity B,8.068674945874523,-6.246392292297287e-12,8.068674945868278,-2.3375752626003044e-09,1.020231125872361e-09,0.6224921597827043
revisions,1,premium_down_persistent,dynamic,Duration A,12.114528577421572,8.890966586108355,21.00549516352993,0.13123098396679642,1.020231125872361e-09,0.6224921597827043
revisions,1,premium_down_persistent,dynamic,Duration B,1.6724847016877287e-08,-5.595438795343993e-09,1.1129408221533294e-08,8.782959998030619e-09,1.020231125872361e-09,0.6224921597827043
revisions,1,premium_down_persistent,dynamic,Credit A,30.716844675495008,6.747380432159389e-11,30.716844675562484,6.8985434134685835e-09,1.020231125872361e-09,0.6224921597827043
revisions,1,premium_down_persistent,dynamic,Credit B,10.017422815774566,3.0249136528937015e-10,10.017422816077058,1.3190263814958922e-08,1.020231125872361e-09,0.6224921597827043
revisions,1,premium_down_persistent,dynamic,Equity ETF,20.472194896583108,-8.897191504627267,11.575003391955843,-0.20780018088385216,1.020231125872361e-09,0.6224921597827043
revisions,1,premium_down_persistent,dynamic,Duration ETF,3.5683019987569593e-09,-1.3718744838786694e-09,2.19642751487829e-09,0.07627800558402421,1.020231125872361e-09,0.6224921597827043
revisions,1,premium_down_persistent,dynamic,Credit ETF,5.143596833591611e-09,2.8844350372706574e-09,8.028031870862268e-09,7.578303842519428e-08,1.020231125872361e-09,0.6224921597827043
revisions,2,premium_up_persistent,etf_only,Equity A,18.610334063055127,-6.305150845875573e-10,18.610334062424613,4.502838945329723e-09,2.4510337561629616e-09,1.6251253513619997e-09
revisions,2,premium_up_persistent,etf_only,Equity B,8.068674945874523,-6.274897268454538e-10,8.068674945247034,8.8886177385785e-10,2.4510337561629616e-09,1.6251253513619997e-09
revisions,2,premium_up_persistent,etf_only,Duration A,12.114528577421572,-6.286068887639829e-10,12.114528576792965,-6.385246883248877,2.4510337561629616e-09,1.6251253513619997e-09
revisions,2,premium_up_persistent,etf_only,Duration B,1.6724847016877287e-08,-1.53704009691822e-08,1.3544460476950906e-09,-6.002763772851069e-10,2.4510337561629616e-09,1.6251253513619997e-09
revisions,2,premium_up_persistent,etf_only,Credit A,30.716844675495008,-6.147415909651954e-10,30.716844674880267,-2.9767945580224697e-08,2.4510337561629616e-09,1.6251253513619997e-09
revisions,2,premium_up_persistent,etf_only,Credit B,10.017422815774566,-6.152328646535921e-10,10.017422815159334,-0.17932167344942232,2.4510337561629616e-09,1.6251253513619997e-09
revisions,2,premium_up_persistent,etf_only,Equity ETF,20.472194896583108,2.57089183275383e-08,20.47219492229203,6.559974302678731,2.4510337561629616e-09,1.6251253513619997e-09
revisions,2,premium_up_persistent,etf_only,Duration ETF,3.5683019987569593e-09,-3.916355825155044e-09,-3.480538263980847e-10,9.537649761846475e-10,2.4510337561629616e-09,1.6251253513619997e-09
revisions,2,premium_up_persistent,etf_only,Credit ETF,5.143596833591611e-09,-5.413525602911681e-09,-2.699287693200706e-10,9.289179743020215e-10,2.4510337561629616e-09,1.6251253513619997e-09
revisions,2,premium_up_persistent,myopic,Equity A,18.610334063055127,3.1796953958718177e-09,18.610334066234824,-1.0803242579065439e-08,3.1410129021130963e-09,0.48909979088053473
revisions,2,premium_up_persistent,myopic,Equity B,8.068674945874523,9.580017334975821e-10,8.068674946832525,5.312896325942597e-10,3.1410129021130963e-09,0.48909979088053473
revisions,2,premium_up_persistent,myopic,Duration A,12.114528577421572,-6.9885372369649925,5.125991340456581,-0.06957188507624884,3.1410129021130963e-09,0.48909979088053473
revisions,2,premium_up_persistent,myopic,Duration B,1.6724847016877287e-08,-1.4871980682572318e-08,1.8528663343049695e-09,-1.4520165188642807e-09,3.1410129021130963e-09,0.48909979088053473
revisions,2,premium_up_persistent,myopic,Credit A,30.716844675495008,-8.0744688712997e-09,30.71684466742054,-0.01643953995635088,3.1410129021130963e-09,0.48909979088053473
revisions,2,premium_up_persistent,myopic,Credit B,10.017422815774566,-3.230759271222183e-08,10.017422783466975,-0.22983681976339454,3.1410129021130963e-09,0.48909979088053473
revisions,2,premium_up_persistent,myopic,Equity ETF,20.472194896583108,6.983646295262883,27.45584119184599,0.31529699303702563,3.1410129021130963e-09,0.48909979088053473
revisions,2,premium_up_persistent,myopic,Duration ETF,3.5683019987569593e-09,-3.213856634188554e-09,3.5444536456840557e-10,8.617908857900296e-10,3.1410129021130963e-09,0.48909979088053473
revisions,2,premium_up_persistent,myopic,Credit ETF,5.143596833591611e-09,-4.658172219735487e-09,4.854246138561241e-10,3.03516043122107e-10,3.1410129021130963e-09,0.48909979088053473
revisions,2,premium_up_persistent,dynamic,Equity A,18.610334063055127,1.0635936575909e-11,18.610334063065764,-1.138803609026354e-08,1.754377303424693e-09,0.5881908727174484
revisions,2,premium_up_persistent,dynamic,Equity B,8.068674945874523,5.1861293037802625e-12,8.06867494587971,-3.4726244834939687e-10,1.754377303424693e-09,0.5881908727174484
revisions,2,premium_up_persistent,dynamic,Duration A,12.114528577421572,-8.404407277487737,3.7101212999338355,0.14708936635744876,1.754377303424693e-09,0.5881908727174484
revisions,2,premium_up_persistent,dynamic,Duration B,1.6724847016877287e-08,-1.557153601367848e-08,1.1533110031988077e-09,4.229584098858001e-09,1.754377303424693e-09,0.5881908727174484
revisions,2,premium_up_persistent,dynamic,Credit A,30.716844675495008,-6.706857291760571e-11,30.71684467542794,-0.022641168405856633,1.754377303424693e-09,0.5881908727174484
revisions,2,premium_up_persistent,dynamic,Credit B,10.017422815774566,-1.4030304695822338e-10,10.017422815634264,-0.23773894994511702,1.754377303424693e-09,0.5881908727174484
revisions,2,premium_up_persistent,dynamic,Equity ETF,20.472194896583108,8.39852539289743,28.870720289480538,0.11277881790488671,1.754377303424693e-09,0.5881908727174484
revisions,2,premium_up_persistent,dynamic,Duration ETF,3.5683019987569593e-09,-3.812911541590919e-09,-2.4460954283396e-10,1.1697668189172064e-08,1.754377303424693e-09,0.5881908727174484
revisions,2,premium_up_persistent,dynamic,Credit ETF,5.143596833591611e-09,-5.955913428490253e-09,-8.123165948986414e-10,8.631870214489216e-09,1.754377303424693e-09,0.5881908727174484
revisions,3,premium_down_reverting,etf_only,Equity A,18.610334063055127,-6.217248937900877e-13,18.610334063054506,-3.680985088498159e-09,5.716041367716338e-09,0.268429061690534
revisions,3,premium_down_reverting,etf_only,Equity B,8.068674945874523,-3.344546861683284e-13,8.06867494587419,-1.4371224760634652e-10,5.716041367716338e-09,0.268429061690534
revisions,3,premium_down_reverting,etf_only,Duration A,12.114528577421572,2.213507155346406e-12,12.114528577423785,0.3761831136330118,5.716041367716338e-09,0.268429061690534
revisions,3,premium_down_reverting,etf_only,Duration B,1.6724847016877287e-08,-1.5282673214449082e-08,1.4421738024282042e-09,4.466687601038573e-09,5.716041367716338e-09,0.268429061690534
revisions,3,premium_down_reverting,etf_only,Credit A,30.716844675495008,1.1546319456101628e-12,30.716844675496162,4.011875515439221e-09,5.716041367716338e-09,0.268429061690534
revisions,3,premium_down_reverting,etf_only,Credit B,10.017422815774566,1.3739009929736312e-12,10.01742281577594,4.274127650313773e-09,5.716041367716338e-09,0.268429061690534
revisions,3,premium_down_reverting,etf_only,Equity ETF,20.472194896583108,-6.712068663500248,13.760126233082861,-0.09605051207434369,5.716041367716338e-09,0.268429061690534
revisions,3,premium_down_reverting,etf_only,Duration ETF,3.5683019987569593e-09,6.709384363500451,6.709384367068753,-0.2805081724767402,5.716041367716338e-09,0.268429061690534
revisions,3,premium_down_reverting,etf_only,Credit ETF,5.143596833591611e-09,1.9305072676634505e-08,2.4448669510226115e-08,4.934137637511714e-09,5.716041367716338e-09,0.268429061690534
revisions,3,premium_down_reverting,myopic,Equity A,18.610334063055127,-1.2894518786055187e-09,18.610334061765677,-8.752715501969135e-10,1.0650232201681563e-09,0.48881931889510505
revisions,3,premium_down_reverting,myopic,Equity B,8.068674945874523,-6.370987071235845e-10,8.068674945237426,-4.2170601501541846e-10,1.0650232201681563e-09,0.48881931889510505
revisions,3,premium_down_reverting,myopic,Duration A,12.114528577421572,6.981736450246344,19.096265027667915,0.132646845280521,1.0650232201681563e-09,0.48881931889510505
revisions,3,premium_down_reverting,myopic,Duration B,1.6724847016877287e-08,-2.8473262791798028e-09,1.3877520737697484e-08,-7.14513315578741e-11,1.0650232201681563e-09,0.48881931889510505
revisions,3,premium_down_reverting,myopic,Credit A,30.716844675495008,6.941691665929284e-09,30.7168446824367,3.89673354026674e-09,1.0650232201681563e-09,0.48881931889510505
revisions,3,premium_down_reverting,myopic,Credit B,10.017422815774566,8.396394690635134e-09,10.01742282417096,3.831031791312816e-09,1.0650232201681563e-09,0.48881931889510505
revisions,3,premium_down_reverting,myopic,Equity ETF,20.472194896583108,-6.986624711782341,13.48557018480077,-0.1821152673609909,1.0650232201681563e-09,0.48881931889510505
revisions,3,premium_down_reverting,myopic,Duration ETF,3.5683019987569593e-09,3.127531537081946e-08,3.4843617369576414e-08,0.04915006543975347,1.0650232201681563e-09,0.48881931889510505
revisions,3,premium_down_reverting,myopic,Credit ETF,5.143596833591611e-09,2.5801832753679727e-08,3.094542958727134e-08,6.582688340284948e-09,1.0650232201681563e-09,0.48881931889510505
revisions,3,premium_down_reverting,dynamic,Equity A,18.610334063055127,-1.8549051183924803e-11,18.61033406303658,-3.1092745276610005e-09,5.995015207459382e-10,0.5525589287202615
revisions,3,premium_down_reverting,dynamic,Equity B,8.068674945874523,-7.994993556081909e-12,8.06867494586653,-1.7517743075310977e-09,5.995015207459382e-10,0.5525589287202615
revisions,3,premium_down_reverting,dynamic,Duration A,12.114528577421572,7.892120235943505,20.00664881336508,0.047271454784656386,5.995015207459382e-10,0.5525589287202615
revisions,3,premium_down_reverting,dynamic,Duration B,1.6724847016877287e-08,-6.508262153872426e-09,1.0216584863004861e-08,5.3904639840955225e-09,5.995015207459382e-10,0.5525589287202615
revisions,3,premium_down_reverting,dynamic,Credit A,30.716844675495008,7.103206911551752e-11,30.71684467556604,3.1488518582713087e-09,5.995015207459382e-10,0.5525589287202615
revisions,3,premium_down_reverting,dynamic,Credit B,10.017422815774566,1.6664863933257834e-10,10.017422815941215,5.1800854211790785e-09,5.995015207459382e-10,0.5525589287202615
revisions,3,premium_down_reverting,dynamic,Equity ETF,20.472194896583108,-7.897645824198424,12.574549072384686,-0.08362396127594175,5.995015207459382e-10,0.5525589287202615
revisions,3,premium_down_reverting,dynamic,Duration ETF,3.5683019987569593e-09,4.26633421473648e-09,7.834636213493439e-09,0.036057708977996435,5.995015207459382e-10,0.5525589287202615
revisions,3,premium_down_reverting,dynamic,Credit ETF,5.143596833591611e-09,7.583405174593383e-10,5.901937351050949e-09,2.4270782433155685e-08,5.995015207459382e-10,0.5525589287202615
revisions,4,premium_up_reverting,etf_only,Equity A,18.610334063055127,-6.305150845875573e-10,18.610334062424613,2.9525516676626787e-09,2.4510337561629616e-09,1.6251253513619997e-09
revisions,4,premium_up_reverting,etf_only,Equity B,8.068674945874523,-6.274897268454538e-10,8.068674945247034,9.438330132881416e-10,2.4510337561629616e-09,1.6251253513619997e-09
revisions,4,premium_up_reverting,etf_only,Duration A,12.114528577421572,-6.286068887639829e-10,12.114528576792965,-4.436584903929915,2.4510337561629616e-09,1.6251253513619997e-09
revisions,4,premium_up_reverting,etf_only,Duration B,1.6724847016877287e-08,-1.53704009691822e-08,1.3544460476950906e-09,-5.772225048896889e-10,2.4510337561629616e-09,1.6251253513619997e-09
revisions,4,premium_up_reverting,etf_only,Credit A,30.716844675495008,-6.147415909651954e-10,30.716844674880267,-9.035446195250332e-09,2.4510337561629616e-09,1.6251253513619997e-09
revisions,4,premium_up_reverting,etf_only,Credit B,10.017422815774566,-6.152328646535921e-10,10.017422815159334,-0.0970297262661077,2.4510337561629616e-09,1.6251253513619997e-09
revisions,4,premium_up_reverting,etf_only,Equity ETF,20.472194896583108,2.57089183275383e-08,20.47219492229203,4.530441739525323,2.4510337561629616e-09,1.6251253513619997e-09
revisions,4,premium_up_reverting,etf_only,Duration ETF,3.5683019987569593e-09,-3.916355825155044e-09,-3.480538263980847e-10,1.5937325970692534e-09,2.4510337561629616e-09,1.6251253513619997e-09
revisions,4,premium_up_reverting,etf_only,Credit ETF,5.143596833591611e-09,-5.413525602911681e-09,-2.699287693200706e-10,1.2244145993176367e-09,2.4510337561629616e-09,1.6251253513619997e-09
revisions,4,premium_up_reverting,myopic,Equity A,18.610334063055127,3.1796953958718177e-09,18.610334066234824,-1.744738818441639e-09,3.1410129021130963e-09,0.48909979088053473
revisions,4,premium_up_reverting,myopic,Equity B,8.068674945874523,9.580017334975821e-10,8.068674946832525,-5.144280063657561e-11,3.1410129021130963e-09,0.48909979088053473
revisions,4,premium_up_reverting,myopic,Duration A,12.114528577421572,-6.9885372369649925,5.125991340456581,0.1101370348010132,3.1410129021130963e-09,0.48909979088053473
revisions,4,premium_up_reverting,myopic,Duration B,1.6724847016877287e-08,-1.4871980682572318e-08,1.8528663343049695e-09,-3.767921917227408e-10,3.1410129021130963e-09,0.48909979088053473
revisions,4,premium_up_reverting,myopic,Credit A,30.716844675495008,-8.0744688712997e-09,30.71684466742054,-3.586966850087513e-08,3.1410129021130963e-09,0.48909979088053473
revisions,4,premium_up_reverting,myopic,Credit B,10.017422815774566,-3.230759271222183e-08,10.017422783466975,-0.160899106599191,3.1410129021130963e-09,0.48909979088053473
revisions,4,premium_up_reverting,myopic,Equity ETF,20.472194896583108,6.983646295262883,27.45584119184599,0.050272522353411994,3.1410129021130963e-09,0.48909979088053473
revisions,4,premium_up_reverting,myopic,Duration ETF,3.5683019987569593e-09,-3.213856634188554e-09,3.5444536456840557e-10,2.2573030232641158e-09,3.1410129021130963e-09,0.48909979088053473
revisions,4,premium_up_reverting,myopic,Credit ETF,5.143596833591611e-09,-4.658172219735487e-09,4.854246138561241e-10,1.3142998021337532e-09,3.1410129021130963e-09,0.48909979088053473
revisions,4,premium_up_reverting,dynamic,Equity A,18.610334063055127,1.1599055049771323e-11,18.610334063066727,-1.6496098744962422e-08,3.639202457992371e-09,0.5175459791394738
revisions,4,premium_up_reverting,dynamic,Equity B,8.068674945874523,6.0423888115224145e-12,8.068674945880566,-1.5196295514379676e-09,3.639202457992371e-09,0.5175459791394738
revisions,4,premium_up_reverting,dynamic,Duration A,12.114528577421572,-7.39499267010959,4.7195359073119825,0.1481210312675222,3.639202457992371e-09,0.5175459791394738
revisions,4,premium_up_reverting,dynamic,Duration B,1.6724847016877287e-08,-1.5614507201818897e-08,1.1103398150583888e-09,5.575699407716771e-09,3.639202457992371e-09,0.5175459791394738
revisions,4,premium_up_reverting,dynamic,Credit A,30.716844675495008,-7.738809593149654e-11,30.71684467541762,-1.7570395151682645e-08,3.639202457992371e-09,0.5175459791394738
revisions,4,premium_up_reverting,dynamic,Credit B,10.017422815774566,-1.7683771114107572e-10,10.01742281559773,-0.1646137941559774,3.639202457992371e-09,0.5175459791394738
revisions,4,premium_up_reverting,dynamic,Equity ETF,20.472194896583108,7.389817232436599,27.86201212901971,0.015997758262563475,3.639202457992371e-09,0.5175459791394738
revisions,4,premium_up_reverting,dynamic,Duration ETF,3.5683019987569593e-09,-4.357838838708831e-09,-7.895368399518711e-10,1.7044205720764495e-08,3.639202457992371e-09,0.5175459791394738
revisions,4,premium_up_reverting,dynamic,Credit ETF,5.143596833591611e-09,-5.189340826102871e-09,-4.574399251125893e-11,1.043642777753631e-08,3.639202457992371e-09,0.5175459791394738
revisions,5,alpha_up,etf_only,Equity A,18.610334063055127,-1.695305007487491e-09,18.610334061359822,0.29419722887685323,-2.072317368531188e-09,1.2124774540318617e-09
revisions,5,alpha_up,etf_only,Equity B,8.068674945874523,-1.704340835129159e-09,8.068674944170183,-2.0759985792543105e-09,-2.072317368531188e-09,1.2124774540318617e-09
revisions,5,alpha_up,etf_only,Duration A,12.114528577421572,-1.704340835129159e-09,12.114528575717232,0.020423837142033573,-2.072317368531188e-09,1.2124774540318617e-09
revisions,5,alpha_up,etf_only,Duration B,1.6724847016877287e-08,-6.92336539972194e-09,9.801481617155346e-09,-5.0050917069045025e-09,-2.072317368531188e-09,1.2124774540318617e-09
revisions,5,alpha_up,etf_only,Credit A,30.716844675495008,-1.7043366717928166e-09,30.71684467379067,-2.589156898139914e-10,-2.072317368531188e-09,1.2124774540318617e-09
revisions,5,alpha_up,etf_only,Credit B,10.017422815774566,-1.704340835129159e-09,10.017422814070226,-9.943753064397786e-09,-2.072317368531188e-09,1.2124774540318617e-09
revisions,5,alpha_up,etf_only,Equity ETF,20.472194896583108,1.5846957079901358e-08,20.472194912430066,-0.31513591032884736,-2.072317368531188e-09,1.2124774540318617e-09
revisions,5,alpha_up,etf_only,Duration ETF,3.5683019987569593e-09,4.097720771673416e-09,7.666022770430376e-09,2.49411213989779e-08,-2.072317368531188e-09,1.2124774540318617e-09
revisions,5,alpha_up,etf_only,Credit ETF,5.143596833591611e-09,-2.089120889044001e-09,3.0544759445476104e-09,5.481002882357502e-09,-2.072317368531188e-09,1.2124774540318617e-09
revisions,5,alpha_up,myopic,Equity A,18.610334063055127,4.011521947955288e-08,18.61033410317035,0.29419721618415084,2.847854011586439e-09,3.4336052730710907e-09
revisions,5,alpha_up,myopic,Equity B,8.068674945874523,-3.242321688912142e-09,8.068674942632201,-9.787605364817721e-10,2.847854011586439e-09,3.4336052730710907e-09
revisions,5,alpha_up,myopic,Duration A,12.114528577421572,-2.216407612998239e-10,12.114528577199932,0.020423847208221775,2.847854011586439e-09,3.4336052730710907e-09
revisions,5,alpha_up,myopic,Duration B,1.6724847016877287e-08,-1.3165171370450904e-08,3.559675646426384e-09,-1.345517177169827e-09,2.847854011586439e-09,3.4336052730710907e-09
revisions,5,alpha_up,myopic,Credit A,30.716844675495008,-3.5321745528449355e-10,30.71684467514179,1.2889360360927748e-10,2.847854011586439e-09,3.4336052730710907e-09
revisions,5,alpha_up,myopic,Credit B,10.017422815774566,-2.1870755206876424e-09,10.01742281358749,-4.218725131321522e-09,2.847854011586439e-09,3.4336052730710907e-09
revisions,5,alpha_up,myopic,Equity ETF,20.472194896583108,-1.829965345923057e-08,20.472194878283457,-0.3151359027025108,2.847854011586439e-09,3.4336052730710907e-09
revisions,5,alpha_up,myopic,Duration ETF,3.5683019987569593e-09,-2.207055255690755e-09,1.3612467430662045e-09,1.6029218439270774e-08,2.847854011586439e-09,3.4336052730710907e-09
revisions,5,alpha_up,myopic,Credit ETF,5.143596833591611e-09,-2.961939248163516e-09,2.181657585428095e-09,2.52611858789596e-09,2.847854011586439e-09,3.4336052730710907e-09
revisions,5,alpha_up,dynamic,Equity A,18.610334063055127,3.2806608892694182,21.890994952324547,0.2761919592287876,3.765553098283511e-09,0.22969220091010853
revisions,5,alpha_up,dynamic,Equity B,8.068674945874523,-7.0263239670964595e-12,8.068674945867498,-3.3408562246383397e-09,3.765553098283511e-09,0.22969220091010853
revisions,5,alpha_up,dynamic,Duration A,12.114528577421572,-5.954958748333183e-12,12.114528577415618,0.047476985858000476,3.765553098283511e-09,0.22969220091010853
revisions,5,alpha_up,dynamic,Duration B,1.6724847016877287e-08,-4.960372212907277e-09,1.1764474803970008e-08,5.455358535144648e-09,3.765553098283511e-09,0.22969220091010853
revisions,5,alpha_up,dynamic,Credit A,30.716844675495008,-1.1878831251976862e-10,30.71684467537622,-3.0567561085207183e-10,3.765553098283511e-09,0.22969220091010853
revisions,5,alpha_up,dynamic,Credit B,10.017422815774566,-5.953570969552402e-12,10.017422815768613,1.6774548506924318e-09,3.765553098283511e-09,0.22969220091010853
revisions,5,alpha_up,dynamic,Equity ETF,20.472194896583108,-3.2829578020288688,17.18923709455424,-0.3241726418230087,3.765553098283511e-09,0.22969220091010853
revisions,5,alpha_up,dynamic,Duration ETF,3.5683019987569593e-09,-3.2644688254791303e-09,3.0383317327782935e-10,4.898186754972776e-07,3.765553098283511e-09,0.22969220091010853
revisions,5,alpha_up,dynamic,Credit ETF,5.143596833591611e-09,-4.29330507688413e-09,8.502917567074813e-10,6.411508175397392e-08,3.765553098283511e-09,0.22969220091010853
revisions,6,alpha_down,etf_only,Equity A,18.610334063055127,-9.54256118568253e-10,18.610334062100872,-0.3492438286103138,-1.3171910380890763e-09,6.419576723456789e-10
revisions,6,alpha_down,etf_only,Equity B,8.068674945874523,-9.47067424483805e-10,8.068674944927457,-5.7964228517312936e-11,-1.3171910380890763e-09,6.419576723456789e-10
revisions,6,alpha_down,etf_only,Duration A,12.114528577421572,-9.47067424483805e-10,12.114528576474505,0.0765062000123092,-1.3171910380890763e-09,6.419576723456789e-10
revisions,6,alpha_down,etf_only,Duration B,1.6724847016877287e-08,-2.0421139249132e-09,1.4682733091964087e-08,-8.025430644748406e-09,-1.3171910380890763e-09,6.419576723456789e-10
revisions,6,alpha_down,etf_only,Credit A,30.716844675495008,-9.470590978111204e-10,30.71684467454795,1.4110113412042404e-09,-1.3171910380890763e-09,6.419576723456789e-10
revisions,6,alpha_down,etf_only,Credit B,10.017422815774566,-9.470646489262435e-10,10.017422814827501,-8.711142339875149e-11,-1.3171910380890763e-09,6.419576723456789e-10
revisions,6,alpha_down,etf_only,Equity ETF,20.472194896583108,9.906539477633203e-09,20.472194906489648,0.2719646579360172,-1.3171910380890763e-09,6.419576723456789e-10
revisions,6,alpha_down,etf_only,Duration ETF,3.5683019987569593e-09,-3.3407885673078212e-09,2.275134314491381e-10,2.1998201428936956e-08,-1.3171910380890763e-09,6.419576723456789e-10
revisions,6,alpha_down,etf_only,Credit ETF,5.143596833591611e-09,1.8889839743768433e-09,7.0325808079684546e-09,0.00023348483527347135,-1.3171910380890763e-09,6.419576723456789e-10
revisions,6,alpha_down,myopic,Equity A,18.610334063055127,-1.3030715395601078e-09,18.610334061752056,-0.34924380296027363,1.1657490954669272e-09,8.730707855541422e-10
revisions,6,alpha_down,myopic,Equity B,8.068674945874523,-4.012110088602583e-10,8.068674945473314,4.065893519500785e-10,1.1657490954669272e-09,8.730707855541422e-10
revisions,6,alpha_down,myopic,Duration A,12.114528577421572,-1.0177969578251123e-11,12.114528577411395,0.0765062917864828,1.1657490954669272e-09,8.730707855541422e-10
revisions,6,alpha_down,myopic,Duration B,1.6724847016877287e-08,-1.0616419562617346e-08,6.108427454259941e-09,-1.904818723746392e-09,1.1657490954669272e-09,8.730707855541422e-10
revisions,6,alpha_down,myopic,Credit A,30.716844675495008,6.859290913041605e-10,30.716844676180937,1.3750524510177701e-09,1.1657490954669272e-09,8.730707855541422e-10
revisions,6,alpha_down,myopic,Credit B,10.017422815774566,-3.388539449034056e-11,10.017422815740682,-1.7063569243280367e-09,1.1657490954669272e-09,8.730707855541422e-10
revisions,6,alpha_down,myopic,Equity ETF,20.472194896583108,9.558556723909817e-09,20.472194906141667,0.27196465839282224,1.1657490954669272e-09,8.730707855541422e-10
revisions,6,alpha_down,myopic,Duration ETF,3.5683019987569593e-09,-8.155574852554874e-11,3.4867462502314106e-09,1.701057176661627e-08,1.1657490954669272e-09,8.730707855541422e-10
revisions,6,alpha_down,myopic,Credit ETF,5.143596833591611e-09,1.3866903892455842e-09,6.530287222837195e-09,0.00023336825674137614,1.1657490954669272e-09,8.730707855541422e-10
revisions,6,alpha_down,dynamic,Equity A,18.610334063055127,-3.7942479510787495,14.816086111976379,-0.28639403136607694,1.2970881615011415e-09,0.26554424868143295
revisions,6,alpha_down,dynamic,Equity B,8.068674945874523,1.5813739207004573e-11,8.068674945890338,-2.791784711073825e-10,1.2970881615011415e-09,0.26554424868143295
revisions,6,alpha_down,dynamic,Duration A,12.114528577421572,1.5448753387659053e-11,12.11452857743702,0.016576108680040016,1.2970881615011415e-09,0.26554424868143295
revisions,6,alpha_down,dynamic,Duration B,1.6724847016877287e-08,-1.103245449630602e-08,5.692392520571267e-09,6.329461037284867e-09,1.2970881615011415e-09,0.26554424868143295
revisions,6,alpha_down,dynamic,Credit A,30.716844675495008,-2.3475665855698935e-11,30.716844675471535,7.782396640701158e-10,1.2970881615011415e-09,0.26554424868143295
revisions,6,alpha_down,dynamic,Credit B,10.017422815774566,1.582900477359317e-11,10.017422815790395,1.108495021596424e-09,1.2970881615011415e-09,0.26554424868143295
revisions,6,alpha_down,dynamic,Equity ETF,20.472194896583108,3.7915925175857232,24.26378741416883,0.2693350132055099,1.2970881615011415e-09,0.26554424868143295
revisions,6,alpha_down,dynamic,Duration ETF,3.5683019987569593e-09,6.05439697081141e-09,9.62269896956837e-09,3.8827520136218794e-08,1.2970881615011415e-09,0.26554424868143295
revisions,6,alpha_down,dynamic,Credit ETF,5.143596833591611e-09,-4.97709977307421e-09,1.6649706051740135e-10,1.784412389148974e-08,1.2970881615011415e-09,0.26554424868143295
revisions,7,anticipated_down,etf_only,Equity A,18.610334063055127,-7.591649531235589e-10,18.610334062295962,-2.489021482491264e-09,-1.0907762959056012e-09,8.909729765514554e-10
revisions,7,anticipated_down,etf_only,Equity B,8.068674945874523,-7.591718920174628e-10,8.068674945115353,-4.3288864005742844e-10,-1.0907762959056012e-09,8.909729765514554e-10
revisions,7,anticipated_down,etf_only,Duration A,12.114528577421572,-7.59170504238682e-10,12.114528576662401,7.43078460033013,-1.0907762959056012e-09,8.909729765514554e-10
revisions,7,anticipated_down,etf_only,Duration B,1.6724847016877287e-08,-8.52056520708079e-09,8.204281809796498e-09,-3.449040232425727e-10,-1.0907762959056012e-09,8.909729765514554e-10
revisions,7,anticipated_down,etf_only,Credit A,30.716844675495008,-7.59170504238682e-10,30.71684467473584,7.631055856660574e-09,-1.0907762959056012e-09,8.909729765514554e-10
revisions,7,anticipated_down,etf_only,Credit B,10.017422815774566,-7.59170504238682e-10,10.017422815015395,3.021261840245131e-08,-1.0907762959056012e-09,8.909729765514554e-10
revisions,7,anticipated_down,etf_only,Equity ETF,20.472194896583108,4.3596626309039266e-09,20.47219490094277,-7.644033524238727,-1.0907762959056012e-09,8.909729765514554e-10
revisions,7,anticipated_down,etf_only,Duration ETF,3.5683019987569593e-09,2.5157555986236507e-09,6.0840575973806104e-09,0.20189211111798822,-1.0907762959056012e-09,8.909729765514554e-10
revisions,7,anticipated_down,etf_only,Credit ETF,5.143596833591611e-09,6.882196685700545e-09,1.2025793519292156e-08,0.0060709860232296235,-1.0907762959056012e-09,8.909729765514554e-10
revisions,7,anticipated_down,myopic,Equity A,18.610334063055127,4.190731095476963e-10,18.610334063474202,-2.401831710627963e-09,1.876179466819579e-09,8.37235291597754e-10
revisions,7,anticipated_down,myopic,Equity B,8.068674945874523,1.7133239271771572e-10,8.068674946045856,-3.868827647649467e-10,1.876179466819579e-09,8.37235291597754e-10
revisions,7,anticipated_down,myopic,Duration A,12.114528577421572,1.1071643601923142e-09,12.114528578528736,7.430784607366657,1.876179466819579e-09,8.37235291597754e-10
revisions,7,anticipated_down,myopic,Duration B,1.6724847016877287e-08,-1.0031058752598853e-08,6.693788264278433e-09,-1.1914542580027182e-10,1.876179466819579e-09,8.37235291597754e-10
revisions,7,anticipated_down,myopic,Credit A,30.716844675495008,2.4219737326802715e-09,30.71684467791698,6.779829449912016e-09,1.876179466819579e-09,8.37235291597754e-10
revisions,7,anticipated_down,myopic,Credit B,10.017422815774566,1.3993070591133971e-09,10.017422817173873,2.955616619183142e-08,1.876179466819579e-09,8.37235291597754e-10
revisions,7,anticipated_down,myopic,Equity ETF,20.472194896583108,2.2387869336171207e-09,20.472194898821897,-7.644033523683275,1.876179466819579e-09,8.37235291597754e-10
revisions,7,anticipated_down,myopic,Duration ETF,3.5683019987569593e-09,2.172349460451254e-10,3.785536944802085e-09,0.20189210527065576,1.876179466819579e-09,8.37235291597754e-10
revisions,7,anticipated_down,myopic,Credit ETF,5.143596833591611e-09,5.309691830998336e-10,5.674566016691445e-09,0.006070987425314094,1.876179466819579e-09,8.37235291597754e-10
revisions,7,anticipated_down,dynamic,Equity A,18.610334063055127,-3.345512755714708e-09,18.610334059709615,-8.587446128422501e-09,-2.420067363926411e-10,2.8261217318304384e-09
revisions,7,anticipated_down,dynamic,Equity B,8.068674945874523,-3.337842502393329e-09,8.068674942536681,-3.152470968491151e-09,-2.420067363926411e-10,2.8261217318304384e-09
revisions,7,anticipated_down,dynamic,Duration A,12.114528577421572,3.189106617673687e-08,12.11452860931264,7.430784485334205,-2.420067363926411e-10,2.8261217318304384e-09
revisions,7,anticipated_down,dynamic,Duration B,1.6724847016877287e-08,-6.895698924286912e-09,9.829148092590375e-09,2.0593039668457104e-08,-2.420067363926411e-10,2.8261217318304384e-09
revisions,7,anticipated_down,dynamic,Credit A,30.716844675495008,-3.3049729619705204e-09,30.716844672190035,1.4407733930807305e-08,-2.420067363926411e-10,2.8261217318304384e-09
revisions,7,anticipated_down,dynamic,Credit B,10.017422815774566,-3.289596373079462e-09,10.01742281248497,3.6317230498626036e-08,-2.420067363926411e-10,2.8261217318304384e-09
revisions,7,anticipated_down,dynamic,Equity ETF,20.472194896583108,-3.595651554277879e-09,20.472194892987456,-7.6440335039725085,-2.420067363926411e-10,2.8261217318304384e-09
revisions,7,anticipated_down,dynamic,Duration ETF,3.5683019987569593e-09,-3.515867032135289e-09,5.243496662167023e-11,0.20189220322740067,-2.420067363926411e-10,2.8261217318304384e-09
revisions,7,anticipated_down,dynamic,Credit ETF,5.143596833591611e-09,-4.032843769654256e-09,1.1107530639373552e-09,0.0060709613933776175,-2.420067363926411e-10,2.8261217318304384e-09
revisions,8,anticipated_up,etf_only,Equity A,18.610334063055127,-7.591649531235589e-10,18.610334062295962,5.454453375589543e-09,-1.0907762959056012e-09,8.909729765514554e-10
revisions,8,anticipated_up,etf_only,Equity B,8.068674945874523,-7.591718920174628e-10,8.068674945115353,1.281296575719326e-09,-1.0907762959056012e-09,8.909729765514554e-10
revisions,8,anticipated_up,etf_only,Duration A,12.114528577421572,-7.59170504238682e-10,12.114528576662401,-6.441026879775609,-1.0907762959056012e-09,8.909729765514554e-10
revisions,8,anticipated_up,etf_only,Duration B,1.6724847016877287e-08,-8.52056520708079e-09,8.204281809796498e-09,-6.5060260714755754e-09,-1.0907762959056012e-09,8.909729765514554e-10
revisions,8,anticipated_up,etf_only,Credit A,30.716844675495008,-7.59170504238682e-10,30.71684467473584,-4.3925009874235395e-08,-1.0907762959056012e-09,8.909729765514554e-10
revisions,8,anticipated_up,etf_only,Credit B,10.017422815774566,-7.59170504238682e-10,10.017422815015395,-0.18153561810921265,-1.0907762959056012e-09,8.909729765514554e-10
revisions,8,anticipated_up,etf_only,Equity ETF,20.472194896583108,4.3596626309039266e-09,20.47219490094277,6.617927687303321,-1.0907762959056012e-09,8.909729765514554e-10
revisions,8,anticipated_up,etf_only,Duration ETF,3.5683019987569593e-09,2.5157555986236507e-09,6.0840575973806104e-09,-5.0296755569162715e-09,-1.0907762959056012e-09,8.909729765514554e-10
revisions,8,anticipated_up,etf_only,Credit ETF,5.143596833591611e-09,6.882196685700545e-09,1.2025793519292156e-08,-1.0499220576421747e-08,-1.0907762959056012e-09,8.909729765514554e-10
revisions,8,anticipated_up,myopic,Equity A,18.610334063055127,4.190731095476963e-10,18.610334063474202,7.4138822524576545e-09,1.876179466819579e-09,8.37235291597754e-10
revisions,8,anticipated_up,myopic,Equity B,8.068674945874523,1.7133239271771572e-10,8.068674946045856,1.718340082492349e-09,1.876179466819579e-09,8.37235291597754e-10
revisions,8,anticipated_up,myopic,Duration A,12.114528577421572,1.1071643601923142e-09,12.114528578528736,-6.441026875301715,1.876179466819579e-09,8.37235291597754e-10
revisions,8,anticipated_up,myopic,Duration B,1.6724847016877287e-08,-1.0031058752598853e-08,6.693788264278433e-09,-4.9776070628463395e-09,1.876179466819579e-09,8.37235291597754e-10
revisions,8,anticipated_up,myopic,Credit A,30.716844675495008,2.4219737326802715e-09,30.71684467791698,-5.042660030538822e-08,1.876179466819579e-09,8.37235291597754e-10
revisions,8,anticipated_up,myopic,Credit B,10.017422815774566,1.3993070591133971e-09,10.017422817173873,-0.18153562651147356,1.876179466819579e-09,8.37235291597754e-10
revisions,8,anticipated_up,myopic,Equity ETF,20.472194896583108,2.2387869336171207e-09,20.472194898821897,6.617927688225977,1.876179466819579e-09,8.37235291597754e-10
revisions,8,anticipated_up,myopic,Duration ETF,3.5683019987569593e-09,2.172349460451254e-10,3.785536944802085e-09,-2.6485576087305723e-09,1.876179466819579e-09,8.37235291597754e-10
revisions,8,anticipated_up,myopic,Credit ETF,5.143596833591611e-09,5.309691830998336e-10,5.674566016691445e-09,-4.377162159266871e-09,1.876179466819579e-09,8.37235291597754e-10
revisions,8,anticipated_up,dynamic,Equity A,18.610334063055127,-7.654737954609914e-10,18.610334062289656,9.801006495588659e-09,1.7266373396671435e-10,1.7997189344038919e-09
revisions,8,anticipated_up,dynamic,Equity B,8.068674945874523,-7.686226655145845e-10,8.0686749451059,2.6682987304379296e-09,1.7266373396671435e-10,1.7997189344038919e-09
revisions,8,anticipated_up,dynamic,Duration A,12.114528577421572,-2.288536027350574e-09,12.114528575133036,-6.441026764810901,1.7266373396671435e-10,1.7997189344038919e-09
revisions,8,anticipated_up,dynamic,Duration B,1.6724847016877287e-08,-1.5262310401346175e-08,1.4625366155311134e-09,2.3537836448684466e-09,1.7266373396671435e-10,1.7997189344038919e-09
revisions,8,anticipated_up,dynamic,Credit A,30.716844675495008,-8.725409283982799e-10,30.716844674622468,-2.6120065674416353e-07,1.7266373396671435e-10,1.7997189344038919e-09
revisions,8,anticipated_up,dynamic,Credit B,10.017422815774566,-8.22973633685109e-10,10.017422814951594,-0.18153560364709806,1.7266373396671435e-10,1.7997189344038919e-09
revisions,8,anticipated_up,dynamic,Equity ETF,20.472194896583108,2.949196720170022e-08,20.472194926075076,6.6179277390537665,1.7266373396671435e-10,1.7997189344038919e-09
revisions,8,anticipated_up,dynamic,Duration ETF,3.5683019987569593e-09,-4.447875810131056e-09,-8.795738113740967e-10,4.056202857414669e-09,1.7266373396671435e-10,1.7997189344038919e-09
revisions,8,anticipated_up,dynamic,Credit ETF,5.143596833591611e-09,-4.094960078974027e-09,1.048636754617584e-09,3.4397607914595897e-09,1.7266373396671435e-10,1.7997189344038919e-09
revisions,9,unchanged,etf_only,Equity A,18.569722190614858,-1.1718293002616065e-09,18.569722189443027,8.595599219536274e-10,-7.593253705016925e-09,1.1631628862634306e-09
revisions,9,unchanged,etf_only,Equity B,8.045921510289954,-1.1718237491464834e-09,8.04592150911813,-4.049341623330245e-10,-7.593253705016925e-09,1.1631628862634306e-09
revisions,9,unchanged,etf_only,Duration A,12.222599191706534,-1.1718209735889218e-09,12.222599190534714,0.040338241196310805,-7.593253705016925e-09,1.1631628862634306e-09
revisions,9,unchanged,etf_only,Duration B,1.671954994475588e-08,-7.214354539182062e-09,9.505195405573818e-09,-1.459760469348024e-09,-7.593253705016925e-09,1.1631628862634306e-09
revisions,9,unchanged,etf_only,Credit A,30.68817585535889,-1.1718237491464834e-09,30.688175854187065,2.9619542029973644e-09,-7.593253705016925e-09,1.1631628862634306e-09
revisions,9,unchanged,etf_only,Credit B,10.0060433183636,-1.1718237491464834e-09,10.006043317191777,6.709499481211339e-09,-7.593253705016925e-09,1.1631628862634306e-09
revisions,9,unchanged,etf_only,Equity ETF,20.467537907926193,-2.2305268743139095e-09,20.467537905695664,-0.04062298069042445,-7.593253705016925e-09,1.1631628862634306e-09
revisions,9,unchanged,etf_only,Duration ETF,3.513153509685196e-09,1.2733532197227898e-08,1.6246685706913093e-08,-2.3096868203374703e-09,-7.593253705016925e-09,1.1631628862634306e-09
revisions,9,unchanged,etf_only,Credit ETF,5.1489616870884085e-09,1.051039509044962e-08,1.565935677753803e-08,-3.7073863270311615e-09,-7.593253705016925e-09,1.1631628862634306e-09
revisions,9,unchanged,myopic,Equity A,18.569722190614858,4.095890293598359e-10,18.569722191024447,-3.0728069844268676e-09,1.8712638448964524e-09,8.359074759547602e-10
revisions,9,unchanged,myopic,Equity B,8.045921510289954,1.6298351557253454e-10,8.045921510452938,-4.639395686681677e-10,1.8712638448964524e-09,8.359074759547602e-10
revisions,9,unchanged,myopic,Duration A,12.222599191706534,1.1008582934124433e-09,12.222599192807394,0.040338235760844644,1.8712638448964524e-09,8.359074759547602e-10
revisions,9,unchanged,myopic,Duration B,1.671954994475588e-08,-1.0025680417087815e-08,6.693869527668065e-09,-1.6412878534366966e-09,1.8712638448964524e-09,8.359074759547602e-10
revisions,9,unchanged,myopic,Credit A,30.68817585535889,2.4099333639782117e-09,30.688175857768822,1.872941243969068e-09,1.8712638448964524e-09,8.359074759547602e-10
revisions,9,unchanged,myopic,Credit B,10.0060433183636,1.4011777849098905e-09,10.006043319764778,4.43135719733982e-09,1.8712638448964524e-09,8.359074759547602e-10
revisions,9,unchanged,myopic,Equity ETF,20.467537907926193,2.211866800827522e-09,20.46753791013806,-0.04062298080175144,1.8712638448964524e-09,8.359074759547602e-10
revisions,9,unchanged,myopic,Duration ETF,3.513153509685196e-09,2.7471930732145754e-10,3.787872817006654e-09,8.495985065159732e-09,1.8712638448964524e-09,8.359074759547602e-10
revisions,9,unchanged,myopic,Credit ETF,5.1489616870884085e-09,5.332316787871971e-10,5.682193365875606e-09,2.220157112146827e-09,1.8712638448964524e-09,8.359074759547602e-10
revisions,9,unchanged,dynamic,Equity A,18.569722190614858,6.840583655076671e-10,18.569722191298915,-1.0773949312436207e-09,1.4993119787049808e-11,7.577996766367241e-10
revisions,9,unchanged,dynamic,Equity B,8.045921510289954,6.847855615887966e-10,8.04592151097474,-1.9450117153448532e-10,1.4993119787049808e-11,7.577996766367241e-10
revisions,9,unchanged,dynamic,Duration A,12.222599191706534,6.878150826672425e-10,12.22259919239435,0.040338239503272144,1.4993119787049808e-11,7.577996766367241e-10
revisions,9,unchanged,dynamic,Duration B,1.671954994475588e-08,-9.259684461303442e-09,7.45986548345244e-09,8.562733744105677e-10,1.4993119787049808e-11,7.577996766367241e-10
revisions,9,unchanged,dynamic,Credit A,30.68817585535889,6.862344026359324e-10,30.688175856045124,4.162550833854806e-10,1.4993119787049808e-11,7.577996766367241e-10
revisions,9,unchanged,dynamic,Credit B,10.0060433183636,6.873446256605575e-10,10.006043319050944,1.4870918700410153e-09,1.4993119787049808e-11,7.577996766367241e-10
revisions,9,unchanged,dynamic,Equity ETF,20.467537907926193,7.351896869067787e-10,20.46753790866138,-0.04062297939353009,1.4993119787049808e-11,7.577996766367241e-10
revisions,9,unchanged,dynamic,Duration ETF,3.513153509685196e-09,2.8428689596501734e-09,6.35602246933537e-09,2.287925666895858e-09,1.4993119787049808e-11,7.577996766367241e-10
revisions,9,unchanged,dynamic,Credit ETF,5.1489616870884085e-09,2.587118936870153e-09,7.736080623958562e-09,-1.5406253433906938e-10,1.4993119787049808e-11,7.577996766367241e-10
revisions,10,premium_down_persistent,etf_only,Equity A,18.569722190614858,-6.13398221105399e-13,18.569722190614243,-2.9059198398910466e-09,5.693535563733201e-09,0.2681863144557677
revisions,10,premium_down_persistent,etf_only,Equity B,8.045921510289954,-3.3029134982598407e-13,8.045921510289626,-0.004351783517122378,5.693535563733201e-09,0.2681863144557677
revisions,10,premium_down_persistent,etf_only,Duration A,12.222599191706534,2.180200464607651e-12,12.222599191708715,1.121340063426281,5.693535563733201e-09,0.2681863144557677
revisions,10,premium_down_persistent,etf_only,Duration B,1.671954994475588e-08,-1.528007148800329e-08,1.4394784567525905e-09,0.0532424460879009,5.693535563733201e-09,0.2681863144557677
revisions,10,premium_down_persistent,etf_only,Credit A,30.68817585535889,1.1324274851176597e-12,30.688175855360022,5.5186596547717886e-09,5.693535563733201e-09,0.2681863144557677
revisions,10,premium_down_persistent,etf_only,Credit B,10.0060433183636,1.351696532481128e-12,10.006043318364952,0.13767035361569244,5.693535563733201e-09,0.2681863144557677
revisions,10,premium_down_persistent,etf_only,Equity ETF,20.467537907926193,-6.705998768888813,13.76153913903738,-1.2733308161174957,5.693535563733201e-09,0.2681863144557677
revisions,10,premium_down_persistent,etf_only,Duration ETF,3.513153509685196e-09,6.703316896305567,6.70331689981872,-0.08852795409500609,5.693535563733201e-09,0.2681863144557677
revisions,10,premium_down_persistent,etf_only,Credit ETF,5.1489616870884085e-09,1.9379806037005943e-08,2.452876772409435e-08,0.05296513081947267,5.693535563733201e-09,0.2681863144557677
revisions,10,premium_down_persistent,myopic,Equity A,18.569722190614858,-1.3081702388006988e-09,18.569722189306688,-1.237601578574633e-09,1.0652139238764066e-09,0.48788570348127996
revisions,10,premium_down_persistent,myopic,Equity B,8.045921510289954,-6.463524160338352e-10,8.045921509643602,-2.7436487142135302e-09,1.0652139238764066e-09,0.48788570348127996
revisions,10,premium_down_persistent,myopic,Duration A,12.222599191706534,6.96840175362693,19.191000945333464,0.7261042443740984,1.0652139238764066e-09,0.48788570348127996
revisions,10,premium_down_persistent,myopic,Duration B,1.671954994475588e-08,-2.757574323900045e-09,1.3961975620855836e-08,0.03843830937228702,1.0652139238764066e-09,0.48788570348127996
revisions,10,premium_down_persistent,myopic,Credit A,30.68817585535889,6.977046718148472e-09,30.688175862335935,8.3259774075195e-09,1.0652139238764066e-09,0.48788570348127996
revisions,10,premium_down_persistent,myopic,Credit B,10.0060433183636,8.443425125737036e-09,10.006043326807026,0.12610451425430008,1.0652139238764066e-09,0.48788570348127996
revisions,10,premium_down_persistent,myopic,Equity ETF,20.467537907926193,-6.973280680871142,13.494257227055051,-0.9783425480428033,1.0652139238764066e-09,0.48788570348127996
revisions,10,premium_down_persistent,myopic,Duration ETF,3.513153509685196e-09,3.23212443003997e-08,3.58343978100849e-08,0.010423596428337347,1.0652139238764066e-09,0.48788570348127996
revisions,10,premium_down_persistent,myopic,Credit ETF,5.1489616870884085e-09,2.647286859155875e-08,3.162183027864716e-08,0.07661347951111191,1.0652139238764066e-09,0.48788570348127996
revisions,10,premium_down_persistent,dynamic,Equity A,18.569722190614858,-1.104949465258187e-11,18.56972219060381,-2.659254555242648e-09,1.8892878350640872e-09,0.619135727057902
revisions,10,premium_down_persistent,dynamic,Equity B,8.045921510289954,-4.458933222650785e-12,8.045921510285496,-2.1397987837642094e-09,1.8892878350640872e-09,0.619135727057902
revisions,10,premium_down_persistent,dynamic,Duration A,12.222599191706534,8.84302713546419,21.065626327170726,0.20366411871861018,1.8892878350640872e-09,0.619135727057902
revisions,10,premium_down_persistent,dynamic,Duration B,1.671954994475588e-08,-8.793192608465889e-09,7.926357336289992e-09,6.948628378865997e-09,1.8892878350640872e-09,0.619135727057902
revisions,10,premium_down_persistent,dynamic,Credit A,30.68817585535889,5.349609644156317e-11,30.688175855412386,4.725806500242795e-09,1.8892878350640872e-09,0.619135727057902
revisions,10,premium_down_persistent,dynamic,Credit B,10.0060433183636,1.7178619637903125e-10,10.006043318535387,0.05642915713513751,1.8892878350640872e-09,0.619135727057902
revisions,10,premium_down_persistent,dynamic,Equity ETF,20.467537907926193,-8.849218486977739,11.618319420948453,-0.26275407577824533,1.8892878350640872e-09,0.619135727057902
revisions,10,premium_down_persistent,dynamic,Duration ETF,3.513153509685196e-09,-1.6882621601168999e-09,1.8248913495682962e-09,0.001426899039608709,1.8892878350640872e-09,0.619135727057902
revisions,10,premium_down_persistent,dynamic,Credit ETF,5.1489616870884085e-09,2.9836648103053923e-09,8.132626497393801e-09,0.001007601535862582,1.8892878350640872e-09,0.619135727057902
revisions,11,premium_up_persistent,etf_only,Equity A,18.569722190614858,-6.30079322050392e-10,18.569722189984777,4.418992242600701e-09,2.4578442437828286e-09,1.622622920274124e-09
revisions,11,premium_up_persistent,etf_only,Equity B,8.045921510289954,-6.270747809900001e-10,8.04592150966288,0.02032548637870507,2.4578442437828286e-09,1.622622920274124e-09
revisions,11,premium_up_persistent,etf_only,Duration A,12.222599191706534,-6.282627196263491e-10,12.222599191078272,-6.164332039338699,2.4578442437828286e-09,1.622622920274124e-09
revisions,11,premium_up_persistent,etf_only,Duration B,1.671954994475588e-08,-1.536708230594558e-08,1.3524676388103021e-09,-8.404210675761981e-10,2.4578442437828286e-09,1.622622920274124e-09
revisions,11,premium_up_persistent,etf_only,Credit A,30.68817585535889,-6.144640352090391e-10,30.688175854744426,-3.139331257656846e-08,2.4578442437828286e-09,1.622622920274124e-09
revisions,11,premium_up_persistent,etf_only,Credit B,10.0060433183636,-6.149566966762166e-10,10.006043317748643,-0.4247445789338993,2.4578442437828286e-09,1.622622920274124e-09
revisions,11,premium_up_persistent,etf_only,Equity ETF,20.467537907926193,2.564624901335577e-08,20.46753793357244,6.564133632785146,2.4578442437828286e-09,1.622622920274124e-09
revisions,11,premium_up_persistent,etf_only,Duration ETF,3.513153509685196e-09,-3.863899345456103e-09,-3.507458357709074e-10,6.678840576955738e-10,2.4578442437828286e-09,1.622622920274124e-09
revisions,11,premium_up_persistent,etf_only,Credit ETF,5.1489616870884085e-09,-5.416198003650384e-09,-2.6723631656197546e-10,5.76567066778539e-10,2.4578442437828286e-09,1.622622920274124e-09
revisions,11,premium_up_persistent,myopic,Equity A,18.569722190614858,3.185579577902331e-09,18.569722193800438,-6.532914429332105e-09,3.1417120058383104e-09,0.48816559282114397
revisions,11,premium_up_persistent,myopic,Equity B,8.045921510289954,9.548986601437548e-10,8.045921511244854,8.222864470734819e-10,3.1417120058383104e-09,0.48816559282114397
revisions,11,premium_up_persistent,myopic,Duration A,12.222599191706534,-6.9751888810712925,5.247410310635242,-0.20297532786065273,3.1417120058383104e-09,0.48816559282114397
revisions,11,premium_up_persistent,myopic,Duration B,1.671954994475588e-08,-1.4869500513343268e-08,1.8500494314126137e-09,-1.3556049710213492e-09,3.1417120058383104e-09,0.48816559282114397
revisions,11,premium_up_persistent,myopic,Credit A,30.68817585535889,-8.101380677416614e-09,30.688175847257508,-0.0006780329920948796,3.1417120058383104e-09,0.48816559282114397
revisions,11,premium_up_persistent,myopic,Credit B,10.0060433183636,-3.250367058837966e-08,10.00604328585993,-0.2542578357736633,3.1417120058383104e-09,0.48816559282114397
revisions,11,premium_up_persistent,myopic,Equity ETF,20.467537907926193,6.970307281517568,27.43784518944376,0.45738817703445744,3.1417120058383104e-09,0.48816559282114397
revisions,11,premium_up_persistent,myopic,Duration ETF,3.513153509685196e-09,-3.162119818801622e-09,3.510336908835744e-10,6.700931520330811e-10,3.1417120058383104e-09,0.48816559282114397
revisions,11,premium_up_persistent,myopic,Credit ETF,5.1489616870884085e-09,-4.6617045292476936e-09,4.872571578407148e-10,8.956113739207777e-11,3.1417120058383104e-09,0.48816559282114397
revisions,11,premium_up_persistent,dynamic,Equity A,18.569722190614858,1.759703494030873e-11,18.569722190632454,-3.216086423023392e-08,2.461372729576196e-09,0.5872145927914426
revisions,11,premium_up_persistent,dynamic,Equity B,8.045921510289954,9.740819262304967e-12,8.045921510299696,-1.7962137853488888e-10,2.461372729576196e-09,0.5872145927914426
revisions,11,premium_up_persistent,dynamic,Duration A,12.222599191706534,-8.390457632120002,3.8321415595865327,0.04914670443783549,2.461372729576196e-09,0.5872145927914426
revisions,11,premium_up_persistent,dynamic,Duration B,1.671954994475588e-08,-1.579993230276866e-08,9.196176419872215e-10,7.497784016530228e-09,2.461372729576196e-09,0.5872145927914426
revisions,11,premium_up_persistent,dynamic,Credit A,30.68817585535889,-1.2335132915097802e-10,30.68817585523554,-0.0010227901771774535,2.461372729576196e-09,0.5872145927914426
revisions,11,premium_up_persistent,dynamic,Credit B,10.0060433183636,-2.063238468963391e-10,10.006043318157277,-0.19887184760625642,2.461372729576196e-09,0.5872145927914426
revisions,11,premium_up_persistent,dynamic,Equity ETF,20.467537907926193,8.384585509535524,28.852123417461716,0.15033750265517482,2.461372729576196e-09,0.5872145927914426
revisions,11,premium_up_persistent,dynamic,Duration ETF,3.513153509685196e-09,-3.4978466300837412e-09,1.5306879601454974e-11,1.3756887638084659e-08,2.461372729576196e-09,0.5872145927914426
revisions,11,premium_up_persistent,dynamic,Credit ETF,5.1489616870884085e-09,-5.8463917916945134e-09,-6.974301046061041e-10,1.15419310471214e-08,2.461372729576196e-09,0.5872145927914426
revisions,12,premium_down_reverting,etf_only,Equity A,18.569722190614858,-6.13398221105399e-13,18.569722190614243,-1.4927148187782996e-09,5.693535563733201e-09,0.2681863144557677
revisions,12,premium_down_reverting,etf_only,Equity B,8.045921510289954,-3.3029134982598407e-13,8.045921510289626,-8.953491385156652e-10,5.693535563733201e-09,0.2681863144557677
revisions,12,premium_down_reverting,etf_only,Duration A,12.222599191706534,2.180200464607651e-12,12.222599191708715,0.2841792653160076,5.693535563733201e-09,0.2681863144557677
revisions,12,premium_down_reverting,etf_only,Duration B,1.671954994475588e-08,-1.528007148800329e-08,1.4394784567525905e-09,5.657132388863007e-09,5.693535563733201e-09,0.2681863144557677
revisions,12,premium_down_reverting,etf_only,Credit A,30.68817585535889,1.1324274851176597e-12,30.688175855360022,5.164553429976631e-09,5.693535563733201e-09,0.2681863144557677
revisions,12,premium_down_reverting,etf_only,Credit B,10.0060433183636,1.351696532481128e-12,10.006043318364952,0.11261028697487434,5.693535563733201e-09,0.2681863144557677
revisions,12,premium_down_reverting,etf_only,Equity ETF,20.467537907926193,-6.705998768888813,13.76153913903738,-0.13307403050783648,5.693535563733201e-09,0.2681863144557677
revisions,12,premium_down_reverting,etf_only,Duration ETF,3.513153509685196e-09,6.703316896305567,6.70331689981872,-0.2648715671791006,5.693535563733201e-09,0.2681863144557677
revisions,12,premium_down_reverting,etf_only,Credit ETF,5.1489616870884085e-09,1.9379806037005943e-08,2.452876772409435e-08,0.0007980267891405609,5.693535563733201e-09,0.2681863144557677
revisions,12,premium_down_reverting,myopic,Equity A,18.569722190614858,-1.3081702388006988e-09,18.569722189306688,1.5046983335246598e-09,1.0652139238764066e-09,0.48788570348127996
revisions,12,premium_down_reverting,myopic,Equity B,8.045921510289954,-6.463524160338352e-10,8.045921509643602,-2.3155181315301257e-10,1.0652139238764066e-09,0.48788570348127996
revisions,12,premium_down_reverting,myopic,Duration A,12.222599191706534,6.96840175362693,19.191000945333464,0.17642137423839951,1.0652139238764066e-09,0.48788570348127996
revisions,12,premium_down_reverting,myopic,Duration B,1.671954994475588e-08,-2.757574323900045e-09,1.3961975620855836e-08,1.0295950027699587e-09,1.0652139238764066e-09,0.48788570348127996
revisions,12,premium_down_reverting,myopic,Credit A,30.68817585535889,6.977046718148472e-09,30.688175862335935,4.3769937391602734e-09,1.0652139238764066e-09,0.48788570348127996
revisions,12,premium_down_reverting,myopic,Credit B,10.0060433183636,8.443425125737036e-09,10.006043326807026,0.044018834303841736,1.0652139238764066e-09,0.48788570348127996
revisions,12,premium_down_reverting,myopic,Equity ETF,20.467537907926193,-6.973280680871142,13.494257227055051,-0.2206764755095507,1.0652139238764066e-09,0.48788570348127996
revisions,12,premium_down_reverting,myopic,Duration ETF,3.513153509685196e-09,3.23212443003997e-08,3.58343978100849e-08,1.6169524177925916e-07,1.0652139238764066e-09,0.48788570348127996
revisions,12,premium_down_reverting,myopic,Credit ETF,5.1489616870884085e-09,2.647286859155875e-08,3.162183027864716e-08,6.787563444425632e-09,1.0652139238764066e-09,0.48788570348127996
revisions,12,premium_down_reverting,dynamic,Equity A,18.569722190614858,-2.181865799144589e-11,18.569722190593037,-3.7095305929357327e-09,1.5092290020805518e-09,0.5505529201075372
revisions,12,premium_down_reverting,dynamic,Equity B,8.045921510289954,-9.028888747764086e-12,8.045921510280927,-2.7780933048474795e-09,1.5092290020805518e-09,0.5505529201075372
revisions,12,premium_down_reverting,dynamic,Duration A,12.222599191706534,7.863468702524284,20.08606789423082,0.0809366084036052,1.5092290020805518e-09,0.5505529201075372
revisions,12,premium_down_reverting,dynamic,Duration B,1.671954994475588e-08,-6.300859613698987e-09,1.0418690331056894e-08,7.494415826182319e-09,1.5092290020805518e-09,0.5505529201075372
revisions,12,premium_down_reverting,dynamic,Credit A,30.68817585535889,8.723577415992168e-11,30.688175855446126,3.585309595507033e-09,1.5092290020805518e-09,0.5505529201075372
revisions,12,premium_down_reverting,dynamic,Credit B,10.0060433183636,2.2127161214413604e-10,10.006043318584872,0.01077117315838401,1.5092290020805518e-09,0.5505529201075372
revisions,12,premium_down_reverting,dynamic,Equity ETF,20.467537907926193,-7.86897422905094,12.598563678875252,-0.09189457930810405,1.5092290020805518e-09,0.5505529201075372
revisions,12,premium_down_reverting,dynamic,Duration ETF,3.513153509685196e-09,2.8062630764314153e-09,6.319416586116611e-09,7.483160474082957e-08,1.5092290020805518e-09,0.5505529201075372
revisions,12,premium_down_reverting,dynamic,Credit ETF,5.1489616870884085e-09,-6.084099557823012e-10,4.540551731306107e-09,2.0750521185230665e-08,1.5092290020805518e-09,0.5505529201075372
revisions,13,premium_up_reverting,etf_only,Equity A,18.569722190614858,-6.30079322050392e-10,18.569722189984777,5.040509997557953e-09,2.4578442437828286e-09,1.622622920274124e-09
revisions,13,premium_up_reverting,etf_only,Equity B,8.045921510289954,-6.270747809900001e-10,8.04592150966288,0.02276671342961296,2.4578442437828286e-09,1.622622920274124e-09
revisions,13,premium_up_reverting,etf_only,Duration A,12.222599191706534,-6.282627196263491e-10,12.222599191078272,-4.270750501077127,2.4578442437828286e-09,1.622622920274124e-09
revisions,13,premium_up_reverting,etf_only,Duration B,1.671954994475588e-08,-1.536708230594558e-08,1.3524676388103021e-09,-7.91888307990697e-10,2.4578442437828286e-09,1.622622920274124e-09
revisions,13,premium_up_reverting,etf_only,Credit A,30.68817585535889,-6.144640352090391e-10,30.688175854744426,-1.042321068705026e-08,2.4578442437828286e-09,1.622622920274124e-09
revisions,13,premium_up_reverting,etf_only,Credit B,10.0060433183636,-6.149566966762166e-10,10.006043317748643,-0.2862459161059652,2.4578442437828286e-09,1.622622920274124e-09
revisions,13,premium_up_reverting,etf_only,Equity ETF,20.467537907926193,2.564624901335577e-08,20.46753793357244,4.5310336222074445,2.4578442437828286e-09,1.622622920274124e-09
revisions,13,premium_up_reverting,etf_only,Duration ETF,3.513153509685196e-09,-3.863899345456103e-09,-3.507458357709074e-10,7.939464016450317e-10,2.4578442437828286e-09,1.622622920274124e-09
revisions,13,premium_up_reverting,etf_only,Credit ETF,5.1489616870884085e-09,-5.416198003650384e-09,-2.6723631656197546e-10,7.659339747087972e-10,2.4578442437828286e-09,1.622622920274124e-09
revisions,13,premium_up_reverting,myopic,Equity A,18.569722190614858,3.185579577902331e-09,18.569722193800438,-5.883086263517678e-09,3.1417120058383104e-09,0.48816559282114397
revisions,13,premium_up_reverting,myopic,Equity B,8.045921510289954,9.548986601437548e-10,8.045921511244854,-2.760254312925456e-10,3.1417120058383104e-09,0.48816559282114397
revisions,13,premium_up_reverting,myopic,Duration A,12.222599191706534,-6.9751888810712925,5.247410310635242,0.013769347182196424,3.1417120058383104e-09,0.48816559282114397
revisions,13,premium_up_reverting,myopic,Duration B,1.671954994475588e-08,-1.4869500513343268e-08,1.8500494314126137e-09,-6.80346731453606e-10,3.1417120058383104e-09,0.48816559282114397
revisions,13,premium_up_reverting,myopic,Credit A,30.68817585535889,-8.101380677416614e-09,30.688175847257508,-2.038249995738606e-09,3.1417120058383104e-09,0.48816559282114397
revisions,13,premium_up_reverting,myopic,Credit B,10.0060433183636,-3.250367058837966e-08,10.00604328585993,-0.07591288037243818,3.1417120058383104e-09,0.48816559282114397
revisions,13,premium_up_reverting,myopic,Equity ETF,20.467537907926193,6.970307281517568,27.43784518944376,0.061773801973980746,3.1417120058383104e-09,0.48816559282114397
revisions,13,premium_up_reverting,myopic,Duration ETF,3.513153509685196e-09,-3.162119818801622e-09,3.510336908835744e-10,1.5756741388243671e-09,3.1417120058383104e-09,0.48816559282114397
revisions,13,premium_up_reverting,myopic,Credit ETF,5.1489616870884085e-09,-4.6617045292476936e-09,4.872571578407148e-10,9.540823308716433e-10,3.1417120058383104e-09,0.48816559282114397
revisions,13,premium_up_reverting,dynamic,Equity A,18.569722190614858,5.873079800267078e-12,18.56972219062073,-2.9285273601707423e-09,1.3135613588868573e-09,0.5177094668989367
revisions,13,premium_up_reverting,dynamic,Equity B,8.045921510289954,2.989275493803234e-12,8.045921510292944,-8.095560037664536e-10,1.3135613588868573e-09,0.5177094668989367
revisions,13,premium_up_reverting,dynamic,Duration A,12.222599191706534,-7.397328675816695,4.82527051588984,0.05321898072720454,1.3135613588868573e-09,0.5177094668989367
revisions,13,premium_up_reverting,dynamic,Duration B,1.671954994475588e-08,-1.5801163101155043e-08,9.183868436008381e-10,2.5459501739794137e-09,1.3135613588868573e-09,0.5177094668989367
revisions,13,premium_up_reverting,dynamic,Credit A,30.68817585535889,-2.8660407380698416e-11,30.68817585533023,-2.9928354933206328e-09,1.3135613588868573e-09,0.5177094668989367
revisions,13,premium_up_reverting,dynamic,Credit B,10.0060433183636,-5.1861293037802625e-11,10.006043318311738,-0.07267389074812729,1.3135613588868573e-09,0.5177094668989367
revisions,13,premium_up_reverting,dynamic,Equity ETF,20.467537907926193,7.392151605872,27.85968951379819,0.019084502634759797,1.3135613588868573e-09,0.5177094668989367
revisions,13,premium_up_reverting,dynamic,Duration ETF,3.513153509685196e-09,-4.683976325085663e-09,-1.1708228154004668e-09,6.55124057568054e-09,1.3135613588868573e-09,0.5177094668989367
revisions,13,premium_up_reverting,dynamic,Credit ETF,5.1489616870884085e-09,-5.122753996288188e-09,2.620769080022013e-11,4.218044346895014e-09,1.3135613588868573e-09,0.5177094668989367
revisions,14,alpha_up,etf_only,Equity A,18.569722190614858,-1.998920473589294e-09,18.569722188615938,0.22248668049138992,-6.264821298073944e-09,1.4601258013552834e-09
revisions,14,alpha_up,etf_only,Equity B,8.045921510289954,-1.9993312561084053e-09,8.045921508290624,-9.691411396710368e-09,-6.264821298073944e-09,1.4601258013552834e-09
revisions,14,alpha_up,etf_only,Duration A,12.222599191706534,-1.999332643887186e-09,12.222599189707202,0.0014421113817995098,-6.264821298073944e-09,1.4601258013552834e-09
revisions,14,alpha_up,etf_only,Duration B,1.671954994475588e-08,-8.974539736852388e-09,7.745010207903493e-09,-2.2697341837187693e-09,-6.264821298073944e-09,1.4601258013552834e-09
revisions,14,alpha_up,etf_only,Credit A,30.68817585535889,-1.999334031665967e-09,30.688175853359557,5.425669815691863e-10,-6.264821298073944e-09,1.4601258013552834e-09
revisions,14,alpha_up,etf_only,Credit B,10.0060433183636,-1.999332643887186e-09,10.006043316364268,-0.0002681447489852213,-6.264821298073944e-09,1.4601258013552834e-09
revisions,14,alpha_up,etf_only,Equity ETF,20.467537907926193,1.0714545917167584e-08,20.467537918640737,-0.22403998622137944,-6.264821298073944e-09,1.4601258013552834e-09
revisions,14,alpha_up,etf_only,Duration ETF,3.513153509685196e-09,1.2987341690369365e-08,1.6500495200054562e-08,-1.2091383783835816e-09,-6.264821298073944e-09,1.4601258013552834e-09
revisions,14,alpha_up,etf_only,Credit ETF,5.1489616870884085e-09,1.8774254952511483e-09,7.026387182339556e-09,1.5442957733755863e-09,-6.264821298073944e-09,1.4601258013552834e-09
revisions,14,alpha_up,myopic,Equity A,18.569722190614858,3.999256203979229e-08,18.569722230607418,0.22248665911352647,2.8445172940715804e-09,3.4239593004049434e-09
revisions,14,alpha_up,myopic,Equity B,8.045921510289954,-3.2434541163972597e-09,8.0459215070465,-4.1775528895225e-09,2.8445172940715804e-09,3.4239593004049434e-09
revisions,14,alpha_up,myopic,Duration A,12.222599191706534,-1.8047646710428467e-10,12.222599191526058,0.0014421075024805084,2.8445172940715804e-09,3.4239593004049434e-09
revisions,14,alpha_up,myopic,Duration B,1.671954994475588e-08,-1.3169662290753384e-08,3.549887654002497e-09,-4.586507911837256e-10,2.8445172940715804e-09,3.4239593004049434e-09
revisions,14,alpha_up,myopic,Credit A,30.68817585535889,-3.5793035202402734e-10,30.68817585500096,7.055620362652869e-10,2.8445172940715804e-09,3.4239593004049434e-09
revisions,14,alpha_up,myopic,Credit B,10.0060433183636,-2.1841722874782477e-09,10.006043316179428,-0.00026814407886736365,2.8445172940715804e-09,3.4239593004049434e-09
revisions,14,alpha_up,myopic,Equity ETF,20.467537907926193,-1.8249426969596527e-08,20.467537889676766,-0.2240399802159275,2.8445172940715804e-09,3.4239593004049434e-09
revisions,14,alpha_up,myopic,Duration ETF,3.513153509685196e-09,-2.162871584762167e-09,1.3502819249230292e-09,1.1358894615937344e-08,2.8445172940715804e-09,3.4239593004049434e-09
revisions,14,alpha_up,myopic,Credit ETF,5.1489616870884085e-09,-2.9650225820147436e-09,2.183939105073665e-09,4.774084072318747e-09,2.8445172940715804e-09,3.4239593004049434e-09
revisions,14,alpha_up,dynamic,Equity A,18.569722190614858,3.3410114770412864,21.910733667656142,0.2038826776885406,1.2014288239129475e-09,0.2339175872338768
revisions,14,alpha_up,dynamic,Equity B,8.045921510289954,-1.1866896354462142e-11,8.045921510278088,-3.235990422061331e-09,1.2014288239129475e-09,0.2339175872338768
revisions,14,alpha_up,dynamic,Duration A,12.222599191706534,-3.179401186770292e-12,12.222599191703356,0.029041365319048412,1.2014288239129475e-09,0.2339175872338768
revisions,14,alpha_up,dynamic,Duration B,1.671954994475588e-08,-1.0197954552053123e-08,6.521595392702759e-09,4.709690573976754e-09,1.2014288239129475e-09,0.2339175872338768
revisions,14,alpha_up,dynamic,Credit A,30.68817585535889,-5.284661597215745e-12,30.688175855353606,-5.950046653939393e-10,1.2014288239129475e-09,0.2339175872338768
revisions,14,alpha_up,dynamic,Credit B,10.0060433183636,-4.295175326518574e-12,10.006043318359305,2.9592023501108552e-09,1.2014288239129475e-09,0.2339175872338768
revisions,14,alpha_up,dynamic,Equity ETF,20.467537907926193,-3.343350634277917,17.124187273648275,-0.23329128737450797,1.2014288239129475e-09,0.2339175872338768
revisions,14,alpha_up,dynamic,Duration ETF,3.513153509685196e-09,-4.313892091649206e-09,-8.007385819640092e-10,1.9402795032449865e-08,1.2014288239129475e-09,0.2339175872338768
revisions,14,alpha_up,dynamic,Credit ETF,5.1489616870884085e-09,-4.942362121409429e-09,2.0659956567898024e-10,1.2417277938302756e-08,1.2014288239129475e-09,0.2339175872338768
revisions,15,alpha_down,etf_only,Equity A,18.569722190614858,-2.2332136140335024e-10,18.569722190391534,-0.2828534521577927,-1.1200242198543897e-09,3.749013176686429e-10
revisions,15,alpha_down,etf_only,Equity B,8.045921510289954,-2.1896512381047728e-10,8.04592151007099,3.873627274137895e-09,-1.1200242198543897e-09,3.749013176686429e-10
revisions,15,alpha_down,etf_only,Duration A,12.222599191706534,-2.189637360316965e-10,12.222599191487571,0.07460892713350227,-1.1200242198543897e-09,3.749013176686429e-10
revisions,15,alpha_down,etf_only,Duration B,1.671954994475588e-08,-3.5955712295039846e-09,1.3123978715251896e-08,-5.53228776524523e-09,-1.1200242198543897e-09,3.749013176686429e-10
revisions,15,alpha_down,etf_only,Credit A,30.68817585535889,-2.189637360316965e-10,30.688175855139928,2.3071438663856302e-09,-1.1200242198543897e-09,3.749013176686429e-10
revisions,15,alpha_down,etf_only,Credit B,10.0060433183636,-2.1896512381047728e-10,10.006043318144634,0.02441645792527672,-1.1200242198543897e-09,3.749013176686429e-10
revisions,15,alpha_down,etf_only,Equity ETF,20.467537907926193,-4.194311564731379e-10,20.46753790750676,0.18341683799531916,-1.1200242198543897e-09,3.749013176686429e-10
revisions,15,alpha_down,etf_only,Duration ETF,3.513153509685196e-09,3.9821560072044526e-09,7.495309516889648e-09,9.764828113355243e-09,-1.1200242198543897e-09,3.749013176686429e-10
revisions,15,alpha_down,etf_only,Credit ETF,5.1489616870884085e-09,2.6066029432753477e-09,7.755564630363756e-09,4.914093676511422e-08,-1.1200242198543897e-09,3.749013176686429e-10
revisions,15,alpha_down,myopic,Equity A,18.569722190614858,-1.3049256120112318e-09,18.569722189309932,-0.282853462677565,1.1519206456087278e-09,8.68737310712658e-10
revisions,15,alpha_down,myopic,Equity B,8.045921510289954,-3.9695885467594394e-10,8.045921509892997,8.481670411983128e-09,1.1519206456087278e-09,8.68737310712658e-10
revisions,15,alpha_down,myopic,Duration A,12.222599191706534,-6.96942503708442e-12,12.222599191699565,0.07460893725177145,1.1519206456087278e-09,8.68737310712658e-10
revisions,15,alpha_down,myopic,Duration B,1.671954994475588e-08,-1.0601684069637869e-08,6.117865875118013e-09,-1.031598089866852e-09,1.1519206456087278e-09,8.68737310712658e-10
revisions,15,alpha_down,myopic,Credit A,30.68817585535889,6.928901896685602e-10,30.68817585605178,2.304795307795225e-09,1.1519206456087278e-09,8.68737310712658e-10
revisions,15,alpha_down,myopic,Credit B,10.0060433183636,-2.0260182420628325e-11,10.00604331834334,0.024416457512786562,1.1519206456087278e-09,8.68737310712658e-10
revisions,15,alpha_down,myopic,Equity ETF,20.467537907926193,9.454570459865863e-09,20.467537917380763,0.1834168505491563,1.1519206456087278e-09,8.68737310712658e-10
revisions,15,alpha_down,myopic,Duration ETF,3.513153509685196e-09,-2.1021244934491493e-11,3.4921322647507044e-09,8.638545117363986e-09,1.1519206456087278e-09,8.68737310712658e-10
revisions,15,alpha_down,myopic,Credit ETF,5.1489616870884085e-09,1.4020529972042487e-09,6.551014684292657e-09,3.1144834705297024e-08,1.1519206456087278e-09,8.68737310712658e-10
revisions,15,alpha_down,dynamic,Equity A,18.569722190614858,-3.7895045458814502,14.780217644733407,-0.21689372059425083,3.3518615834282617e-09,0.26521227642211787
revisions,15,alpha_down,dynamic,Equity B,8.045921510289954,2.4005797349957447e-11,8.045921510313962,-2.382507787379378e-10,3.3518615834282617e-09,0.26521227642211787
revisions,15,alpha_down,dynamic,Duration A,12.222599191706534,1.73749903353837e-11,12.22259919172391,0.029975748681985884,3.3518615834282617e-09,0.26521227642211787
revisions,15,alpha_down,dynamic,Duration B,1.671954994475588e-08,-8.037700674524221e-09,8.68184927023166e-09,6.519597666257944e-09,3.3518615834282617e-09,0.26521227642211787
revisions,15,alpha_down,dynamic,Credit A,30.68817585535889,-7.390199563417355e-11,30.68817585528499,7.868321606403417e-10,3.3518615834282617e-09,0.26521227642211787
revisions,15,alpha_down,dynamic,Credit B,10.0060433183636,1.9882706592255772e-11,10.006043318383483,0.00010029919729085645,3.3518615834282617e-09,0.26521227642211787
revisions,15,alpha_down,dynamic,Equity ETF,20.467537907926193,3.7868524320720547,24.254390339998245,0.18647023991730843,3.3518615834282617e-09,0.26521227642211787
revisions,15,alpha_down,dynamic,Duration ETF,3.513153509685196e-09,-2.9933014526686435e-09,5.198520570165524e-10,2.729556886812827e-08,3.3518615834282617e-09,0.26521227642211787
revisions,15,alpha_down,dynamic,Credit ETF,5.1489616870884085e-09,-9.047447262384415e-10,4.244216960849967e-09,1.6333730720525935e-08,3.3518615834282617e-09,0.26521227642211787
revisions,16,anticipated_down,etf_only,Equity A,18.569722190614858,-1.1718293002616065e-09,18.569722189443027,-2.1196562123828017e-09,-7.593253705016925e-09,1.1631628862634306e-09
revisions,16,anticipated_down,etf_only,Equity B,8.045921510289954,-1.1718237491464834e-09,8.04592150911813,-0.02838265535655583,-7.593253705016925e-09,1.1631628862634306e-09
revisions,16,anticipated_down,etf_only,Duration A,12.222599191706534,-1.1718209735889218e-09,12.222599190534714,6.619992515905751,-7.593253705016925e-09,1.1631628862634306e-09
revisions,16,anticipated_down,etf_only,Duration B,1.671954994475588e-08,-7.214354539182062e-09,9.505195405573818e-09,0.2624852968366623,-7.593253705016925e-09,1.1631628862634306e-09
revisions,16,anticipated_down,etf_only,Credit A,30.68817585535889,-1.1718237491464834e-09,30.688175854187065,1.6734798603452645e-08,-7.593253705016925e-09,1.1631628862634306e-09
revisions,16,anticipated_down,etf_only,Credit B,10.0060433183636,-1.1718237491464834e-09,10.006043317191777,0.3093396204757028,-7.593253705016925e-09,1.1631628862634306e-09
revisions,16,anticipated_down,etf_only,Equity ETF,20.467537907926193,-2.2305268743139095e-09,20.467537905695664,-7.652356724956599,-7.593253705016925e-09,1.1631628862634306e-09
revisions,16,anticipated_down,etf_only,Duration ETF,3.513153509685196e-09,1.2733532197227898e-08,1.6246685706913093e-08,0.3872693549205393,-7.593253705016925e-09,1.1631628862634306e-09
revisions,16,anticipated_down,etf_only,Credit ETF,5.1489616870884085e-09,1.051039509044962e-08,1.565935677753803e-08,0.0964152685759487,-7.593253705016925e-09,1.1631628862634306e-09
revisions,16,anticipated_down,myopic,Equity A,18.569722190614858,4.095890293598359e-10,18.569722191024447,-2.0491199208118163e-09,1.8712638448964524e-09,8.359074759547602e-10
revisions,16,anticipated_down,myopic,Equity B,8.045921510289954,1.6298351557253454e-10,8.045921510452938,-0.028382654833968717,1.8712638448964524e-09,8.359074759547602e-10
revisions,16,anticipated_down,myopic,Duration A,12.222599191706534,1.1008582934124433e-09,12.222599192807394,6.619992531559162,1.8712638448964524e-09,8.359074759547602e-10
revisions,16,anticipated_down,myopic,Duration B,1.671954994475588e-08,-1.0025680417087815e-08,6.693869527668065e-09,0.2624852981604839,1.8712638448964524e-09,8.359074759547602e-10
revisions,16,anticipated_down,myopic,Credit A,30.68817585535889,2.4099333639782117e-09,30.688175857768822,1.3026436359627783e-08,1.8712638448964524e-09,8.359074759547602e-10
revisions,16,anticipated_down,myopic,Credit B,10.0060433183636,1.4011777849098905e-09,10.006043319764778,0.30933961559438206,1.8712638448964524e-09,8.359074759547602e-10
revisions,16,anticipated_down,myopic,Equity ETF,20.467537907926193,2.211866800827522e-09,20.46753791013806,-7.6523567273840385,1.8712638448964524e-09,8.359074759547602e-10
revisions,16,anticipated_down,myopic,Duration ETF,3.513153509685196e-09,2.7471930732145754e-10,3.787872817006654e-09,0.38726935817597224,1.8712638448964524e-09,8.359074759547602e-10
revisions,16,anticipated_down,myopic,Credit ETF,5.1489616870884085e-09,5.332316787871971e-10,5.682193365875606e-09,0.09641526091817976,1.8712638448964524e-09,8.359074759547602e-10
revisions,16,anticipated_down,dynamic,Equity A,18.569722190614858,1.4035161921555073e-10,18.569722190755208,-8.863781198218154e-09,2.7206215957289453e-09,4.405007400520316e-10
revisions,16,anticipated_down,dynamic,Equity B,8.045921510289954,1.5212137105535817e-10,8.045921510442076,-0.02838265716148898,2.7206215957289453e-09,4.405007400520316e-10
revisions,16,anticipated_down,dynamic,Duration A,12.222599191706534,4.375713680282445e-09,12.222599196082248,6.619988798227047,2.7206215957289453e-09,4.405007400520316e-10
revisions,16,anticipated_down,dynamic,Duration B,1.671954994475588e-08,5.912709381350026e-10,1.7310820882890884e-08,0.2624853050982281,2.7206215957289453e-09,4.405007400520316e-10
revisions,16,anticipated_down,dynamic,Credit A,30.68817585535889,1.6006085346020882e-10,30.68817585551895,2.4106780602067622e-08,2.7206215957289453e-09,4.405007400520316e-10
revisions,16,anticipated_down,dynamic,Credit B,10.0060433183636,1.9714230248268905e-10,10.006043318560742,0.30933966914842803,2.7206215957289453e-09,4.405007400520316e-10
revisions,16,anticipated_down,dynamic,Equity ETF,20.467537907926193,-1.4341583476351616e-10,20.467537907782777,-7.652358115940745,2.7206215957289453e-09,4.405007400520316e-10
revisions,16,anticipated_down,dynamic,Duration ETF,3.513153509685196e-09,-3.2654957042522595e-09,2.476578054329366e-10,0.3872699304799077,2.7206215957289453e-09,4.405007400520316e-10
revisions,16,anticipated_down,dynamic,Credit ETF,5.1489616870884085e-09,-4.574473552007667e-09,5.74488135080741e-10,0.09641974613996504,2.7206215957289453e-09,4.405007400520316e-10
revisions,17,anticipated_up,etf_only,Equity A,18.569722190614858,-1.1718293002616065e-09,18.569722189443027,7.910840083568415e-09,-7.593253705016925e-09,1.1631628862634306e-09
revisions,17,anticipated_up,etf_only,Equity B,8.045921510289954,-1.1718237491464834e-09,8.04592150911813,0.020746535987182187,-7.593253705016925e-09,1.1631628862634306e-09
revisions,17,anticipated_up,etf_only,Duration A,12.222599191706534,-1.1718209735889218e-09,12.222599190534714,-6.218682752776889,-7.593253705016925e-09,1.1631628862634306e-09
revisions,17,anticipated_up,etf_only,Duration B,1.671954994475588e-08,-7.214354539182062e-09,9.505195405573818e-09,-7.845199386552756e-09,-7.593253705016925e-09,1.1631628862634306e-09
revisions,17,anticipated_up,etf_only,Credit A,30.68817585535889,-1.1718237491464834e-09,30.688175854187065,-2.8073216089737518e-08,-7.593253705016925e-09,1.1631628862634306e-09
revisions,17,anticipated_up,etf_only,Credit B,10.0060433183636,-1.1718237491464834e-09,10.006043317191777,-0.42886214772924264,-7.593253705016925e-09,1.1631628862634306e-09
revisions,17,anticipated_up,etf_only,Equity ETF,20.467537907926193,-2.2305268743139095e-09,20.467537905695664,6.622139843983079,-7.593253705016925e-09,1.1631628862634306e-09
revisions,17,anticipated_up,etf_only,Duration ETF,3.513153509685196e-09,1.2733532197227898e-08,1.6246685706913093e-08,-1.5262520890664268e-08,-7.593253705016925e-09,1.1631628862634306e-09
revisions,17,anticipated_up,etf_only,Credit ETF,5.1489616870884085e-09,1.051039509044962e-08,1.565935677753803e-08,-1.4377103358400976e-08,-7.593253705016925e-09,1.1631628862634306e-09
revisions,17,anticipated_up,myopic,Equity A,18.569722190614858,4.095890293598359e-10,18.569722191024447,1.0473451632713262e-08,1.8712638448964524e-09,8.359074759547602e-10
revisions,17,anticipated_up,myopic,Equity B,8.045921510289954,1.6298351557253454e-10,8.045921510452938,0.020746539524059502,1.8712638448964524e-09,8.359074759547602e-10
revisions,17,anticipated_up,myopic,Duration A,12.222599191706534,1.1008582934124433e-09,12.222599192807394,-6.218682711344928,1.8712638448964524e-09,8.359074759547602e-10
revisions,17,anticipated_up,myopic,Duration B,1.671954994475588e-08,-1.0025680417087815e-08,6.693869527668065e-09,-5.3471546326599455e-09,1.8712638448964524e-09,8.359074759547602e-10
revisions,17,anticipated_up,myopic,Credit A,30.68817585535889,2.4099333639782117e-09,30.688175857768822,-4.833757650833402e-08,1.8712638448964524e-09,8.359074759547602e-10
revisions,17,anticipated_up,myopic,Credit B,10.0060433183636,1.4011777849098905e-09,10.006043319764778,-0.4288621986670725,1.8712638448964524e-09,8.359074759547602e-10
revisions,17,anticipated_up,myopic,Equity ETF,20.467537907926193,2.211866800827522e-09,20.46753791013806,6.622139847859206,1.8712638448964524e-09,8.359074759547602e-10
revisions,17,anticipated_up,myopic,Duration ETF,3.513153509685196e-09,2.7471930732145754e-10,3.787872817006654e-09,-3.100901255547438e-09,1.8712638448964524e-09,8.359074759547602e-10
revisions,17,anticipated_up,myopic,Credit ETF,5.1489616870884085e-09,5.332316787871971e-10,5.682193365875606e-09,-4.884020787070265e-09,1.8712638448964524e-09,8.359074759547602e-10
revisions,17,anticipated_up,dynamic,Equity A,18.569722190614858,-7.402606305717541e-10,18.569722189874597,1.1395181853154402e-08,2.91990241165801e-09,2.3461016471580404e-09
revisions,17,anticipated_up,dynamic,Equity B,8.045921510289954,-7.285672065648896e-10,8.045921509561389,0.020746572705656875,2.91990241165801e-09,2.3461016471580404e-09
revisions,17,anticipated_up,dynamic,Duration A,12.222599191706534,-1.0604069011765915e-08,12.222599181102465,-6.218681674349633,2.91990241165801e-09,2.3461016471580404e-09
revisions,17,anticipated_up,dynamic,Duration B,1.671954994475588e-08,-1.5305698524529224e-08,1.4138514202266574e-09,9.918286980616272e-10,2.91990241165801e-09,2.3461016471580404e-09
revisions,17,anticipated_up,dynamic,Credit A,30.68817585535889,-1.7515988659511095e-09,30.68817585360729,-1.3518790106135263e-07,2.91990241165801e-09,2.3461016471580404e-09
revisions,17,anticipated_up,dynamic,Credit B,10.0060433183636,-8.534797868442467e-10,10.00604331751012,-0.42886353092975943,2.91990241165801e-09,2.3461016471580404e-09
revisions,17,anticipated_up,dynamic,Equity ETF,20.467537907926193,3.487225508358449e-08,20.467537942798447,6.622140177015691,2.91990241165801e-09,2.3461016471580404e-09
revisions,17,anticipated_up,dynamic,Duration ETF,3.513153509685196e-09,-3.660130615889322e-09,-1.469771062041261e-10,1.975845622331274e-09,2.91990241165801e-09,2.3461016471580404e-09
revisions,17,anticipated_up,dynamic,Credit ETF,5.1489616870884085e-09,-3.813511592860346e-09,1.3354500942280625e-09,1.312223773105171e-09,2.91990241165801e-09,2.3461016471580404e-09
revisions,18,unchanged,etf_only,Equity A,18.408777834807886,4.623190719144077e-10,18.408777835270204,-0.02112461529705178,-2.0669008737562473e-09,3.1744936053575596e-10
revisions,18,unchanged,etf_only,Equity B,7.956118060357051,4.6231352079928456e-10,7.956118060819365,0.49152973105712916,-2.0669008737562473e-09,3.1744936053575596e-10
revisions,18,unchanged,etf_only,Duration A,12.650228024018459,4.623162963568461e-10,12.650228024480775,-0.52260081561518,-2.0669008737562473e-09,3.1744936053575596e-10
revisions,18,unchanged,etf_only,Duration B,1.6940752593271005e-08,-2.1496307722043293e-09,1.4791121821066675e-08,0.22506747572448965,-2.0669008737562473e-09,3.1744936053575596e-10
revisions,18,unchanged,etf_only,Credit A,30.574688284407557,4.623246230295308e-10,30.574688284869882,-1.0685616734443217,-2.0669008737562473e-09,3.1744936053575596e-10
revisions,18,unchanged,etf_only,Credit B,9.961553152040354,4.6231490857806534e-10,9.96155315250267,1.18544096112496,-2.0669008737562473e-09,3.1744936053575596e-10
revisions,18,unchanged,etf_only,Equity ETF,20.44863461846663,1.1523615395248044e-09,20.448634619618993,-0.8233188582748611,-2.0669008737562473e-09,3.1744936053575596e-10
revisions,18,unchanged,etf_only,Duration ETF,3.369450354115482e-09,-1.2290250376142327e-09,2.1404253165012494e-09,6.231334588238985e-09,-2.0669008737562473e-09,3.1744936053575596e-10
revisions,18,unchanged,etf_only,Credit ETF,5.2322574933318286e-09,2.3380334674426007e-09,7.57029096077443e-09,0.5300450033726531,-2.0669008737562473e-09,3.1744936053575596e-10
revisions,18,unchanged,myopic,Equity A,18.408777834807886,3.773203971491057e-10,18.408777835185205,-0.02112461525044635,1.879066896971587e-09,8.409253084716685e-10
revisions,18,unchanged,myopic,Equity B,7.956118060357051,1.3535145226839518e-10,7.956118060492402,0.4915297304057005,1.879066896971587e-09,8.409253084716685e-10
revisions,18,unchanged,myopic,Duration A,12.650228024018459,1.0892536872475489e-09,12.650228025107712,-0.5226007973791736,1.879066896971587e-09,8.409253084716685e-10
revisions,18,unchanged,myopic,Duration B,1.6940752593271005e-08,-1.0130086709472275e-08,6.810665883798728e-09,0.22506748118908104,1.879066896971587e-09,8.409253084716685e-10
revisions,18,unchanged,myopic,Credit A,30.574688284407557,2.3872848142758585e-09,30.574688286794842,-1.0685616740065405,1.879066896971587e-09,8.409253084716685e-10
revisions,18,unchanged,myopic,Credit B,9.961553152040354,1.4233475509328741e-09,9.961553153463703,1.185440965633802,1.879066896971587e-09,8.409253084716685e-10
revisions,18,unchanged,myopic,Equity ETF,20.44863461846663,2.1411983297525694e-09,20.448634620607827,-0.823318857490327,1.879066896971587e-09,8.409253084716685e-10
revisions,18,unchanged,myopic,Duration ETF,3.369450354115482e-09,4.883921698075234e-10,3.8578425239230054e-09,3.676915027411632e-09,1.879066896971587e-09,8.409253084716685e-10
revisions,18,unchanged,myopic,Credit ETF,5.2322574933318286e-09,5.600633956581842e-10,5.792320888990012e-09,0.5300449806662331,1.879066896971587e-09,8.409253084716685e-10
revisions,18,unchanged,dynamic,Equity A,18.408777834807886,-5.854527973525592e-09,18.408777828953358,-0.02112461542322281,-1.871585195475659e-09,3.3731288580248104e-09
revisions,18,unchanged,dynamic,Equity B,7.956118060357051,-5.852426876451489e-09,7.956118054504624,0.4915297317734403,-1.871585195475659e-09,3.3731288580248104e-09
revisions,18,unchanged,dynamic,Duration A,12.650228024018459,-5.854819407069556e-09,12.65022801816364,-0.5225986240898152,-1.871585195475659e-09,3.3731288580248104e-09
revisions,18,unchanged,dynamic,Duration B,1.6940752593271005e-08,-1.6234399705870876e-08,7.063528874001273e-10,0.22506758020117723,-1.871585195475659e-09,3.3731288580248104e-09
revisions,18,unchanged,dynamic,Credit A,30.574688284407557,-5.8707150252246265e-09,30.574688278536843,-1.0685622345940031,-1.871585195475659e-09,3.3731288580248104e-09
revisions,18,unchanged,dynamic,Credit B,9.961553152040354,-5.850904483128971e-09,9.96155314618945,1.1854413136763788,-1.871585195475659e-09,3.3731288580248104e-09
revisions,18,unchanged,dynamic,Equity ETF,20.44863461846663,5.128860391945267e-08,20.448634669755233,-0.823318874211399,-1.871585195475659e-09,3.3731288580248104e-09
revisions,18,unchanged,dynamic,Duration ETF,3.369450354115482e-09,-3.2317138637107715e-09,1.3773649040471058e-10,2.2909017040756706e-08,-1.871585195475659e-09,3.3731288580248104e-09
revisions,18,unchanged,dynamic,Credit ETF,5.2322574933318286e-09,-3.416414398992918e-10,4.890616053432536e-09,0.5300429103978432,-1.871585195475659e-09,3.3731288580248104e-09
revisions,19,premium_down_persistent,etf_only,Equity A,18.408777834807886,-5.939693181744587e-13,18.408777834807292,-0.07310594238915721,5.7140124348000225e-09,0.26722714704876255
revisions,19,premium_down_persistent,etf_only,Equity B,7.956118060357051,-3.2057689836051395e-13,7.95611806035673,0.3444560709106469,5.7140124348000225e-09,0.26722714704876255
revisions,19,premium_down_persistent,etf_only,Duration A,12.650228024018459,2.0816681711721685e-12,12.65022802402054,1.4595386331332814,5.7140124348000225e-09,0.26722714704876255
revisions,19,premium_down_persistent,etf_only,Duration B,1.6940752593271005e-08,-1.5490515646256172e-08,1.4502369470148313e-09,0.5623611388887804,5.7140124348000225e-09,0.26722714704876255
revisions,19,premium_down_persistent,etf_only,Credit A,30.574688284407557,1.0880185641326534e-12,30.574688284408648,-0.7373450766562549,5.7140124348000225e-09,0.26722714704876255
revisions,19,premium_down_persistent,etf_only,Credit B,9.961553152040354,1.2934098236883074e-12,9.961553152041649,1.3279863880514047,5.7140124348000225e-09,0.26722714704876255
revisions,19,premium_down_persistent,etf_only,Equity ETF,20.44863461846663,-6.6820147875181615,13.766619830948468,-2.518775253909716,5.7140124348000225e-09,0.26722714704876255
revisions,19,premium_down_persistent,etf_only,Duration ETF,3.369450354115482e-09,6.679342506252374,6.679342509621825,-1.3454492651342298,5.7140124348000225e-09,0.26722714704876255
revisions,19,premium_down_persistent,etf_only,Credit ETF,5.2322574933318286e-09,1.9927856107900085e-08,2.516011360123191e-08,0.9755357637536485,5.7140124348000225e-09,0.26722714704876255
revisions,19,premium_down_persistent,myopic,Equity A,18.408777834807886,-1.4048012753065109e-09,18.408777833403082,-0.07890962161922789,1.044753792213502e-09,0.48418667963231965
revisions,19,premium_down_persistent,myopic,Equity B,7.956118060357051,-6.928957407836833e-10,7.956118059664155,0.3377465631558674,1.044753792213502e-09,0.48418667963231965
revisions,19,premium_down_persistent,myopic,Duration A,12.650228024018459,6.915569119010276,19.565797143028735,0.44784772294427816,1.044753792213502e-09,0.48418667963231965
revisions,19,premium_down_persistent,myopic,Duration B,1.6940752593271005e-08,-2.351133006013304e-09,1.45896195872577e-08,0.326739481238727,1.044753792213502e-09,0.48418667963231965
revisions,19,premium_down_persistent,myopic,Credit A,30.574688284407557,7.219908004785225e-09,30.574688291627467,-0.8099086280102056,1.044753792213502e-09,0.48418667963231965
revisions,19,premium_down_persistent,myopic,Credit B,9.961553152040354,8.778650029128698e-09,9.961553160819005,1.2977986373347512,1.044753792213502e-09,0.48418667963231965
revisions,19,premium_down_persistent,myopic,Equity ETF,20.44863461846663,-6.920411065506649,13.52822355295998,-2.221672578680785,1.044753792213502e-09,0.48418667963231965
revisions,19,premium_down_persistent,myopic,Duration ETF,3.369450354115482e-09,3.7590753258049547e-08,4.096020361216503e-08,0.020244792104792086,1.044753792213502e-09,0.48418667963231965
revisions,19,premium_down_persistent,myopic,Credit ETF,5.2322574933318286e-09,2.9874416493084335e-08,3.5106673986416166e-08,0.6760832214690425,1.044753792213502e-09,0.48418667963231965
revisions,19,premium_down_persistent,dynamic,Equity A,18.408777834807886,-2.0991541838100147e-11,18.408777834786893,-0.08922278299524021,9.38328616737795e-10,0.5762196969218922
revisions,19,premium_down_persistent,dynamic,Equity B,7.956118060357051,-5.752343046339092e-12,7.956118060351298,0.30310119768069366,9.38328616737795e-10,0.5762196969218922
revisions,19,premium_down_persistent,dynamic,Duration A,12.650228024018459,8.23006360711056,20.88029163112902,-0.09152518050127587,9.38328616737795e-10,0.5762196969218922
revisions,19,premium_down_persistent,dynamic,Duration B,1.6940752593271005e-08,-7.721926307617128e-09,9.218826285653876e-09,0.31949115670478373,9.38328616737795e-10,0.5762196969218922
revisions,19,premium_down_persistent,dynamic,Credit A,30.574688284407557,3.695932448977146e-11,30.57468828444452,-0.8088431261931182,9.38328616737795e-10,0.5762196969218922
revisions,19,premium_down_persistent,dynamic,Credit B,9.961553152040354,1.351488365664011e-10,9.961553152175503,1.2628094775495389,9.38328616737795e-10,0.5762196969218922
revisions,19,premium_down_persistent,dynamic,Equity ETF,20.44863461846663,-8.235825802799106,12.212808815667524,-1.5715045446489662,9.38328616737795e-10,0.5762196969218922
revisions,19,premium_down_persistent,dynamic,Duration ETF,3.369450354115482e-09,2.4991270903622194e-09,5.868577444477701e-09,0.004200124129584973,9.38328616737795e-10,0.5762196969218922
revisions,19,premium_down_persistent,dynamic,Credit ETF,5.2322574933318286e-09,3.218033361970171e-09,8.450290855302e-09,0.6678050678582771,9.38328616737795e-10,0.5762196969218922
revisions,20,premium_up_persistent,etf_only,Equity A,18.408777834807886,-6.432049337590229e-10,18.40877783416468,0.007996499905281234,2.5299381696539233e-09,1.6383997629863e-09
revisions,20,premium_up_persistent,etf_only,Equity B,7.956118060357051,-6.402170460440004e-10,7.956118059716834,0.4680065675376528,2.5299381696539233e-09,1.6383997629863e-09
revisions,20,premium_up_persistent,etf_only,Duration A,12.650228024018459,-6.427441912038034e-10,12.650228023375714,-6.195782036297595,2.5299381696539233e-09,1.6383997629863e-09
revisions,20,premium_up_persistent,etf_only,Duration B,1.6940752593271005e-08,-1.5577433793205906e-08,1.3633188000650983e-09,0.20421641106421182,2.5299381696539233e-09,1.6383997629863e-09
revisions,20,premium_up_persistent,etf_only,Credit A,30.574688284407557,-6.279254893826192e-10,30.574688283779633,-1.9067513613484381,2.5299381696539233e-09,1.6383997629863e-09
revisions,20,premium_up_persistent,etf_only,Credit B,9.961553152040354,-6.285402753825053e-10,9.961553151411815,0.3830489071036506,2.5299381696539233e-09,1.6383997629863e-09
revisions,20,premium_up_persistent,etf_only,Equity ETF,20.44863461846663,2.5796584313120263e-08,20.448634644263215,6.758421958732821,2.5299381696539233e-09,1.6383997629863e-09
revisions,20,premium_up_persistent,etf_only,Duration ETF,3.369450354115482e-09,-3.728026012208164e-09,-3.5857565809268174e-10,8.579777596480043e-10,2.5299381696539233e-09,1.6383997629863e-09
revisions,20,premium_up_persistent,etf_only,Credit ETF,5.2322574933318286e-09,-5.49521350154194e-09,-2.6295600821011154e-10,0.2730452021908964,2.5299381696539233e-09,1.6383997629863e-09
revisions,20,premium_up_persistent,myopic,Equity A,18.408777834807886,3.2361002766378988e-09,18.408777838043985,-0.0032197387425940156,3.196490071737763e-09,0.4844642623533349
revisions,20,premium_up_persistent,myopic,Equity B,7.956118060357051,9.510101040000052e-10,7.956118061308061,0.46821781644705435,3.196490071737763e-09,0.4844642623533349
revisions,20,premium_up_persistent,myopic,Duration A,12.650228024018459,-6.922302154970185,5.727925869048274,-1.0427132694056298,3.196490071737763e-09,0.4844642623533349
revisions,20,premium_up_persistent,myopic,Duration B,1.6940752593271005e-08,-1.507581191182817e-08,1.8649406814428355e-09,0.1667635907297082,3.196490071737763e-09,0.4844642623533349
revisions,20,premium_up_persistent,myopic,Credit A,30.574688284407557,-8.27266033454066e-09,30.5746882761349,-1.5266078911790772,3.196490071737763e-09,0.4844642623533349
revisions,20,premium_up_persistent,myopic,Credit B,9.961553152040354,-3.34901481546801e-08,9.961553118550206,0.855525276850219,3.196490071737763e-09,0.4844642623533349
revisions,20,premium_up_persistent,myopic,Equity ETF,20.44863461846663,6.917457569919113,27.366092188385743,0.7709556175546054,3.196490071737763e-09,0.4844642623533349
revisions,20,premium_up_persistent,myopic,Duration ETF,3.369450354115482e-09,-3.0273040146872263e-09,3.4214633942825574e-10,6.83503097146061e-10,3.196490071737763e-09,0.4844642623533349
revisions,20,premium_up_persistent,myopic,Credit ETF,5.2322574933318286e-09,-4.730538074139187e-09,5.017194191926412e-10,0.3073110088936983,3.196490071737763e-09,0.4844642623533349
revisions,20,premium_up_persistent,dynamic,Equity A,18.408777834807886,9.597878047884478e-12,18.40877783481748,-0.014279697112597493,2.5318769785809617e-09,0.5729614183873927
revisions,20,premium_up_persistent,dynamic,Equity B,7.956118060357051,1.3034018309099338e-11,7.956118060370085,0.4685654801711465,2.5318769785809617e-09,0.5729614183873927
revisions,20,premium_up_persistent,dynamic,Duration A,12.650228024018459,-8.186800131820464,4.463427892197995,-0.630611467022794,2.5318769785809617e-09,0.5729614183873927
revisions,20,premium_up_persistent,dynamic,Duration B,1.6940752593271005e-08,-1.592458421466094e-08,1.0161683786100626e-09,0.12359323265538358,2.5318769785809617e-09,0.5729614183873927
revisions,20,premium_up_persistent,dynamic,Credit A,30.574688284407557,-1.3292700273837e-10,30.574688284274632,-1.4689971067474037,2.5318769785809617e-09,0.5729614183873927
revisions,20,premium_up_persistent,dynamic,Credit B,9.961553152040354,-5.147271497918382e-11,9.961553151988882,0.9091374639875079,2.5318769785809617e-09,0.5729614183873927
revisions,20,premium_up_persistent,dynamic,Equity ETF,20.44863461846663,8.18107054052005,28.629705158986678,0.24806606769564554,2.5318769785809617e-09,0.5729614183873927
revisions,20,premium_up_persistent,dynamic,Duration ETF,3.369450354115482e-09,-3.114014230792513e-09,2.5543612332296886e-10,4.296787356950582e-09,2.5318769785809617e-09,0.5729614183873927
revisions,20,premium_up_persistent,dynamic,Credit ETF,5.2322574933318286e-09,-5.855369032535808e-09,-6.231115392039801e-10,0.36107994347362754,2.5318769785809617e-09,0.5729614183873927
revisions,21,premium_down_reverting,etf_only,Equity A,18.408777834807886,-5.939693181744587e-13,18.408777834807292,-0.02812392272586268,5.7140124348000225e-09,0.26722714704876255
revisions,21,premium_down_reverting,etf_only,Equity B,7.956118060357051,-3.2057689836051395e-13,7.95611806035673,0.36195589021675295,5.7140124348000225e-09,0.26722714704876255
revisions,21,premium_down_reverting,etf_only,Duration A,12.650228024018459,2.0816681711721685e-12,12.65022802402054,0.5592077012629744,5.7140124348000225e-09,0.26722714704876255
revisions,21,premium_down_reverting,etf_only,Duration B,1.6940752593271005e-08,-1.5490515646256172e-08,1.4502369470148313e-09,0.4770312255425693,5.7140124348000225e-09,0.26722714704876255
revisions,21,premium_down_reverting,etf_only,Credit A,30.574688284407557,1.0880185641326534e-12,30.574688284408648,-0.6798679996429278,5.7140124348000225e-09,0.26722714704876255
revisions,21,premium_down_reverting,etf_only,Credit B,9.961553152040354,1.2934098236883074e-12,9.961553152041649,1.2639581662961525,5.7140124348000225e-09,0.26722714704876255
revisions,21,premium_down_reverting,etf_only,Equity ETF,20.44863461846663,-6.6820147875181615,13.766619830948468,-1.3440838598203164,5.7140124348000225e-09,0.26722714704876255
revisions,21,premium_down_reverting,etf_only,Duration ETF,3.369450354115482e-09,6.679342506252374,6.679342509621825,-1.587855458286934,5.7140124348000225e-09,0.26722714704876255
revisions,21,premium_down_reverting,etf_only,Credit ETF,5.2322574933318286e-09,1.9927856107900085e-08,2.516011360123191e-08,0.9735983861270576,5.7140124348000225e-09,0.26722714704876255
revisions,21,premium_down_reverting,myopic,Equity A,18.408777834807886,-1.4048012753065109e-09,18.408777833403082,-0.04761729846492749,1.044753792213502e-09,0.48418667963231965
revisions,21,premium_down_reverting,myopic,Equity B,7.956118060357051,-6.928957407836833e-10,7.956118059664155,0.3200205443694082,1.044753792213502e-09,0.48418667963231965
revisions,21,premium_down_reverting,myopic,Duration A,12.650228024018459,6.915569119010276,19.565797143028735,-0.3033506450195504,1.044753792213502e-09,0.48418667963231965
revisions,21,premium_down_reverting,myopic,Duration B,1.6940752593271005e-08,-2.351133006013304e-09,1.45896195872577e-08,0.29848548230533456,1.044753792213502e-09,0.48418667963231965
revisions,21,premium_down_reverting,myopic,Credit A,30.574688284407557,7.219908004785225e-09,30.574688291627467,-0.864843301054321,1.044753792213502e-09,0.48418667963231965
revisions,21,premium_down_reverting,myopic,Credit B,9.961553152040354,8.778650029128698e-09,9.961553160819005,1.2375360691131578,1.044753792213502e-09,0.48418667963231965
revisions,21,premium_down_reverting,myopic,Equity ETF,20.44863461846663,-6.920411065506649,13.52822355295998,-1.2758353559337003,1.044753792213502e-09,0.48418667963231965
revisions,21,premium_down_reverting,myopic,Duration ETF,3.369450354115482e-09,3.7590753258049547e-08,4.096020361216503e-08,0.0009707954202304907,1.044753792213502e-09,0.48418667963231965
revisions,21,premium_down_reverting,myopic,Credit ETF,5.2322574933318286e-09,2.9874416493084335e-08,3.5106673986416166e-08,0.6310811904584896,1.044753792213502e-09,0.48418667963231965
revisions,21,premium_down_reverting,dynamic,Equity A,18.408777834807886,-1.57818202950466e-11,18.408777834792104,-0.05014066408645136,3.846072020433945e-10,0.51977371612757
revisions,21,premium_down_reverting,dynamic,Equity B,7.956118060357051,-6.113165529342268e-12,7.956118060350938,0.30685204592031917,3.846072020433945e-10,0.51977371612757
revisions,21,premium_down_reverting,dynamic,Duration A,12.650228024018459,7.423853726481916,20.074081750500376,-0.4526165644938761,3.846072020433945e-10,0.51977371612757
revisions,21,premium_down_reverting,dynamic,Duration B,1.6940752593271005e-08,-7.543640155521781e-09,9.397112437749222e-09,0.29600569571430646,3.846072020433945e-10,0.51977371612757
revisions,21,premium_down_reverting,dynamic,Credit A,30.574688284407557,4.515832152662824e-11,30.574688284452716,-0.8945165031480927,3.846072020433945e-10,0.51977371612757
revisions,21,premium_down_reverting,dynamic,Credit B,9.961553152040354,1.015049155839165e-10,9.96155315214186,1.2322569368971357,3.846072020433945e-10,0.51977371612757
revisions,21,premium_down_reverting,dynamic,Equity ETF,20.44863461846663,-7.429051463571268,13.019583154895361,-1.074049776194777,3.846072020433945e-10,0.51977371612757
revisions,21,premium_down_reverting,dynamic,Duration ETF,3.369450354115482e-09,3.581690798962146e-09,6.951141153077628e-09,1.997742880833689e-08,3.846072020433945e-10,0.51977371612757
revisions,21,premium_down_reverting,dynamic,Credit ETF,5.2322574933318286e-09,3.740252191525983e-09,8.972509684857812e-09,0.6327101899324162,3.846072020433945e-10,0.51977371612757
revisions,22,premium_up_reverting,etf_only,Equity A,18.408777834807886,-6.432049337590229e-10,18.40877783416468,0.008715298521546613,2.5299381696539233e-09,1.6383997629863e-09
revisions,22,premium_up_reverting,etf_only,Equity B,7.956118060357051,-6.402170460440004e-10,7.956118059716834,0.46986907722618815,2.5299381696539233e-09,1.6383997629863e-09
revisions,22,premium_up_reverting,etf_only,Duration A,12.650228024018459,-6.427441912038034e-10,12.650228023375714,-4.666573926313275,2.5299381696539233e-09,1.6383997629863e-09
revisions,22,premium_up_reverting,etf_only,Duration B,1.6940752593271005e-08,-1.5577433793205906e-08,1.3633188000650983e-09,0.229702443743355,2.5299381696539233e-09,1.6383997629863e-09
revisions,22,premium_up_reverting,etf_only,Credit A,30.574688284407557,-6.279254893826192e-10,30.574688283779633,-1.6818998236459852,2.5299381696539233e-09,1.6383997629863e-09
revisions,22,premium_up_reverting,etf_only,Credit B,9.961553152040354,-6.285402753825053e-10,9.961553151411815,0.6254752443051245,2.5299381696539233e-09,1.6383997629863e-09
revisions,22,premium_up_reverting,etf_only,Equity ETF,20.44863461846663,2.5796584313120263e-08,20.448634644263215,4.722102476329376,2.5299381696539233e-09,1.6383997629863e-09
revisions,22,premium_up_reverting,etf_only,Duration ETF,3.369450354115482e-09,-3.728026012208164e-09,-3.5857565809268174e-10,8.958854025590178e-10,2.5299381696539233e-09,1.6383997629863e-09
revisions,22,premium_up_reverting,etf_only,Credit ETF,5.2322574933318286e-09,-5.49521350154194e-09,-2.6295600821011154e-10,0.2860638995101606,2.5299381696539233e-09,1.6383997629863e-09
revisions,22,premium_up_reverting,myopic,Equity A,18.408777834807886,3.2361002766378988e-09,18.408777838043985,-0.018164519129853236,3.196490071737763e-09,0.4844642623533349
revisions,22,premium_up_reverting,myopic,Equity B,7.956118060357051,9.510101040000052e-10,7.956118061308061,0.47175831600406604,3.196490071737763e-09,0.4844642623533349
revisions,22,premium_up_reverting,myopic,Duration A,12.650228024018459,-6.922302154970185,5.727925869048274,-0.5213318830585172,3.196490071737763e-09,0.4844642623533349
revisions,22,premium_up_reverting,myopic,Duration B,1.6940752593271005e-08,-1.507581191182817e-08,1.8649406814428355e-09,0.14137374089133248,3.196490071737763e-09,0.4844642623533349
revisions,22,premium_up_reverting,myopic,Credit A,30.574688284407557,-8.27266033454066e-09,30.5746882761349,-1.364523798276576,3.196490071737763e-09,0.4844642623533349
revisions,22,premium_up_reverting,myopic,Credit B,9.961553152040354,-3.34901481546801e-08,9.961553118550206,1.0045358699909142,3.196490071737763e-09,0.4844642623533349
revisions,22,premium_up_reverting,myopic,Equity ETF,20.44863461846663,6.917457569919113,27.366092188385743,-0.12705673153455938,3.196490071737763e-09,0.4844642623533349
revisions,22,premium_up_reverting,myopic,Duration ETF,3.369450354115482e-09,-3.0273040146872263e-09,3.4214633942825574e-10,2.8984637416999476e-09,3.196490071737763e-09,0.4844642623533349
revisions,22,premium_up_reverting,myopic,Credit ETF,5.2322574933318286e-09,-4.730538074139187e-09,5.017194191926412e-10,0.4100333016670203,3.196490071737763e-09,0.4844642623533349
revisions,22,premium_up_reverting,dynamic,Equity A,18.408777834807886,8.781864124784988e-12,18.408777834816668,-0.025203998216164186,3.710823891277335e-09,0.5165823627192677
revisions,22,premium_up_reverting,dynamic,Equity B,7.956118060357051,8.688882946472631e-12,7.95611806036574,0.47516067351543995,3.710823891277335e-09,0.5165823627192677
revisions,22,premium_up_reverting,dynamic,Duration A,12.650228024018459,-7.38122396837925,5.269004055639209,-0.39787369173453996,3.710823891277335e-09,0.5165823627192677
revisions,22,premium_up_reverting,dynamic,Duration B,1.6940752593271005e-08,-1.5934153534236178e-08,1.0065990590348252e-09,0.14321773004786081,3.710823891277335e-09,0.5165823627192677
revisions,22,premium_up_reverting,dynamic,Credit A,30.574688284407557,-4.973799150320701e-11,30.57468828435782,-1.3205364540512057,3.710823891277335e-09,0.5165823627192677
revisions,22,premium_up_reverting,dynamic,Credit B,9.961553152040354,-5.183908857731012e-11,9.961553151988516,1.0094643386900395,3.710823891277335e-09,0.5165823627192677
revisions,22,premium_up_reverting,dynamic,Equity ETF,20.44863461846663,7.376058166150676,27.824692784617305,-0.3149904430439714,3.710823891277335e-09,0.5165823627192677
revisions,22,premium_up_reverting,dynamic,Duration ETF,3.369450354115482e-09,-3.94125858944583e-09,-5.718082353303477e-10,7.62498439546522e-09,3.710823891277335e-09,0.5165823627192677
revisions,22,premium_up_reverting,dynamic,Credit ETF,5.2322574933318286e-09,-4.790322691423113e-09,4.4193480190871556e-10,0.42742294792481655,3.710823891277335e-09,0.5165823627192677
revisions,23,alpha_up,etf_only,Equity A,18.408777834807886,-3.829214723083396e-10,18.408777834424964,1.3523315305781745,-2.437909313541371e-09,6.079582331689812e-10
revisions,23,alpha_up,etf_only,Equity B,7.956118060357051,-3.891983957338141e-10,7.956118059967852,0.4916021907109906,-2.437909313541371e-09,6.079582331689812e-10
revisions,23,alpha_up,etf_only,Duration A,12.650228024018459,-3.891997835125949e-10,12.650228023629259,-0.563113618867218,-2.437909313541371e-09,6.079582331689812e-10
revisions,23,alpha_up,etf_only,Duration B,1.6940752593271005e-08,-5.2273391730013815e-09,1.1713413420269622e-08,0.22526225482709886,-2.437909313541371e-09,6.079582331689812e-10
revisions,23,alpha_up,etf_only,Credit A,30.574688284407557,-3.891997835125949e-10,30.574688284018357,-1.1056685125360548,-2.437909313541371e-09,6.079582331689812e-10
revisions,23,alpha_up,etf_only,Credit B,9.961553152040354,-3.891983957338141e-10,9.961553151651156,1.1861596176202152,-2.437909313541371e-09,6.079582331689812e-10
revisions,23,alpha_up,etf_only,Equity ETF,20.44863461846663,-7.545630786864876e-10,20.448634617712067,-2.095322527445005,-2.437909313541371e-09,6.079582331689812e-10
revisions,23,alpha_up,etf_only,Duration ETF,3.369450354115482e-09,-5.063275094407128e-10,2.8631228446747692e-09,6.159322785685177e-09,-2.437909313541371e-09,6.079582331689812e-10
revisions,23,alpha_up,etf_only,Credit ETF,5.2322574933318286e-09,1.1219378560815509e-08,1.6451636054147336e-08,0.5048351247449269,-2.437909313541371e-09,6.079582331689812e-10
revisions,23,alpha_up,myopic,Equity A,18.408777834807886,3.992912944728033e-08,18.408777874737016,1.352331576423275,2.8773922375896616e-09,3.423214806404357e-09
revisions,23,alpha_up,myopic,Equity B,7.956118060357051,-3.2748151412853588e-09,7.956118057082236,0.4916021916699468,2.8773922375896616e-09,3.423214806404357e-09
revisions,23,alpha_up,myopic,Duration A,12.650228024018459,-3.524680547428716e-11,12.650228023983212,-0.5631136524465974,2.8773922375896616e-09,3.423214806404357e-09
revisions,23,alpha_up,myopic,Duration B,1.6940752593271005e-08,-1.3367466330637252e-08,3.5732862626337514e-09,0.2252622543282629,2.8773922375896616e-09,3.423214806404357e-09
revisions,23,alpha_up,myopic,Credit A,30.574688284407557,-3.7435610167335653e-10,30.5746882840332,-1.1056684864492214,2.8773922375896616e-09,3.423214806404357e-09
revisions,23,alpha_up,myopic,Credit B,9.961553152040354,-2.1859583587691134e-09,9.961553149854396,1.1861596033435615,2.8773922375896616e-09,3.423214806404357e-09
revisions,23,alpha_up,myopic,Equity ETF,20.44863461846663,-1.8191034789616367e-08,20.448634600275597,-2.0953225868657888,2.8773922375896616e-09,3.423214806404357e-09
revisions,23,alpha_up,myopic,Duration ETF,3.369450354115482e-09,-2.0394817017936826e-09,1.3299686523217995e-09,3.3731458817956614e-09,2.8773922375896616e-09,3.423214806404357e-09
revisions,23,alpha_up,myopic,Credit ETF,5.2322574933318286e-09,-3.012793366008531e-09,2.219464127323297e-09,0.5048351672869184,2.8773922375896616e-09,3.423214806404357e-09
revisions,23,alpha_up,dynamic,Equity A,18.408777834807886,3.088500315981521,21.497278150789406,0.8729673896843305,1.9522693103644255e-09,0.21623827024481423
revisions,23,alpha_up,dynamic,Equity B,7.956118060357051,-1.2700951401711791e-11,7.95611806034435,0.4496263772516824,1.9522693103644255e-09,0.21623827024481423
revisions,23,alpha_up,dynamic,Duration A,12.650228024018459,-8.776313009661862e-12,12.650228024009683,-0.49119076636853887,1.9522693103644255e-09,0.21623827024481423
revisions,23,alpha_up,dynamic,Duration B,1.6940752593271005e-08,-1.4632852590913512e-08,2.307900002357491e-09,0.22845789155127627,1.9522693103644255e-09,0.21623827024481423
revisions,23,alpha_up,dynamic,Credit A,30.574688284407557,-1.0119682869458302e-11,30.57468828439744,-1.0534142089844412,1.9522693103644255e-09,0.21623827024481423
revisions,23,alpha_up,dynamic,Credit B,9.961553152040354,-9.064970996064403e-12,9.96155315203129,1.1899049628250058,1.9522693103644255e-09,0.21623827024481423
revisions,23,alpha_up,dynamic,Equity ETF,20.44863461846663,-3.09066267631809,17.357971942148538,-1.736813934554205,1.9522693103644255e-09,0.21623827024481423
revisions,23,alpha_up,dynamic,Duration ETF,3.369450354115482e-09,-4.389108594797306e-09,-1.0196582406818235e-09,1.8457736400497735e-08,1.9522693103644255e-09,0.21623827024481423
revisions,23,alpha_up,dynamic,Credit ETF,5.2322574933318286e-09,-4.895924293358875e-09,3.363331999729532e-10,0.5368299829158717,1.9522693103644255e-09,0.21623827024481423
revisions,24,alpha_down,etf_only,Equity A,18.408777834807886,-1.4792944647012973e-09,18.40877783332859,-1.6024519345034811,-8.006110376166307e-09,8.409912269364847e-10
revisions,24,alpha_down,etf_only,Equity B,7.956118060357051,-1.4794818148367028e-09,7.956118058877569,0.49154019139080135,-8.006110376166307e-09,8.409912269364847e-10
revisions,24,alpha_down,etf_only,Duration A,12.650228024018459,-1.4793388736222823e-09,12.65022802253912,-0.48607243357111674,-8.006110376166307e-09,8.409912269364847e-10
revisions,24,alpha_down,etf_only,Duration B,1.6940752593271005e-08,-2.229472629281261e-09,1.4711279963989743e-08,0.24319425059097333,-8.006110376166307e-09,8.409912269364847e-10
revisions,24,alpha_down,etf_only,Credit A,30.574688284407557,-1.4793943847735136e-09,30.574688282928165,-1.041752038225794,-8.006110376166307e-09,8.409912269364847e-10
revisions,24,alpha_down,etf_only,Credit B,9.961553152040354,-1.4793777314281442e-09,9.961553150560977,1.18699446841537,-8.006110376166307e-09,8.409912269364847e-10
revisions,24,alpha_down,etf_only,Equity ETF,20.44863461846663,3.3083702444258734e-09,20.448634621775,0.6734143827120702,-8.006110376166307e-09,8.409912269364847e-10
revisions,24,alpha_down,etf_only,Duration ETF,3.369450354115482e-09,8.94333542178053e-09,1.2312785775896012e-08,-1.5087030716422958e-09,-8.006110376166307e-09,8.409912269364847e-10
revisions,24,alpha_down,etf_only,Credit ETF,5.2322574933318286e-09,5.731955934009828e-09,1.0964213427341656e-08,0.5311702623243083,-8.006110376166307e-09,8.409912269364847e-10
revisions,24,alpha_down,myopic,Equity A,18.408777834807886,-1.3232831497234088e-09,18.408777833484603,-1.6024519143906444,1.1212150132296472e-09,8.748709532642305e-10
revisions,24,alpha_down,myopic,Equity B,7.956118060357051,-3.848019125562985e-10,7.9561180599722485,0.4915401911512678,1.1212150132296472e-09,8.748709532642305e-10
revisions,24,alpha_down,myopic,Duration A,12.650228024018459,5.695444116327053e-12,12.650228024024154,-0.48607240203222596,1.1212150132296472e-09,8.748709532642305e-10
revisions,24,alpha_down,myopic,Duration B,1.6940752593271005e-08,-1.0684876858318337e-08,6.2558757349526665e-09,0.24319425573696885,1.1212150132296472e-09,8.748709532642305e-10
revisions,24,alpha_down,myopic,Credit A,30.574688284407557,7.23199278240827e-10,30.574688285130758,-1.0417520399512932,1.1212150132296472e-09,8.748709532642305e-10
revisions,24,alpha_down,myopic,Credit B,9.961553152040354,3.013422844588831e-11,9.961553152070488,1.1869944654040305,1.1212150132296472e-09,8.748709532642305e-10
revisions,24,alpha_down,myopic,Equity ETF,20.44863461846663,9.189535243869784e-09,20.448634627656165,0.673414344404694,1.1212150132296472e-09,8.748709532642305e-10
revisions,24,alpha_down,myopic,Duration ETF,3.369450354115482e-09,1.9250912445889416e-10,3.5619594785743763e-09,4.13752668507843e-09,1.1212150132296472e-09,8.748709532642305e-10
revisions,24,alpha_down,myopic,Credit ETF,5.2322574933318286e-09,1.4815261163801243e-09,6.713783609711953e-09,0.5311702456908372,1.1212150132296472e-09,8.748709532642305e-10
revisions,24,alpha_down,dynamic,Equity A,18.408777834807886,-3.2184728445970174,15.190304990210867,-0.948352458618086,2.7543147948348333e-09,0.22524805020484345
revisions,24,alpha_down,dynamic,Equity B,7.956118060357051,2.082223282684481e-11,7.956118060377873,0.491506106347776,2.7543147948348333e-09,0.22524805020484345
revisions,24,alpha_down,dynamic,Duration A,12.650228024018459,1.1790568521519162e-11,12.65022802403025,-0.5476090056342641,2.7543147948348333e-09,0.22524805020484345
revisions,24,alpha_down,dynamic,Duration B,1.6940752593271005e-08,-8.733368775996414e-09,8.20738381727459e-09,0.22128160715956965,2.7543147948348333e-09,0.22524805020484345
revisions,24,alpha_down,dynamic,Credit A,30.574688284407557,-3.3306690738754696e-13,30.574688284407227,-1.0874786680824846,2.7543147948348333e-09,0.22524805020484345
revisions,24,alpha_down,dynamic,Credit B,9.961553152040354,1.4184486918367156e-11,9.96155315205454,1.1817801742309348,2.7543147948348333e-09,0.22524805020484345
revisions,24,alpha_down,dynamic,Equity ETF,20.44863461846663,3.2162203684222708,23.6648549868889,0.16527963853353259,2.7543147948348333e-09,0.22524805020484345
revisions,24,alpha_down,dynamic,Duration ETF,3.369450354115482e-09,-3.205611111109698e-09,1.638392430057842e-10,1.8407258546048935e-08,2.7543147948348333e-09,0.22524805020484345
revisions,24,alpha_down,dynamic,Credit ETF,5.2322574933318286e-09,5.170500117643036e-09,1.0402757610974865e-08,0.519947118039182,2.7543147948348333e-09,0.22524805020484345
revisions,25,anticipated_down,etf_only,Equity A,18.408777834807886,4.623190719144077e-10,18.408777835270204,-0.07072124909428298,-2.0669008737562473e-09,3.1744936053575596e-10
revisions,25,anticipated_down,etf_only,Equity B,7.956118060357051,4.6231352079928456e-10,7.956118060819365,0.37178819566274585,-2.0669008737562473e-09,3.1744936053575596e-10
revisions,25,anticipated_down,etf_only,Duration A,12.650228024018459,4.623162963568461e-10,12.650228024480775,5.671011915456718,-2.0669008737562473e-09,3.1744936053575596e-10
revisions,25,anticipated_down,etf_only,Duration B,1.6940752593271005e-08,-2.1496307722043293e-09,1.4791121821066675e-08,0.5666294552693135,-2.0669008737562473e-09,3.1744936053575596e-10
revisions,25,anticipated_down,etf_only,Credit A,30.574688284407557,4.623246230295308e-10,30.574688284869882,-0.6191821349010412,-2.0669008737562473e-09,3.1744936053575596e-10
revisions,25,anticipated_down,etf_only,Credit B,9.961553152040354,4.6231490857806534e-10,9.96155315250267,1.392107485903561,-2.0669008737562473e-09,3.1744936053575596e-10
revisions,25,anticipated_down,etf_only,Equity ETF,20.44863461846663,1.1523615395248044e-09,20.448634619618993,-8.875231650705471,-2.0669008737562473e-09,3.1744936053575596e-10
revisions,25,anticipated_down,etf_only,Duration ETF,3.369450354115482e-09,-1.2290250376142327e-09,2.1404253165012494e-09,0.4434847178101359,-2.0669008737562473e-09,3.1744936053575596e-10
revisions,25,anticipated_down,etf_only,Credit ETF,5.2322574933318286e-09,2.3380334674426007e-09,7.57029096077443e-09,1.1121633111624847,-2.0669008737562473e-09,3.1744936053575596e-10
revisions,25,anticipated_down,myopic,Equity A,18.408777834807886,3.773203971491057e-10,18.408777835185205,-0.07072123665116102,1.879066896971587e-09,8.409253084716685e-10
revisions,25,anticipated_down,myopic,Equity B,7.956118060357051,1.3535145226839518e-10,7.956118060492402,0.37178819720851053,1.879066896971587e-09,8.409253084716685e-10
revisions,25,anticipated_down,myopic,Duration A,12.650228024018459,1.0892536872475489e-09,12.650228025107712,5.671011915216305,1.879066896971587e-09,8.409253084716685e-10
revisions,25,anticipated_down,myopic,Duration B,1.6940752593271005e-08,-1.0130086709472275e-08,6.810665883798728e-09,0.5666294589405332,1.879066896971587e-09,8.409253084716685e-10
revisions,25,anticipated_down,myopic,Credit A,30.574688284407557,2.3872848142758585e-09,30.574688286794842,-0.6191821253314469,1.879066896971587e-09,8.409253084716685e-10
revisions,25,anticipated_down,myopic,Credit B,9.961553152040354,1.4233475509328741e-09,9.961553153463703,1.3921074721491056,1.879066896971587e-09,8.409253084716685e-10
revisions,25,anticipated_down,myopic,Equity ETF,20.44863461846663,2.1411983297525694e-09,20.448634620607827,-8.875231674163372,1.879066896971587e-09,8.409253084716685e-10
revisions,25,anticipated_down,myopic,Duration ETF,3.369450354115482e-09,4.883921698075234e-10,3.8578425239230054e-09,0.44348471747260654,1.879066896971587e-09,8.409253084716685e-10
revisions,25,anticipated_down,myopic,Credit ETF,5.2322574933318286e-09,5.600633956581842e-10,5.792320888990012e-09,1.112163324047651,1.879066896971587e-09,8.409253084716685e-10
revisions,25,anticipated_down,dynamic,Equity A,18.408777834807886,4.0889513996944515e-10,18.40877783521678,-0.07072140696524395,2.4389003721557846e-09,2.485311083116091e-10
revisions,25,anticipated_down,dynamic,Equity B,7.956118060357051,4.39349945313694e-10,7.956118060796401,0.3717881931834811,2.4389003721557846e-09,2.485311083116091e-10
revisions,25,anticipated_down,dynamic,Duration A,12.650228024018459,9.885980922774706e-10,12.650228025007056,5.671011651936951,2.4389003721557846e-09,2.485311083116091e-10
revisions,25,anticipated_down,dynamic,Duration B,1.6940752593271005e-08,1.357071477925136e-10,1.7076459741063518e-08,0.5666318833318591,2.4389003721557846e-09,2.485311083116091e-10
revisions,25,anticipated_down,dynamic,Credit A,30.574688284407557,3.245903545945339e-10,30.574688284732147,-0.6191825569264329,2.4389003721557846e-09,2.485311083116091e-10
revisions,25,anticipated_down,dynamic,Credit B,9.961553152040354,4.84001727585337e-10,9.961553152524356,1.3921081511919722,2.4389003721557846e-09,2.485311083116091e-10
revisions,25,anticipated_down,dynamic,Equity ETF,20.44863461846663,3.0538627182608025e-10,20.448634618772015,-8.875231721724091,2.4389003721557846e-09,2.485311083116091e-10
revisions,25,anticipated_down,dynamic,Duration ETF,3.369450354115482e-09,-2.601544366171403e-09,7.679059879440789e-10,0.4434824615291883,2.4389003721557846e-09,2.485311083116091e-10
revisions,25,anticipated_down,dynamic,Credit ETF,5.2322574933318286e-09,-2.566768758750484e-09,2.665488734581344e-09,1.1121633892383167,2.4389003721557846e-09,2.485311083116091e-10
revisions,26,anticipated_up,etf_only,Equity A,18.408777834807886,4.623190719144077e-10,18.408777835270204,0.010770679051878796,-2.0669008737562473e-09,3.1744936053575596e-10
revisions,26,anticipated_up,etf_only,Equity B,7.956118060357051,4.6231352079928456e-10,7.956118060819365,0.4688963833336907,-2.0669008737562473e-09,3.1744936053575596e-10
revisions,26,anticipated_up,etf_only,Duration A,12.650228024018459,4.623162963568461e-10,12.650228024480775,-6.238907584977758,-2.0669008737562473e-09,3.1744936053575596e-10
revisions,26,anticipated_up,etf_only,Duration B,1.6940752593271005e-08,-2.1496307722043293e-09,1.4791121821066675e-08,0.20299221298348785,-2.0669008737562473e-09,3.1744936053575596e-10
revisions,26,anticipated_up,etf_only,Credit A,30.574688284407557,4.623246230295308e-10,30.574688284869882,-1.9143300003733765,-2.0669008737562473e-09,3.1744936053575596e-10
revisions,26,anticipated_up,etf_only,Credit B,9.961553152040354,4.6231490857806534e-10,9.96155315250267,0.37586748024170796,-2.0669008737562473e-09,3.1744936053575596e-10
revisions,26,anticipated_up,etf_only,Equity ETF,20.44863461846663,1.1523615395248044e-09,20.448634619618993,6.814814607872238,-2.0669008737562473e-09,3.1744936053575596e-10
revisions,26,anticipated_up,etf_only,Duration ETF,3.369450354115482e-09,-1.2290250376142327e-09,2.1404253165012494e-09,-1.5308183296816958e-09,-2.0669008737562473e-09,3.1744936053575596e-10
revisions,26,anticipated_up,etf_only,Credit ETF,5.2322574933318286e-09,2.3380334674426007e-09,7.57029096077443e-09,0.2720621217476129,-2.0669008737562473e-09,3.1744936053575596e-10
revisions,26,anticipated_up,myopic,Equity A,18.408777834807886,3.773203971491057e-10,18.408777835185205,0.010770676798559564,1.879066896971587e-09,8.409253084716685e-10
revisions,26,anticipated_up,myopic,Equity B,7.956118060357051,1.3535145226839518e-10,7.956118060492402,0.4688963826518488,1.879066896971587e-09,8.409253084716685e-10
revisions,26,anticipated_up,myopic,Duration A,12.650228024018459,1.0892536872475489e-09,12.650228025107712,-6.238907618993342,1.879066896971587e-09,8.409253084716685e-10
revisions,26,anticipated_up,myopic,Duration B,1.6940752593271005e-08,-1.0130086709472275e-08,6.810665883798728e-09,0.2029922201308559,1.879066896971587e-09,8.409253084716685e-10
revisions,26,anticipated_up,myopic,Credit A,30.574688284407557,2.3872848142758585e-09,30.574688286794842,-1.9143299395960747,1.879066896971587e-09,8.409253084716685e-10
revisions,26,anticipated_up,myopic,Credit B,9.961553152040354,1.4233475509328741e-09,9.961553153463703,0.37586741746696667,1.879066896971587e-09,8.409253084716685e-10
revisions,26,anticipated_up,myopic,Equity ETF,20.44863461846663,2.1411983297525694e-09,20.448634620607827,6.814814641188349,1.879066896971587e-09,8.409253084716685e-10
revisions,26,anticipated_up,myopic,Duration ETF,3.369450354115482e-09,4.883921698075234e-10,3.8578425239230054e-09,-2.996843152779944e-09,1.879066896971587e-09,8.409253084716685e-10
revisions,26,anticipated_up,myopic,Credit ETF,5.2322574933318286e-09,5.600633956581842e-10,5.792320888990012e-09,0.27206212473930386,1.879066896971587e-09,8.409253084716685e-10
revisions,26,anticipated_up,dynamic,Equity A,18.408777834807886,-2.895017559012558e-10,18.408777834518382,0.010770669787298548,9.689317828947034e-10,1.4939189804678814e-09
revisions,26,anticipated_up,dynamic,Equity B,7.956118060357051,-2.928254860812274e-10,7.956118060064226,0.4688963861545094,9.689317828947034e-10,1.4939189804678814e-09
revisions,26,anticipated_up,dynamic,Duration A,12.650228024018459,-8.161193942868294e-10,12.65022802320234,-6.238907778277682,9.689317828947034e-10,1.4939189804678814e-09
revisions,26,anticipated_up,dynamic,Duration B,1.6940752593271005e-08,-1.463529849041205e-08,2.3054541028589556e-09,0.20299224234123828,9.689317828947034e-10,1.4939189804678814e-09
revisions,26,anticipated_up,dynamic,Credit A,30.574688284407557,-3.2190916599006414e-10,30.57468828408565,-1.9143300162934294,9.689317828947034e-10,1.4939189804678814e-09
revisions,26,anticipated_up,dynamic,Credit B,9.961553152040354,-3.198788456337809e-10,9.961553151720477,0.3758675126229823,9.689317828947034e-10,1.4939189804678814e-09
revisions,26,anticipated_up,dynamic,Equity ETF,20.44863461846663,2.4529189790456485e-08,20.44863464299582,6.8148147462627655,9.689317828947034e-10,1.4939189804678814e-09
revisions,26,anticipated_up,dynamic,Duration ETF,3.369450354115482e-09,-4.199768921788072e-09,-8.303185676725901e-10,4.045670584731265e-09,9.689317828947034e-10,1.4939189804678814e-09
revisions,26,anticipated_up,dynamic,Credit ETF,5.2322574933318286e-09,-4.278157465386499e-09,9.54100027945329e-10,0.2720621335894057,9.689317828947034e-10,1.4939189804678814e-09
revisions,27,unchanged,etf_only,Equity A,23.91926044522214,-1.4759860000879144e-10,23.919260445074542,-7.50015134874814e-09,3.22382740561502e-11,3.033508628628711e-10
revisions,27,unchanged,etf_only,Equity B,10.248703052645176,-1.4759721223001065e-10,10.248703052497579,-4.545325632080803e-10,3.22382740561502e-11,3.033508628628711e-10
revisions,27,unchanged,etf_only,Duration A,1.5457854858278483e-06,-2.0653298975981156e-09,1.5437201559302502e-06,0.25800985885140865,3.22382740561502e-11,3.033508628628711e-10
revisions,27,unchanged,etf_only,Duration B,2.0119388926297554e-09,-1.6598631380274793e-09,3.520757546022762e-10,1.3249206900182904e-09,3.22382740561502e-11,3.033508628628711e-10
revisions,27,unchanged,etf_only,Credit A,33.965802781822575,-1.475930488936683e-10,33.96580278167498,-1.8518365853105267e-10,3.22382740561502e-11,3.033508628628711e-10
revisions,27,unchanged,etf_only,Credit B,9.017527162938284,-1.4759721223001065e-10,9.017527162790689,-0.14591266158100127,3.22382740561502e-11,3.033508628628711e-10
revisions,27,unchanged,etf_only,Equity ETF,22.848705007759094,2.7040009120682384e-09,22.848705010463092,-0.11237995329654982,3.22382740561502e-11,3.033508628628711e-10
revisions,27,unchanged,etf_only,Duration ETF,9.163528875610206e-10,4.518583510755055e-10,1.3682112386365263e-09,6.166016420029912e-10,3.22382740561502e-11,3.033508628628711e-10
revisions,27,unchanged,etf_only,Credit ETF,8.006761433094343e-10,1.2227361075296186e-09,2.0234122508390528e-09,3.7594631970180984e-10,3.22382740561502e-11,3.033508628628711e-10
revisions,27,unchanged,myopic,Equity A,23.91926044522214,-8.245626403891038e-11,23.919260445139685,-8.287064341077563e-09,4.4602686133356485e-10,2.419663430912546e-10
revisions,27,unchanged,myopic,Equity B,10.248703052645176,-3.3104907704029074e-10,10.248703052314127,-4.1066408247221107e-10,4.4602686133356485e-10,2.419663430912546e-10
revisions,27,unchanged,myopic,Duration A,1.5457854858278483e-06,1.6976301022296117e-09,1.5474831159300778e-06,0.25800985824569495,4.4602686133356485e-10,2.419663430912546e-10
revisions,27,unchanged,myopic,Duration B,2.0119388926297554e-09,-6.037527327102539e-10,1.4081861599195016e-09,4.808221506586819e-10,4.4602686133356485e-10,2.419663430912546e-10
revisions,27,unchanged,myopic,Credit A,33.965802781822575,5.990263840516263e-10,33.9658027824216,-1.6867511759760751e-10,4.4602686133356485e-10,2.419663430912546e-10
revisions,27,unchanged,myopic,Credit B,9.017527162938284,2.2015167466804542e-10,9.017527163158437,-0.14591266165736858,4.4602686133356485e-10,2.419663430912546e-10
revisions,27,unchanged,myopic,Equity ETF,22.848705007759094,-2.5564300676350626e-09,22.848705005202664,-0.11237995157504263,4.4602686133356485e-10,2.419663430912546e-10
revisions,27,unchanged,myopic,Duration ETF,9.163528875610206e-10,2.3168202718142856e-10,1.1480349147424491e-09,8.322136014464244e-10,4.4602686133356485e-10,2.419663430912546e-10
revisions,27,unchanged,myopic,Credit ETF,8.006761433094343e-10,4.750394728993932e-10,1.2757156162088275e-09,1.055653313044899e-09,4.4602686133356485e-10,2.419663430912546e-10
revisions,27,unchanged,dynamic,Equity A,23.91926044522214,3.185313124376421e-10,23.919260445540672,-2.6192271795385603e-09,9.451970664435113e-10,1.7861769495341737e-10
revisions,27,unchanged,dynamic,Equity B,10.248703052645176,3.423983319095214e-10,10.248703052987574,-6.301491960695142e-10,9.451970664435113e-10,1.7861769495341737e-10
revisions,27,unchanged,dynamic,Duration A,1.5457854858278483e-06,3.0580153192678686e-10,1.546091287359775e-06,0.25800985734942156,9.451970664435113e-10,1.7861769495341737e-10
revisions,27,unchanged,dynamic,Duration B,2.0119388926297554e-09,-1.2404947826441028e-09,7.714441099856526e-10,1.5658749608770491e-09,9.451970664435113e-10,1.7861769495341737e-10
revisions,27,unchanged,dynamic,Credit A,33.965802781822575,3.152533789574363e-10,33.96580278213783,-2.6012607962706058e-09,9.451970664435113e-10,1.7861769495341737e-10
revisions,27,unchanged,dynamic,Credit B,9.017527162938284,3.2158720131292284e-10,9.017527163259873,-0.14591265876866844,9.451970664435113e-10,1.7861769495341737e-10
revisions,27,unchanged,dynamic,Equity ETF,22.848705007759094,3.0447311338832606e-10,22.848705008063565,-0.11237996157561522,9.451970664435113e-10,1.7861769495341737e-10
revisions,27,unchanged,dynamic,Duration ETF,9.163528875610206e-10,-7.868200152514925e-10,1.2953287230952816e-10,2.3147803701110005e-09,9.451970664435113e-10,1.7861769495341737e-10
revisions,27,unchanged,dynamic,Credit ETF,8.006761433094343e-10,-7.294252710600205e-10,7.125087224941373e-11,2.8422121145569375e-09,9.451970664435113e-10,1.7861769495341737e-10
revisions,28,premium_down_persistent,etf_only,Equity A,23.91926044522214,-4.3798298321462426e-12,23.91926044521776,-1.3766037242737126e-09,1.092154093399779e-09,0.3062008818679102
revisions,28,premium_down_persistent,etf_only,Equity B,10.248703052645176,-2.2273849431542203e-12,10.248703052642949,-0.025362066358775866,1.092154093399779e-09,0.3062008818679102
revisions,28,premium_down_persistent,etf_only,Duration A,1.5457854858278483e-06,-6.457474402411657e-10,1.5451397383876071e-06,2.0439389967916752,1.092154093399779e-09,0.3062008818679102
revisions,28,premium_down_persistent,etf_only,Duration B,2.0119388926297554e-09,-1.735520039503857e-09,2.764188531258983e-10,5.374922106780249e-09,1.092154093399779e-09,0.3062008818679102
revisions,28,premium_down_persistent,etf_only,Credit A,33.965802781822575,8.681944052568724e-12,33.96580278183126,8.46725765633625e-09,1.092154093399779e-09,0.3062008818679102
revisions,28,premium_down_persistent,etf_only,Credit B,9.017527162938284,9.9253938401489e-12,9.01752716294821,0.27140438805308525,1.092154093399779e-09,0.3062008818679102
revisions,28,premium_down_persistent,etf_only,Equity ETF,22.848705007759094,-7.656553047411291,15.192151960347802,-2.122027933583647,1.092154093399779e-09,0.3062008818679102
revisions,28,premium_down_persistent,etf_only,Duration ETF,9.163528875610206e-10,7.653491038648408,7.653491039564761,-0.1696307569181508,1.092154093399779e-09,0.3062008818679102
revisions,28,premium_down_persistent,etf_only,Credit ETF,8.006761433094343e-10,1.3196051897599969e-09,2.120281333069431e-09,1.4995316465767246e-08,1.092154093399779e-09,0.3062008818679102
revisions,28,premium_down_persistent,myopic,Equity A,23.91926044522214,-2.2452567582931238e-09,23.919260442976885,-5.5675836304963445e-09,2.8619711039002543e-10,0.6087219049900738
revisions,28,premium_down_persistent,myopic,Equity B,10.248703052645176,-1.1477568895301715e-09,10.248703051497419,-6.638171818427966e-09,2.8619711039002543e-10,0.6087219049900738
revisions,28,premium_down_persistent,myopic,Duration A,1.5457854858278483e-06,8.694287931614467,8.694289477399952,0.9385974888304697,2.8619711039002543e-10,0.6087219049900738
revisions,28,premium_down_persistent,myopic,Duration B,2.0119388926297554e-09,7.11080425136501e-09,9.122743143994765e-09,0.0023185924776994746,2.8619711039002543e-10,0.6087219049900738
revisions,28,premium_down_persistent,myopic,Credit A,33.965802781822575,2.0877949369335624e-08,33.96580280270052,5.0209084498067645e-08,2.8619711039002543e-10,0.6087219049900738
revisions,28,premium_down_persistent,myopic,Credit B,9.017527162938284,2.187785091978256e-08,9.017527184816137,0.2130539749249387,2.8619711039002543e-10,0.6087219049900738
revisions,28,premium_down_persistent,myopic,Equity ETF,22.848705007759094,-8.70037524232217,14.148329765436923,-1.1568497641479614,2.8619711039002543e-10,0.6087219049900738
revisions,28,premium_down_persistent,myopic,Duration ETF,9.163528875610206e-10,1.872574722053765e-08,1.964210010809867e-08,3.8528914390875306e-09,2.8619711039002543e-10,0.6087219049900738
revisions,28,premium_down_persistent,myopic,Credit ETF,8.006761433094343e-10,2.6270555675526766e-08,2.70712318188362e-08,0.002070895735198772,2.8619711039002543e-10,0.6087219049900738
revisions,28,premium_down_persistent,dynamic,Equity A,23.91926044522214,-2.4950042032401143e-10,23.91926044497264,1.5343244678893308e-09,7.734046557480653e-10,0.7715710832939311
revisions,28,premium_down_persistent,dynamic,Equity B,10.248703052645176,2.353950367961488e-11,10.248703052668716,-1.7797319430947176e-09,7.734046557480653e-10,0.7715710832939311
revisions,28,premium_down_persistent,dynamic,Duration A,1.5457854858278483e-06,11.020239557205635,11.020241102991122,0.26080827642932763,7.734046557480653e-10,0.7715710832939311
revisions,28,premium_down_persistent,dynamic,Duration B,2.0119388926297554e-09,-1.2355514234508175e-09,7.76387469178938e-10,6.112757437746566e-09,7.734046557480653e-10,0.7715710832939311
revisions,28,premium_down_persistent,dynamic,Credit A,33.965802781822575,2.94320123828129e-11,33.965802781852005,5.968923850555955e-09,7.734046557480653e-10,0.7715710832939311
revisions,28,premium_down_persistent,dynamic,Credit B,9.017527162938284,1.5879936254847848e-10,9.017527163097085,0.07401814742581131,7.734046557480653e-10,0.7715710832939311
revisions,28,premium_down_persistent,dynamic,Equity ETF,22.848705007759094,-11.02795526610753,11.820749741651564,-0.3350865724459576,7.734046557480653e-10,0.7715710832939311
revisions,28,premium_down_persistent,dynamic,Duration ETF,9.163528875610206e-10,-6.211576631861157e-10,2.9519522437490494e-10,9.03377874953072e-09,7.734046557480653e-10,0.7715710832939311
revisions,28,premium_down_persistent,dynamic,Credit ETF,8.006761433094343e-10,-7.117232136564091e-10,8.895292965302516e-11,2.3570826853595964e-08,7.734046557480653e-10,0.7715710832939311
revisions,29,premium_up_persistent,etf_only,Equity A,23.91926044522214,-4.0410730317574917e-10,23.919260444818033,8.955838270060152e-09,3.6194027321034584e-09,1.027418848517007e-09
revisions,29,premium_up_persistent,etf_only,Equity B,10.248703052645176,-4.11702616442966e-10,10.248703052233473,0.004907876346135982,3.6194027321034584e-09,1.027418848517007e-09
revisions,29,premium_up_persistent,etf_only,Duration A,1.5457854858278483e-06,-1.1103759687386828e-08,1.5346817261404615e-06,-1.4737640128713615e-06,3.6194027321034584e-09,1.027418848517007e-09
revisions,29,premium_up_persistent,etf_only,Duration B,2.0119388926297554e-09,-1.848154655818711e-09,1.6378423681104456e-10,3.4070402717997284e-10,3.6194027321034584e-09,1.027418848517007e-09
revisions,29,premium_up_persistent,etf_only,Credit A,33.965802781822575,-4.4969583612441966e-10,33.96580278137288,-1.2517827185123371,3.6194027321034584e-09,1.027418848517007e-09
revisions,29,premium_up_persistent,etf_only,Credit B,9.017527162938284,-4.542616283131906e-10,9.017527162484024,-5.319855778420882,3.6194027321034584e-09,1.027418848517007e-09
revisions,29,premium_up_persistent,etf_only,Equity ETF,22.848705007759094,1.2916015479369491e-08,22.84870502067511,6.562131386999978,3.6194027321034584e-09,1.027418848517007e-09
revisions,29,premium_up_persistent,etf_only,Duration ETF,9.163528875610206e-10,-1.0061061086541525e-09,-8.975322109313175e-11,5.153613827727262e-10,3.6194027321034584e-09,1.027418848517007e-09
revisions,29,premium_up_persistent,etf_only,Credit ETF,8.006761433094343e-10,-7.696165196720377e-10,3.105962363739659e-11,6.474755316914581e-10,3.6194027321034584e-09,1.027418848517007e-09
revisions,29,premium_up_persistent,myopic,Equity A,23.91926044522214,5.026884464243153e-09,23.919260450249023,6.339685797934123e-09,9.656369874175806e-10,0.48411264128971115
revisions,29,premium_up_persistent,myopic,Equity B,10.248703052645176,1.4785353497082099e-09,10.248703054123713,1.1942381368791871e-09,9.656369874175806e-10,0.48411264128971115
revisions,29,premium_up_persistent,myopic,Duration A,1.5457854858278483e-06,-1.5435560893272094e-06,2.229396500638952e-09,-1.4972497309097918e-09,9.656369874175806e-10,0.48411264128971115
revisions,29,premium_up_persistent,myopic,Duration B,2.0119388926297554e-09,-8.682282761441724e-10,1.143710616485583e-09,-7.058926334043969e-10,9.656369874175806e-10,0.48411264128971115
revisions,29,premium_up_persistent,myopic,Credit A,33.965802781822575,-0.5120507201754998,33.45375206164707,-0.48210874614357757,9.656369874175806e-10,0.48411264128971115
revisions,29,premium_up_persistent,myopic,Credit B,9.017527162938284,-6.405225787387074,2.612301375551211,-0.28112924464121486,9.656369874175806e-10,0.48411264128971115
revisions,29,premium_up_persistent,myopic,Equity ETF,22.848705007759094,6.912436917627371,29.761141925386465,0.7626531094146787,9.656369874175806e-10,0.48411264128971115
revisions,29,premium_up_persistent,myopic,Duration ETF,9.163528875610206e-10,-2.6777387616603022e-11,8.895754999444177e-10,-5.452914338884646e-10,9.656369874175806e-10,0.48411264128971115
revisions,29,premium_up_persistent,myopic,Credit ETF,8.006761433094343e-10,6.006319299152197e-10,1.4013080732246539e-09,-6.766440805002202e-10,9.656369874175806e-10,0.48411264128971115
revisions,29,premium_up_persistent,dynamic,Equity A,23.91926044522214,3.988476215965875e-12,23.91926044522613,-9.82693678341171e-06,1.1242531401276998e-09,0.6693581880120946
revisions,29,premium_up_persistent,dynamic,Equity B,10.248703052645176,1.2628786905111156e-12,10.248703052646439,-1.5849855507284232e-10,1.1242531401276998e-09,0.6693581880120946
revisions,29,premium_up_persistent,dynamic,Duration A,1.5457854858278483e-06,-1.5457951062434401e-06,-9.620415591706932e-12,1.4387252006320369e-09,1.1242531401276998e-09,0.6693581880120946
revisions,29,premium_up_persistent,dynamic,Duration B,2.0119388926297554e-09,-1.8868309119860866e-09,1.2510798064366888e-10,6.90388507093271e-10,1.1242531401276998e-09,0.6693581880120946
revisions,29,premium_up_persistent,dynamic,Credit A,33.965802781822575,-2.783887653626571,31.181915128196003,-0.2786527436237158,1.1242531401276998e-09,0.6693581880120946
revisions,29,premium_up_persistent,dynamic,Credit B,9.017527162938284,-6.780283078765093,2.2372440841731933,0.0010583956420839868,1.1242531401276998e-09,0.6693581880120946
revisions,29,premium_up_persistent,dynamic,Equity ETF,22.848705007759094,9.55747869878493,32.40618370654402,0.2771928463508767,1.1242531401276998e-09,0.6693581880120946
revisions,29,premium_up_persistent,dynamic,Duration ETF,9.163528875610206e-10,-8.626308697131883e-10,5.3722017847832467e-11,7.430942103062835e-10,1.1242531401276998e-09,0.6693581880120946
revisions,29,premium_up_persistent,dynamic,Credit ETF,8.006761433094343e-10,-7.600355703199084e-10,4.0640572989525925e-11,2.162020790069191e-09,1.1242531401276998e-09,0.6693581880120946
revisions,30,premium_down_reverting,etf_only,Equity A,23.91926044522214,-4.3798298321462426e-12,23.91926044521776,-1.5565210771518862e-09,1.092154093399779e-09,0.3062008818679102
revisions,30,premium_down_reverting,etf_only,Equity B,10.248703052645176,-2.2273849431542203e-12,10.248703052642949,-8.301135756149798e-10,1.092154093399779e-09,0.3062008818679102
revisions,30,premium_down_reverting,etf_only,Duration A,1.5457854858278483e-06,-6.457474402411657e-10,1.5451397383876071e-06,0.47135573150261184,1.092154093399779e-09,0.3062008818679102
revisions,30,premium_down_reverting,etf_only,Duration B,2.0119388926297554e-09,-1.735520039503857e-09,2.764188531258983e-10,2.182453900327756e-09,1.092154093399779e-09,0.3062008818679102
revisions,30,premium_down_reverting,etf_only,Credit A,33.965802781822575,8.681944052568724e-12,33.96580278183126,2.410441509458639e-09,1.092154093399779e-09,0.3062008818679102
revisions,30,premium_down_reverting,etf_only,Credit B,9.017527162938284,9.9253938401489e-12,9.01752716294821,0.24229498199094043,1.092154093399779e-09,0.3062008818679102
revisions,30,premium_down_reverting,etf_only,Equity ETF,22.848705007759094,-7.656553047411291,15.192151960347802,-0.32248085497064105,1.092154093399779e-09,0.3062008818679102
revisions,30,premium_down_reverting,etf_only,Duration ETF,9.163528875610206e-10,7.653491038648408,7.653491039564761,-0.39176396231981203,1.092154093399779e-09,0.3062008818679102
revisions,30,premium_down_reverting,etf_only,Credit ETF,8.006761433094343e-10,1.3196051897599969e-09,2.120281333069431e-09,5.939204900578481e-09,1.092154093399779e-09,0.3062008818679102
revisions,30,premium_down_reverting,myopic,Equity A,23.91926044522214,-2.2452567582931238e-09,23.919260442976885,-4.5555870354333456e-09,2.8619711039002543e-10,0.6087219049900738
revisions,30,premium_down_reverting,myopic,Equity B,10.248703052645176,-1.1477568895301715e-09,10.248703051497419,-6.596153054059825e-10,2.8619711039002543e-10,0.6087219049900738
revisions,30,premium_down_reverting,myopic,Duration A,1.5457854858278483e-06,8.694287931614467,8.694289477399952,0.22285965142639072,2.8619711039002543e-10,0.6087219049900738
revisions,30,premium_down_reverting,myopic,Duration B,2.0119388926297554e-09,7.11080425136501e-09,9.122743143994765e-09,5.025251520151757e-10,2.8619711039002543e-10,0.6087219049900738
revisions,30,premium_down_reverting,myopic,Credit A,33.965802781822575,2.0877949369335624e-08,33.96580280270052,7.1399033162115815e-09,2.8619711039002543e-10,0.6087219049900738
revisions,30,premium_down_reverting,myopic,Credit B,9.017527162938284,2.187785091978256e-08,9.017527184816137,0.057860995369407336,2.8619711039002543e-10,0.6087219049900738
revisions,30,premium_down_reverting,myopic,Equity ETF,22.848705007759094,-8.70037524232217,14.148329765436923,-0.28099182191517563,2.8619711039002543e-10,0.6087219049900738
revisions,30,premium_down_reverting,myopic,Duration ETF,9.163528875610206e-10,1.872574722053765e-08,1.964210010809867e-08,-4.571139885323917e-09,2.8619711039002543e-10,0.6087219049900738
revisions,30,premium_down_reverting,myopic,Credit ETF,8.006761433094343e-10,2.6270555675526766e-08,2.70712318188362e-08,-4.5514996438453214e-09,2.8619711039002543e-10,0.6087219049900738
revisions,30,premium_down_reverting,dynamic,Equity A,23.91926044522214,-3.7199965330358964e-10,23.919260444850142,-5.819330922490565e-09,7.902277695593686e-10,0.6859509284881009
revisions,30,premium_down_reverting,dynamic,Equity B,10.248703052645176,3.3718861036646786e-11,10.248703052678895,-2.5415614218400246e-09,7.902277695593686e-10,0.6859509284881009
revisions,30,premium_down_reverting,dynamic,Duration A,1.5457854858278483e-06,9.797339117478323,9.797340663263808,0.10174775531075474,7.902277695593686e-10,0.6859509284881009
revisions,30,premium_down_reverting,dynamic,Duration B,2.0119388926297554e-09,-1.2018672244357853e-09,8.100716681939702e-10,8.948134266803126e-09,7.902277695593686e-10,0.6859509284881009
revisions,30,premium_down_reverting,dynamic,Credit A,33.965802781822575,3.627653732962699e-11,33.96580278185885,4.9489714024384145e-09,7.902277695593686e-10,0.6859509284881009
revisions,30,premium_down_reverting,dynamic,Credit B,9.017527162938284,1.8523238498602268e-10,9.017527163123518,0.016864173673732004,7.902277695593686e-10,0.6859509284881009
revisions,30,premium_down_reverting,dynamic,Equity ETF,22.848705007759094,-9.804198625087848,13.044506382671244,-0.11881985240259182,7.902277695593686e-10,0.6859509284881009
revisions,30,premium_down_reverting,dynamic,Duration ETF,9.163528875610206e-10,-7.937908566791159e-10,1.2256203088190485e-10,1.4499312573176235e-08,7.902277695593686e-10,0.6859509284881009
revisions,30,premium_down_reverting,dynamic,Credit ETF,8.006761433094343e-10,-2.548636990571095e-10,5.458124442523247e-10,1.8492606505576025e-08,7.902277695593686e-10,0.6859509284881009
revisions,31,premium_up_reverting,etf_only,Equity A,23.91926044522214,-4.0410730317574917e-10,23.919260444818033,8.43468196522047e-09,3.6194027321034584e-09,1.027418848517007e-09
revisions,31,premium_up_reverting,etf_only,Equity B,10.248703052645176,-4.11702616442966e-10,10.248703052233473,0.010471559716332015,3.6194027321034584e-09,1.027418848517007e-09
revisions,31,premium_up_reverting,etf_only,Duration A,1.5457854858278483e-06,-1.1103759687386828e-08,1.5346817261404615e-06,-1.4133493568120547e-06,3.6194027321034584e-09,1.027418848517007e-09
revisions,31,premium_up_reverting,etf_only,Duration B,2.0119388926297554e-09,-1.848154655818711e-09,1.6378423681104456e-10,4.338814503398415e-10,3.6194027321034584e-09,1.027418848517007e-09
revisions,31,premium_up_reverting,etf_only,Credit A,33.965802781822575,-4.4969583612441966e-10,33.96580278137288,-0.6199412994655139,3.6194027321034584e-09,1.027418848517007e-09
revisions,31,premium_up_reverting,etf_only,Credit B,9.017527162938284,-4.542616283131906e-10,9.017527162484024,-3.6173290472194255,3.6194027321034584e-09,1.027418848517007e-09
revisions,31,premium_up_reverting,etf_only,Equity ETF,22.848705007759094,1.2916015479369491e-08,22.84870502067511,4.223831555436035,3.6194027321034584e-09,1.027418848517007e-09
revisions,31,premium_up_reverting,etf_only,Duration ETF,9.163528875610206e-10,-1.0061061086541525e-09,-8.975322109313175e-11,6.307862335997352e-10,3.6194027321034584e-09,1.027418848517007e-09
revisions,31,premium_up_reverting,etf_only,Credit ETF,8.006761433094343e-10,-7.696165196720377e-10,3.105962363739659e-11,7.667007084950163e-10,3.6194027321034584e-09,1.027418848517007e-09
revisions,31,premium_up_reverting,myopic,Equity A,23.91926044522214,5.026884464243153e-09,23.919260450249023,-8.502350378531477e-08,9.656369874175806e-10,0.48411264128971115
revisions,31,premium_up_reverting,myopic,Equity B,10.248703052645176,1.4785353497082099e-09,10.248703054123713,5.696634746997241e-10,9.656369874175806e-10,0.48411264128971115
revisions,31,premium_up_reverting,myopic,Duration A,1.5457854858278483e-06,-1.5435560893272094e-06,2.229396500638952e-09,0.0006574993254499091,9.656369874175806e-10,0.48411264128971115
revisions,31,premium_up_reverting,myopic,Duration B,2.0119388926297554e-09,-8.682282761441724e-10,1.143710616485583e-09,-3.1008026730425994e-10,9.656369874175806e-10,0.48411264128971115
revisions,31,premium_up_reverting,myopic,Credit A,33.965802781822575,-0.5120507201754998,33.45375206164707,-0.2421689636556166,9.656369874175806e-10,0.48411264128971115
revisions,31,premium_up_reverting,myopic,Credit B,9.017527162938284,-6.405225787387074,2.612301375551211,-0.019678636701617527,9.656369874175806e-10,0.48411264128971115
revisions,31,premium_up_reverting,myopic,Equity ETF,22.848705007759094,6.912436917627371,29.761141925386465,0.26081291378630717,9.656369874175806e-10,0.48411264128971115
revisions,31,premium_up_reverting,myopic,Duration ETF,9.163528875610206e-10,-2.6777387616603022e-11,8.895754999444177e-10,1.2132409636444907e-10,9.656369874175806e-10,0.48411264128971115
revisions,31,premium_up_reverting,myopic,Credit ETF,8.006761433094343e-10,6.006319299152197e-10,1.4013080732246539e-09,5.839775037966318e-10,9.656369874175806e-10,0.48411264128971115
revisions,31,premium_up_reverting,dynamic,Equity A,23.91926044522214,4.04121180963557e-12,23.919260445226183,-1.9129060718300944e-05,1.1413622529195776e-09,0.5821371042150295
revisions,31,premium_up_reverting,dynamic,Equity B,10.248703052645176,1.454392162258955e-12,10.248703052646631,-4.077920710729329e-10,1.1413622529195776e-09,0.5821371042150295
revisions,31,premium_up_reverting,dynamic,Duration A,1.5457854858278483e-06,-1.5457921250720183e-06,-6.639244170237421e-12,0.007278631062415382,1.1413622529195776e-09,0.5821371042150295
revisions,31,premium_up_reverting,dynamic,Duration B,2.0119388926297554e-09,-1.8893186153995344e-09,1.2262027723022102e-10,9.106096196044152e-10,1.1413622529195776e-09,0.5821371042150295
revisions,31,premium_up_reverting,dynamic,Credit A,33.965802781822575,-2.265777527374757,31.700025254447816,-0.18297208082077626,1.1413622529195776e-09,0.5821371042150295
revisions,31,premium_up_reverting,dynamic,Credit B,9.017527162938284,-6.052128519110983,2.9653986438273026,0.06334116934251988,1.1413622529195776e-09,0.5821371042150295
revisions,31,premium_up_reverting,dynamic,Equity ETF,22.848705007759094,8.31208622369812,31.160791231457214,0.11201557764542566,1.1413622529195776e-09,0.5821371042150295
revisions,31,premium_up_reverting,dynamic,Duration ETF,9.163528875610206e-10,-8.632238592398345e-10,5.312902832118614e-11,1.1104040245948836e-09,1.1413622529195776e-09,0.5821371042150295
revisions,31,premium_up_reverting,dynamic,Credit ETF,8.006761433094343e-10,-7.584330949443054e-10,4.224304836512891e-11,2.8021370883811183e-09,1.1413622529195776e-09,0.5821371042150295
revisions,32,alpha_up,etf_only,Equity A,23.91926044522214,-1.349226286251337e-10,23.919260445087218,0.22953129198456995,-4.790435577619232e-11,2.989751192237623e-10
revisions,32,alpha_up,etf_only,Equity B,10.248703052645176,-1.4458573227571492e-10,10.248703052500591,-2.049769269570737e-09,-4.790435577619232e-11,2.989751192237623e-10
revisions,32,alpha_up,etf_only,Duration A,1.5457854858278483e-06,-1.997169674874221e-09,1.543788316152974e-06,0.25844367433872134,-4.790435577619232e-11,2.989751192237623e-10
revisions,32,alpha_up,etf_only,Duration B,2.0119388926297554e-09,-1.6643030377681189e-09,3.476358548616366e-10,9.823470539762319e-10,-4.790435577619232e-11,2.989751192237623e-10
revisions,32,alpha_up,etf_only,Credit A,33.965802781822575,-1.4458989561205726e-10,33.965802781677986,-0.009648005465018223,-4.790435577619232e-11,2.989751192237623e-10
revisions,32,alpha_up,etf_only,Credit B,9.017527162938284,-1.445871200544957e-10,9.017527162793698,-0.22011285884621165,-4.790435577619232e-11,2.989751192237623e-10
revisions,32,alpha_up,etf_only,Equity ETF,22.848705007759094,2.67333377657053e-09,22.848705010432425,-0.2586246940419655,-4.790435577619232e-11,2.989751192237623e-10
revisions,32,alpha_up,etf_only,Duration ETF,9.163528875610206e-10,4.61559135585109e-10,1.3779120231461297e-09,9.940481539671852e-11,-4.790435577619232e-11,2.989751192237623e-10
revisions,32,alpha_up,etf_only,Credit ETF,8.006761433094343e-10,1.2384678260081225e-09,2.0391439693175567e-09,-2.3280900032208067e-10,-4.790435577619232e-11,2.989751192237623e-10
revisions,32,alpha_up,myopic,Equity A,23.91926044522214,9.423775648720323e-09,23.919260454645915,0.22953129207895373,5.042423162608894e-10,8.767748147700674e-10
revisions,32,alpha_up,myopic,Equity B,10.248703052645176,-1.0657613680464806e-09,10.248703051579415,-1.988803739749744e-09,5.042423162608894e-10,8.767748147700674e-10
revisions,32,alpha_up,myopic,Duration A,1.5457854858278483e-06,1.2112063864414473e-09,1.5469966922142896e-06,0.25844367394569834,5.042423162608894e-10,8.767748147700674e-10
revisions,32,alpha_up,myopic,Duration B,2.0119388926297554e-09,-3.2499985675710635e-10,1.6869390358726492e-09,-9.79742630614307e-11,5.042423162608894e-10,8.767748147700674e-10
revisions,32,alpha_up,myopic,Credit A,33.965802781822575,3.742617327162634e-10,33.96580278219684,-0.009648003849095529,5.042423162608894e-10,8.767748147700674e-10
revisions,32,alpha_up,myopic,Credit B,9.017527162938284,-2.4488050476279e-10,9.017527162693405,-0.22011286013616732,5.042423162608894e-10,8.767748147700674e-10
revisions,32,alpha_up,myopic,Equity ETF,22.848705007759094,-1.1007425526621262e-08,22.848704996751668,-0.25862469321850656,5.042423162608894e-10,8.767748147700674e-10
revisions,32,alpha_up,myopic,Duration ETF,9.163528875610206e-10,4.808884060529464e-10,1.3972412936139672e-09,1.263342220042885e-10,5.042423162608894e-10,8.767748147700674e-10
revisions,32,alpha_up,myopic,Credit ETF,8.006761433094343e-10,7.382130622181335e-10,1.5388892055275676e-09,2.8935549810692514e-10,5.042423162608894e-10,8.767748147700674e-10
revisions,32,alpha_up,dynamic,Equity A,23.91926044522214,4.193642536070175,28.112902981292315,0.20156807720238867,1.085411800925127e-09,0.2936137003437637
revisions,32,alpha_up,dynamic,Equity B,10.248703052645176,-9.134359935103475e-12,10.248703052636042,-3.250716892811482e-09,1.085411800925127e-09,0.2936137003437637
revisions,32,alpha_up,dynamic,Duration A,1.5457854858278483e-06,-4.226493544714569e-11,1.545743220892401e-06,0.27013139719965634,1.085411800925127e-09,0.2936137003437637
revisions,32,alpha_up,dynamic,Duration B,2.0119388926297554e-09,-1.7924912686322417e-09,2.1944762399751373e-10,7.068880408449042e-09,1.085411800925127e-09,0.2936137003437637
revisions,32,alpha_up,dynamic,Credit A,33.965802781822575,-1.228739332503892e-10,33.9658027816997,-0.0020448370993683246,1.085411800925127e-09,0.2936137003437637
revisions,32,alpha_up,dynamic,Credit B,9.017527162938284,-1.2434497875801753e-12,9.017527162937041,-0.19972465073667464,1.085411800925127e-09,0.2936137003437637
revisions,32,alpha_up,dynamic,Equity ETF,22.848705007759094,-4.196578670580059,18.652126337179034,-0.2703208092525071,1.085411800925127e-09,0.2936137003437637
revisions,32,alpha_up,dynamic,Duration ETF,9.163528875610206e-10,-8.268898418723206e-10,8.946304568870006e-11,8.766815332345133e-09,1.085411800925127e-09,0.2936137003437637
revisions,32,alpha_up,dynamic,Credit ETF,8.006761433094343e-10,-6.857793553111158e-10,1.1489678799831852e-10,1.0166599987522388e-08,1.085411800925127e-09,0.2936137003437637
revisions,33,alpha_down,etf_only,Equity A,23.91926044522214,-1.7636170301926768e-10,23.91926044504578,-0.33898516155976227,6.620802255203307e-11,3.1211238519392623e-10
revisions,33,alpha_down,etf_only,Equity B,10.248703052645176,-1.6626006127395954e-10,10.248703052478916,1.6074642131783626e-09,6.620802255203307e-11,3.1211238519392623e-10
revisions,33,alpha_down,etf_only,Duration A,1.5457854858278483e-06,-2.1165075179875307e-09,1.5436689783098608e-06,0.30666684109164066,6.620802255203307e-11,3.1211238519392623e-10
revisions,33,alpha_down,etf_only,Duration B,2.0119388926297554e-09,-1.6588277597946614e-09,3.5311113283509434e-10,1.076721098840647e-09,6.620802255203307e-11,3.1211238519392623e-10
revisions,33,alpha_down,etf_only,Credit A,33.965802781822575,-1.662558979376172e-10,33.965802781656315,-4.945891715727002e-09,6.620802255203307e-11,3.1211238519392623e-10
revisions,33,alpha_down,etf_only,Credit B,9.017527162938284,-1.6626144905274032e-10,9.017527162772025,-0.1143636584809893,6.620802255203307e-11,3.1211238519392623e-10
revisions,33,alpha_down,etf_only,Equity ETF,22.848705007759094,2.741507021397638e-09,22.8487050105006,0.14624074367507023,6.620802255203307e-11,3.1211238519392623e-10
revisions,33,alpha_down,etf_only,Duration ETF,9.163528875610206e-10,4.800673891272892e-10,1.3964202766883099e-09,4.811929806819365e-10,6.620802255203307e-11,3.1211238519392623e-10
revisions,33,alpha_down,etf_only,Credit ETF,8.006761433094343e-10,1.2578588765069424e-09,2.0585350198163766e-09,1.3894042863522396e-09,6.620802255203307e-11,3.1211238519392623e-10
revisions,33,alpha_down,myopic,Equity A,23.91926044522214,-1.262268622959084e-08,23.919260432599454,-0.338985161662792,2.3729223843806945e-10,9.93321338087854e-10
revisions,33,alpha_down,myopic,Equity B,10.248703052645176,5.171460482067403e-10,10.248703053162323,1.5955134140317785e-09,2.3729223843806945e-10,9.93321338087854e-10
revisions,33,alpha_down,myopic,Duration A,1.5457854858278483e-06,2.22941963746225e-10,1.5460084277915945e-06,0.30666684007248884,2.3729223843806945e-10,9.93321338087854e-10
revisions,33,alpha_down,myopic,Duration B,2.0119388926297554e-09,6.220363615291354e-10,2.633975254158891e-09,-4.536103763469146e-10,2.3729223843806945e-10,9.93321338087854e-10
revisions,33,alpha_down,myopic,Credit A,33.965802781822575,1.6885437492675237e-09,33.965802783511116,-7.956191004375184e-10,2.3729223843806945e-10,9.93321338087854e-10
revisions,33,alpha_down,myopic,Credit B,9.017527162938284,7.064002160994676e-10,9.017527163644685,-0.11436366081162158,2.3729223843806945e-10,9.93321338087854e-10
revisions,33,alpha_down,myopic,Equity ETF,22.848705007759094,5.100325717322107e-09,22.84870501285942,0.14624074494078446,2.3729223843806945e-10,9.93321338087854e-10
revisions,33,alpha_down,myopic,Duration ETF,9.163528875610206e-10,1.4631108290469983e-09,2.379463716608019e-09,-1.6353580053448423e-11,2.3729223843806945e-10,9.93321338087854e-10
revisions,33,alpha_down,myopic,Credit ETF,8.006761433094343e-10,2.15324393692376e-09,2.9539200802331946e-09,1.4592169394621983e-09,2.3729223843806945e-10,9.93321338087854e-10
revisions,33,alpha_down,dynamic,Equity A,23.91926044522214,-4.733823896632114,19.185436548590026,-0.2551642655636765,8.677639878364174e-10,0.3313014126688281
revisions,33,alpha_down,dynamic,Equity B,10.248703052645176,2.2172541580545158e-11,10.248703052667349,-4.0800897254399685e-10,8.677639878364174e-10,0.3313014126688281
revisions,33,alpha_down,dynamic,Duration A,1.5457854858278483e-06,1.9641693076166853e-09,1.547749655135465e-06,0.25472834602453637,8.677639878364174e-10,0.3313014126688281
revisions,33,alpha_down,dynamic,Duration B,2.0119388926297554e-09,-1.1756879697461027e-09,8.362509228836528e-10,1.1567341281490742e-08,8.677639878364174e-10,0.3313014126688281
revisions,33,alpha_down,dynamic,Credit A,33.965802781822575,1.8457457784393227e-11,33.965802781841035,-4.306456965721653e-09,8.677639878364174e-10,0.3313014126688281
revisions,33,alpha_down,dynamic,Credit B,9.017527162938284,2.5320023855357476e-11,9.017527162963605,-0.1499418932648182,8.677639878364174e-10,0.3313014126688281
revisions,33,alpha_down,dynamic,Equity ETF,22.848705007759094,4.730510882364062,27.579215890123155,0.1500176726295335,8.677639878364174e-10,0.3313014126688281
revisions,33,alpha_down,dynamic,Duration ETF,9.163528875610206e-10,-8.190883841861639e-10,9.72645033748567e-11,1.3332883005616293e-08,8.677639878364174e-10,0.3313014126688281
revisions,33,alpha_down,dynamic,Credit ETF,8.006761433094343e-10,-6.634541480085477e-10,1.372219953008866e-10,1.6605593833866137e-08,8.677639878364174e-10,0.3313014126688281
revisions,34,anticipated_down,etf_only,Equity A,23.91926044522214,-1.4759860000879144e-10,23.919260445074542,-4.18610254484777e-09,3.22382740561502e-11,3.033508628628711e-10
revisions,34,anticipated_down,etf_only,Equity B,10.248703052645176,-1.4759721223001065e-10,10.248703052497579,-0.03386109450751195,3.22382740561502e-11,3.033508628628711e-10
revisions,34,anticipated_down,etf_only,Duration A,1.5457854858278483e-06,-2.0653298975981156e-09,1.5437201559302502e-06,8.883941610412391,3.22382740561502e-11,3.033508628628711e-10
revisions,34,anticipated_down,etf_only,Duration B,2.0119388926297554e-09,-1.6598631380274793e-09,3.520757546022762e-10,0.004622334477469985,3.22382740561502e-11,3.033508628628711e-10
revisions,34,anticipated_down,etf_only,Credit A,33.965802781822575,-1.475930488936683e-10,33.96580278167498,9.449408923801052e-08,3.22382740561502e-11,3.033508628628711e-10
revisions,34,anticipated_down,etf_only,Credit B,9.017527162938284,-1.4759721223001065e-10,9.017527162790689,0.47772985567615095,3.22382740561502e-11,3.033508628628711e-10
revisions,34,anticipated_down,etf_only,Equity ETF,22.848705007759094,2.7040009120682384e-09,22.848705010463092,-9.43585913867141,3.22382740561502e-11,3.033508628628711e-10
revisions,34,anticipated_down,etf_only,Duration ETF,9.163528875610206e-10,4.518583510755055e-10,1.3682112386365263e-09,0.09462623820536861,3.22382740561502e-11,3.033508628628711e-10
revisions,34,anticipated_down,etf_only,Credit ETF,8.006761433094343e-10,1.2227361075296186e-09,2.0234122508390528e-09,0.002193490673248152,3.22382740561502e-11,3.033508628628711e-10
revisions,34,anticipated_down,myopic,Equity A,23.91926044522214,-8.245626403891038e-11,23.919260445139685,-4.580304319979626e-09,4.4602686133356485e-10,2.419663430912546e-10
revisions,34,anticipated_down,myopic,Equity B,10.248703052645176,-3.3104907704029074e-10,10.248703052314127,-0.03386109476303592,4.4602686133356485e-10,2.419663430912546e-10
revisions,34,anticipated_down,myopic,Duration A,1.5457854858278483e-06,1.6976301022296117e-09,1.5474831159300778e-06,8.88394159676399,4.4602686133356485e-10,2.419663430912546e-10
revisions,34,anticipated_down,myopic,Duration B,2.0119388926297554e-09,-6.037527327102539e-10,1.4081861599195016e-09,0.0046223405604902375,4.4602686133356485e-10,2.419663430912546e-10
revisions,34,anticipated_down,myopic,Credit A,33.965802781822575,5.990263840516263e-10,33.9658027824216,9.631124512879088e-08,4.4602686133356485e-10,2.419663430912546e-10
revisions,34,anticipated_down,myopic,Credit B,9.017527162938284,2.2015167466804542e-10,9.017527163158437,0.4777298575213068,4.4602686133356485e-10,2.419663430912546e-10
revisions,34,anticipated_down,myopic,Equity ETF,22.848705007759094,-2.5564300676350626e-09,22.848705005202664,-9.43585913586348,4.4602686133356485e-10,2.419663430912546e-10
revisions,34,anticipated_down,myopic,Duration ETF,9.163528875610206e-10,2.3168202718142856e-10,1.1480349147424491e-09,0.09462623645003111,4.4602686133356485e-10,2.419663430912546e-10
revisions,34,anticipated_down,myopic,Credit ETF,8.006761433094343e-10,4.750394728993932e-10,1.2757156162088275e-09,0.002193494575131331,4.4602686133356485e-10,2.419663430912546e-10
revisions,34,anticipated_down,dynamic,Equity A,23.91926044522214,-7.272793478563244e-11,23.919260445149412,-2.0392284125460544e-08,1.136239247737441e-09,2.921281286026777e-10
revisions,34,anticipated_down,dynamic,Equity B,10.248703052645176,-1.7780221739371882e-11,10.248703052627397,-0.03386110256496218,1.136239247737441e-09,2.921281286026777e-10
revisions,34,anticipated_down,dynamic,Duration A,1.5457854858278483e-06,2.94824118940314e-09,1.5487337270172515e-06,8.883921539701287,1.136239247737441e-09,2.921281286026777e-10
revisions,34,anticipated_down,dynamic,Duration B,2.0119388926297554e-09,-1.7772334929600045e-09,2.347053996697509e-10,0.004636030363596514,1.136239247737441e-09,2.921281286026777e-10
revisions,34,anticipated_down,dynamic,Credit A,33.965802781822575,2.4186208591459035e-11,33.96580278184676,4.781274722207943e-07,1.136239247737441e-09,2.921281286026777e-10
revisions,34,anticipated_down,dynamic,Credit B,9.017527162938284,1.029787366491064e-10,9.017527163041263,0.4777298061547903,1.136239247737441e-09,2.921281286026777e-10
revisions,34,anticipated_down,dynamic,Equity ETF,22.848705007759094,-1.1532746979625585e-09,22.84870500660582,-9.435861013223354,1.136239247737441e-09,2.921281286026777e-10
revisions,34,anticipated_down,dynamic,Duration ETF,9.163528875610206e-10,-7.998103044553684e-10,1.165425831056523e-10,0.09463405523579754,1.136239247737441e-09,2.921281286026777e-10
revisions,34,anticipated_down,dynamic,Credit ETF,8.006761433094343e-10,-2.9545196739417204e-10,5.052241759152622e-10,0.002193612484769676,1.136239247737441e-09,2.921281286026777e-10
revisions,35,anticipated_up,etf_only,Equity A,23.91926044522214,-1.4759860000879144e-10,23.919260445074542,1.2817827946162603e-08,3.22382740561502e-11,3.033508628628711e-10
revisions,35,anticipated_up,etf_only,Equity B,10.248703052645176,-1.4759721223001065e-10,10.248703052497579,0.005366282224309562,3.22382740561502e-11,3.033508628628711e-10
revisions,35,anticipated_up,etf_only,Duration A,1.5457854858278483e-06,-2.0653298975981156e-09,1.5437201559302502e-06,-1.4829242459819742e-06,3.22382740561502e-11,3.033508628628711e-10
revisions,35,anticipated_up,etf_only,Duration B,2.0119388926297554e-09,-1.6598631380274793e-09,3.520757546022762e-10,3.026999593784159e-10,3.22382740561502e-11,3.033508628628711e-10
revisions,35,anticipated_up,etf_only,Credit A,33.965802781822575,-1.475930488936683e-10,33.96580278167498,-1.27738757626441,3.22382740561502e-11,3.033508628628711e-10
revisions,35,anticipated_up,etf_only,Credit B,9.017527162938284,-1.4759721223001065e-10,9.017527162790689,-5.362983172340218,3.22382740561502e-11,3.033508628628711e-10
revisions,35,anticipated_up,etf_only,Equity ETF,22.848705007759094,2.7040009120682384e-09,22.848705010463092,6.630356996978512,3.22382740561502e-11,3.033508628628711e-10
revisions,35,anticipated_up,etf_only,Duration ETF,9.163528875610206e-10,4.518583510755055e-10,1.3682112386365263e-09,-8.085316439221824e-10,3.22382740561502e-11,3.033508628628711e-10
revisions,35,anticipated_up,etf_only,Credit ETF,8.006761433094343e-10,1.2227361075296186e-09,2.0234122508390528e-09,-1.1199189476623823e-09,3.22382740561502e-11,3.033508628628711e-10
revisions,35,anticipated_up,myopic,Equity A,23.91926044522214,-8.245626403891038e-11,23.919260445139685,1.2330723742739307e-08,4.4602686133356485e-10,2.419663430912546e-10
revisions,35,anticipated_up,myopic,Equity B,10.248703052645176,-3.3104907704029074e-10,10.248703052314127,0.005366279630677303,4.4602686133356485e-10,2.419663430912546e-10
revisions,35,anticipated_up,myopic,Duration A,1.5457854858278483e-06,1.6976301022296117e-09,1.5474831159300778e-06,-1.4866654151511997e-06,4.4602686133356485e-10,2.419663430912546e-10
revisions,35,anticipated_up,myopic,Duration B,2.0119388926297554e-09,-6.037527327102539e-10,1.4081861599195016e-09,-7.300349433298386e-10,4.4602686133356485e-10,2.419663430912546e-10
revisions,35,anticipated_up,myopic,Credit A,33.965802781822575,5.990263840516263e-10,33.9658027824216,-1.2773875468664018,4.4602686133356485e-10,2.419663430912546e-10
revisions,35,anticipated_up,myopic,Credit B,9.017527162938284,2.2015167466804542e-10,9.017527163158437,-5.362983196841289,4.4602686133356485e-10,2.419663430912546e-10
revisions,35,anticipated_up,myopic,Equity ETF,22.848705007759094,-2.5564300676350626e-09,22.848705005202664,6.630356999443617,4.4602686133356485e-10,2.419663430912546e-10
revisions,35,anticipated_up,myopic,Duration ETF,9.163528875610206e-10,2.3168202718142856e-10,1.1480349147424491e-09,-6.345699682369721e-10,4.4602686133356485e-10,2.419663430912546e-10
revisions,35,anticipated_up,myopic,Credit ETF,8.006761433094343e-10,4.750394728993932e-10,1.2757156162088275e-09,-4.4723574236378595e-10,4.4602686133356485e-10,2.419663430912546e-10
revisions,35,anticipated_up,dynamic,Equity A,23.91926044522214,2.456368441983159e-11,23.919260445246703,1.9233815459814058e-08,1.1416833673754182e-09,3.560161184213463e-08
revisions,35,anticipated_up,dynamic,Equity B,10.248703052645176,1.0928757898653885e-11,10.248703052656104,0.005366333014063358,1.1416833673754182e-09,3.560161184213463e-08
revisions,35,anticipated_up,dynamic,Duration A,1.5457854858278483e-06,-5.058552616787183e-07,1.03993022414913e-06,-9.930164061348952e-07,1.1416833673754182e-09,3.560161184213463e-08
revisions,35,anticipated_up,dynamic,Duration B,2.0119388926297554e-09,-1.5816589453945766e-09,4.302799472351788e-10,3.044466434896864e-09,1.1416833673754182e-09,3.560161184213463e-08
revisions,35,anticipated_up,dynamic,Credit A,33.965802781822575,-3.460176589697994e-10,33.965802781476555,-1.2773864859726023,1.1416833673754182e-09,3.560161184213463e-08
revisions,35,anticipated_up,dynamic,Credit B,9.017527162938284,-3.6084052412732603e-10,9.017527162577444,-5.3629843050591,1.1416833673754182e-09,3.560161184213463e-08
revisions,35,anticipated_up,dynamic,Equity ETF,22.848705007759094,5.081706444531875e-07,22.848705515929737,6.630356479501367,1.1416833673754182e-09,3.560161184213463e-08
revisions,35,anticipated_up,dynamic,Duration ETF,9.163528875610206e-10,-8.000963361256755e-10,1.1625655143534508e-10,2.869802429784758e-09,1.1416833673754182e-09,3.560161184213463e-08
revisions,35,anticipated_up,dynamic,Credit ETF,8.006761433094343e-10,-6.616731935970658e-10,1.390029497123684e-10,4.7973991141489415e-09,1.1416833673754182e-09,3.560161184213463e-08
revisions,36,unchanged,etf_only,Equity A,15.00475819926994,-3.0671853945563043e-10,15.004758198963222,6.983722917094003e-10,2.71933357389219e-10,5.972167166696647e-10
revisions,36,unchanged,etf_only,Equity B,6.5766605449254705,-3.0671853945563043e-10,6.576660544618752,-1.4366754683419888e-09,2.71933357389219e-10,5.972167166696647e-10
revisions,36,unchanged,etf_only,Duration A,20.399484001485245,-3.0670188611026106e-10,20.399484001178543,-0.16571450656413814,2.71933357389219e-10,5.972167166696647e-10
revisions,36,unchanged,etf_only,Duration B,3.156167723599939e-09,-2.934635628122405e-09,2.215320954775342e-10,3.953516329157583e-09,2.71933357389219e-10,5.972167166696647e-10
revisions,36,unchanged,etf_only,Credit A,28.4929370733106,-3.0671021278294575e-10,28.492937073003887,1.3272205865197706e-09,2.71933357389219e-10,5.972167166696647e-10
revisions,36,unchanged,etf_only,Credit B,10.64827276593844,-3.067060494466034e-10,10.648272765631734,2.4356396850520634e-09,2.71933357389219e-10,5.972167166696647e-10
revisions,36,unchanged,etf_only,Equity ETF,18.877887410837193,-7.233777465920355e-09,18.877887403603417,-0.05283295899657422,2.71933357389219e-10,5.972167166696647e-10
revisions,36,unchanged,etf_only,Duration ETF,4.586971477558019e-10,5.1271681624716974e-09,5.5858653102275e-09,0.21834412649319423,2.71933357389219e-10,5.972167166696647e-10
revisions,36,unchanged,etf_only,Credit ETF,5.857349424209169e-10,6.329413066657488e-09,6.915148009078404e-09,-6.73474275158747e-10,2.71933357389219e-10,5.972167166696647e-10
revisions,36,unchanged,myopic,Equity A,15.00475819926994,-1.7798540419278197e-10,15.004758199091956,-5.667269444369416e-10,3.402907878005672e-10,2.2058789125195558e-10
revisions,36,unchanged,myopic,Equity B,6.5766605449254705,-3.48217288337338e-10,6.576660544577254,-1.0099312589921064e-09,3.402907878005672e-10,2.2058789125195558e-10
revisions,36,unchanged,myopic,Duration A,20.399484001485245,4.5996539910220235e-10,20.399484001945208,-0.16571450733589943,3.402907878005672e-10,2.2058789125195558e-10
revisions,36,unchanged,myopic,Duration B,3.156167723599939e-09,-1.6739652190002366e-09,1.4822025045997023e-09,1.9585568151786395e-09,3.402907878005672e-10,2.2058789125195558e-10
revisions,36,unchanged,myopic,Credit A,28.4929370733106,4.467759495696555e-10,28.492937073757375,7.988877049603654e-10,3.402907878005672e-10,2.2058789125195558e-10
revisions,36,unchanged,myopic,Credit B,10.64827276593844,3.113814761590561e-10,10.648272766249821,4.773484944511586e-10,3.402907878005672e-10,2.2058789125195558e-10
revisions,36,unchanged,myopic,Equity ETF,18.877887410837193,-9.05800434658488e-10,18.877887409931393,-0.05283295785825386,3.402907878005672e-10,2.2058789125195558e-10
revisions,36,unchanged,myopic,Duration ETF,4.586971477558019e-10,8.227288669232231e-10,1.2814260146790249e-09,0.21834412892355673,3.402907878005672e-10,2.2058789125195558e-10
revisions,36,unchanged,myopic,Credit ETF,5.857349424209169e-10,7.551384201128918e-10,1.3408733625338087e-09,2.4884121257073697e-09,3.402907878005672e-10,2.2058789125195558e-10
revisions,36,unchanged,dynamic,Equity A,15.00475819926994,2.1908030944928214e-10,15.004758199489022,-1.0803142508008043e-08,1.1191821041635517e-09,1.6957794433371092e-10
revisions,36,unchanged,dynamic,Equity B,6.5766605449254705,2.5656837765453133e-10,6.5766605451820395,-1.8902161921591005e-09,1.1191821041635517e-09,1.6957794433371092e-10
revisions,36,unchanged,dynamic,Duration A,20.399484001485245,-3.100852907778062e-11,20.399484001454233,-0.1657145014910927,1.1191821041635517e-09,1.6957794433371092e-10
revisions,36,unchanged,dynamic,Duration B,3.156167723599939e-09,-2.1459132962230465e-09,1.0102544273768924e-09,7.97003250226015e-09,1.1191821041635517e-09,1.6957794433371092e-10
revisions,36,unchanged,dynamic,Credit A,28.4929370733106,9.394152122865762e-11,28.49293707340454,8.93544632575417e-10,1.1191821041635517e-09,1.6957794433371092e-10
revisions,36,unchanged,dynamic,Credit B,10.64827276593844,2.279912370006798e-10,10.648272766166432,3.89034709828706e-08,1.1191821041635517e-09,1.6957794433371092e-10
revisions,36,unchanged,dynamic,Equity ETF,18.877887410837193,1.4758749777854518e-10,18.87788741098478,-0.05283303634906549,1.1191821041635517e-09,1.6957794433371092e-10
revisions,36,unchanged,dynamic,Duration ETF,4.586971477558019e-10,-3.758290556742708e-10,8.28680920815311e-11,0.21834414388147952,1.1191821041635517e-09,1.6957794433371092e-10
revisions,36,unchanged,dynamic,Credit ETF,5.857349424209169e-10,5.19222486647784e-10,1.104957429068701e-09,2.6014098377627463e-08,1.1191821041635517e-09,1.6957794433371092e-10
revisions,37,premium_down_persistent,etf_only,Equity A,15.00475819926994,-7.216449660063518e-14,15.004758199269869,-3.9365772408792156e-10,1.4926643701986854e-09,0.24248995880771515
revisions,37,premium_down_persistent,etf_only,Equity B,6.5766605449254705,-4.3021142204224816e-14,6.576660544925428,-5.155373469301267e-09,1.4926643701986854e-09,0.24248995880771515
revisions,37,premium_down_persistent,etf_only,Duration A,20.399484001485245,1.637578961322106e-13,20.39948400148541,0.052808266855165556,1.4926643701986854e-09,0.24248995880771515
revisions,37,premium_down_persistent,etf_only,Duration B,3.156167723599939e-09,-2.911374462895485e-09,2.4479326070445393e-10,0.044632455629433215,1.4926643701986854e-09,0.24248995880771515
revisions,37,premium_down_persistent,etf_only,Credit A,28.4929370733106,1.0547118733938987e-13,28.492937073310703,2.3724223588736692e-09,1.4926643701986854e-09,0.24248995880771515
revisions,37,premium_down_persistent,etf_only,Credit B,10.64827276593844,1.1934897514720433e-13,10.648272765938561,0.09563157136006374,1.4926643701986854e-09,0.24248995880771515
revisions,37,premium_down_persistent,etf_only,Equity ETF,18.877887410837193,-6.063461415621591,12.814425995215602,-0.7846134307448763,1.4926643701986854e-09,0.24248995880771515
revisions,37,premium_down_persistent,etf_only,Duration ETF,4.586971477558019e-10,6.061036490256774,6.0610364907154715,0.5166083695972241,1.4926643701986854e-09,0.24248995880771515
revisions,37,premium_down_persistent,etf_only,Credit ETF,5.857349424209169e-10,2.72276941806494e-08,2.7813429123070317e-08,0.07448149754728543,1.4926643701986854e-09,0.24248995880771515
revisions,37,premium_down_persistent,myopic,Equity A,15.00475819926994,-4.163419609071184e-10,15.0047581988536,-9.14251262144843e-10,2.562210002949065e-10,0.24582030874085864
revisions,37,premium_down_persistent,myopic,Equity B,6.5766605449254705,-2.2295498780522394e-10,6.5766605447025155,-4.303043698110713e-09,2.562210002949065e-10,0.24582030874085864
revisions,37,premium_down_persistent,myopic,Duration A,20.399484001485245,0.11287781434840827,20.512361815833653,0.04951430044450415,2.562210002949065e-10,0.24582030874085864
revisions,37,premium_down_persistent,myopic,Duration B,3.156167723599939e-09,8.660363593530777e-10,4.022204082953017e-09,0.0446337625451288,2.562210002949065e-10,0.24582030874085864
revisions,37,premium_down_persistent,myopic,Credit A,28.4929370733106,1.7011725361726349e-09,28.49293707501177,2.5128375139427527e-09,2.562210002949065e-10,0.24582030874085864
revisions,37,premium_down_persistent,myopic,Credit B,10.64827276593844,1.8562998360671656e-09,10.64827276779474,0.09565660972609973,2.562210002949065e-10,0.24582030874085864
revisions,37,premium_down_persistent,myopic,Equity ETF,18.877887410837193,-6.062078454979314,12.81580895585788,-0.7844887468290824,2.562210002949065e-10,0.24582030874085864
revisions,37,premium_down_persistent,myopic,Duration ETF,4.586971477558019e-10,5.946742411338365,5.946742411797062,0.5197077240654344,2.562210002949065e-10,0.24582030874085864
revisions,37,premium_down_persistent,myopic,Credit ETF,5.857349424209169e-10,2.2197217887324405e-08,2.278295282974532e-08,0.07452609734108621,2.562210002949065e-10,0.24582030874085864
revisions,37,premium_down_persistent,dynamic,Equity A,15.00475819926994,-2.218503158957219e-11,15.004758199247755,-2.0241068498506312e-09,6.839065582299811e-11,0.5153235314174214
revisions,37,premium_down_persistent,dynamic,Equity B,6.5766605449254705,2.933764342571976e-12,6.576660544928405,-2.0277932464604113e-09,6.839065582299811e-11,0.5153235314174214
revisions,37,premium_down_persistent,dynamic,Duration A,20.399484001485245,7.360292370436397,27.75977637192164,-0.038578215505081025,6.839065582299811e-11,0.5153235314174214
revisions,37,premium_down_persistent,dynamic,Duration B,3.156167723599939e-09,7.366487764404173e-10,3.892816500040356e-09,1.025715814848549e-07,6.839065582299811e-11,0.5153235314174214
revisions,37,premium_down_persistent,dynamic,Credit A,28.4929370733106,8.076872504148014e-12,28.492937073318675,3.6872952672151593e-09,6.839065582299811e-11,0.5153235314174214
revisions,37,premium_down_persistent,dynamic,Credit B,10.64827276593844,2.7999963458924526e-10,10.64827276621844,0.04587762881603779,6.839065582299811e-11,0.5153235314174214
revisions,37,premium_down_persistent,dynamic,Equity ETF,18.877887410837193,-7.365445624371961,11.512441786465233,-0.2688026612157042,6.839065582299811e-11,0.5153235314174214
revisions,37,premium_down_persistent,dynamic,Duration ETF,4.586971477558019e-10,1.7681771215398052e-08,1.814046836315385e-08,0.24291941278207058,6.839065582299811e-11,0.5153235314174214
revisions,37,premium_down_persistent,dynamic,Credit ETF,5.857349424209169e-10,-1.0172759293333888e-10,4.840073494875781e-10,0.018420055087695647,6.839065582299811e-11,0.5153235314174214
revisions,38,premium_up_persistent,etf_only,Equity A,15.00475819926994,-4.071631920510299e-10,15.004758198862778,3.4185397889521067e-09,-6.097414842505292e-10,4.1262361649316553e-10
revisions,38,premium_up_persistent,etf_only,Equity B,6.5766605449254705,-4.109781959193981e-10,6.576660544514493,0.017963414369025838,-6.097414842505292e-10,4.1262361649316553e-10
revisions,38,premium_up_persistent,etf_only,Duration A,20.399484001485245,-4.3959003104276917e-10,20.399484001045654,-5.251875084285248,-6.097414842505292e-10,4.1262361649316553e-10
revisions,38,premium_up_persistent,etf_only,Duration B,3.156167723599939e-09,-2.9389151304796548e-09,2.1725259312028415e-10,6.168328739041851e-11,-6.097414842505292e-10,4.1262361649316553e-10
revisions,38,premium_up_persistent,etf_only,Credit A,28.4929370733106,-4.3005599081880064e-10,28.492937072880544,-1.186990035583078e-08,-6.097414842505292e-10,4.1262361649316553e-10
revisions,38,premium_up_persistent,etf_only,Credit B,10.64827276593844,-4.3233611135562455e-10,10.648272765506105,-0.25630153826720387,-6.097414842505292e-10,4.1262361649316553e-10
revisions,38,premium_up_persistent,etf_only,Equity ETF,18.877887410837193,6.840378263817115e-09,18.87788741767757,5.48635287512579,-6.097414842505292e-10,4.1262361649316553e-10
revisions,38,premium_up_persistent,etf_only,Duration ETF,4.586971477558019e-10,-5.749651436729888e-10,-1.1626799591718687e-10,2.775205724252067e-10,-6.097414842505292e-10,4.1262361649316553e-10
revisions,38,premium_up_persistent,etf_only,Credit ETF,5.857349424209169e-10,-5.682407879999808e-10,1.7494154420936232e-11,2.9841245634611235e-10,-6.097414842505292e-10,4.1262361649316553e-10
revisions,38,premium_up_persistent,myopic,Equity A,15.00475819926994,6.414971331913932e-09,15.004758205684912,6.530052219120467e-10,1.1860445263444427e-09,0.40690049701119757
revisions,38,premium_up_persistent,myopic,Equity B,6.5766605449254705,1.7385939909964065e-09,6.576660546664065,1.3585196994482568e-09,1.1860445263444427e-09,0.40690049701119757
revisions,38,premium_up_persistent,myopic,Duration A,20.399484001485245,-5.814026719845347,14.585457281639897,-0.44055398871953244,1.1860445263444427e-09,0.40690049701119757
revisions,38,premium_up_persistent,myopic,Duration B,3.156167723599939e-09,-2.2809469454726084e-09,8.752207781273308e-10,-3.836653703501291e-10,1.1860445263444427e-09,0.40690049701119757
revisions,38,premium_up_persistent,myopic,Credit A,28.4929370733106,-1.956007023018458e-08,28.492937053750527,-4.9780547868017684e-09,1.1860445263444427e-09,0.40690049701119757
revisions,38,premium_up_persistent,myopic,Credit B,10.64827276593844,-7.096559034858174e-08,10.648272694972851,-0.07739466400542475,1.1860445263444427e-09,0.40690049701119757
revisions,38,premium_up_persistent,myopic,Equity ETF,18.877887410837193,5.809957798402751,24.687845209239946,0.36980010512634076,1.1860445263444427e-09,0.40690049701119757
revisions,38,premium_up_persistent,myopic,Duration ETF,4.586971477558019e-10,-8.566382858660204e-11,3.7303331916919986e-10,0.1477269574600234,1.1860445263444427e-09,0.40690049701119757
revisions,38,premium_up_persistent,myopic,Credit ETF,5.857349424209169e-10,5.766422292471709e-11,6.433991653456341e-10,1.4199163841201274e-10,1.1860445263444427e-09,0.40690049701119757
revisions,38,premium_up_persistent,dynamic,Equity A,15.00475819926994,5.703770789011742e-12,15.004758199275644,-7.7959847810877e-09,1.3948638942560924e-09,0.4891545958606982
revisions,38,premium_up_persistent,dynamic,Equity B,6.5766605449254705,8.029688025601445e-12,6.5766605449335005,-2.969031431461128e-11,1.3948638942560924e-09,0.4891545958606982
revisions,38,premium_up_persistent,dynamic,Duration A,20.399484001485245,-6.989320379265856,13.410163622219388,-0.3086520509604777,1.3948638942560924e-09,0.4891545958606982
revisions,38,premium_up_persistent,dynamic,Duration B,3.156167723599939e-09,-2.987405891462166e-09,1.6876183213777308e-10,2.0623566918680793e-09,1.3948638942560924e-09,0.4891545958606982
revisions,38,premium_up_persistent,dynamic,Credit A,28.4929370733106,-7.41295913542217e-11,28.49293707323647,-3.535241029958321e-09,1.3948638942560924e-09,0.4891545958606982
revisions,38,premium_up_persistent,dynamic,Credit B,10.64827276593844,-8.939793350037917e-11,10.648272765849043,-0.028865199525714983,1.3948638942560924e-09,0.4891545958606982
revisions,38,premium_up_persistent,dynamic,Equity ETF,18.877887410837193,6.984428836020354,25.862316246857546,0.12747016858037433,1.3948638942560924e-09,0.4891545958606982
revisions,38,premium_up_persistent,dynamic,Duration ETF,4.586971477558019e-10,-4.283111607870896e-10,3.038598696871235e-11,0.20972696489503345,1.3948638942560924e-09,0.4891545958606982
revisions,38,premium_up_persistent,dynamic,Credit ETF,5.857349424209169e-10,-5.099379969314109e-10,7.57969454895061e-11,3.430864467991204e-09,1.3948638942560924e-09,0.4891545958606982
revisions,39,premium_down_reverting,etf_only,Equity A,15.00475819926994,-7.216449660063518e-14,15.004758199269869,-1.3829524909506872e-10,1.4926643701986854e-09,0.24248995880771515
revisions,39,premium_down_reverting,etf_only,Equity B,6.5766605449254705,-4.3021142204224816e-14,6.576660544925428,-7.283188744744017e-10,1.4926643701986854e-09,0.24248995880771515
revisions,39,premium_down_reverting,etf_only,Duration A,20.399484001485245,1.637578961322106e-13,20.39948400148541,1.1748059007092119e-08,1.4926643701986854e-09,0.24248995880771515
revisions,39,premium_down_reverting,etf_only,Duration B,3.156167723599939e-09,-2.911374462895485e-09,2.4479326070445393e-10,7.180699579787444e-09,1.4926643701986854e-09,0.24248995880771515
revisions,39,premium_down_reverting,etf_only,Credit A,28.4929370733106,1.0547118733938987e-13,28.492937073310703,2.7018751433713657e-09,1.4926643701986854e-09,0.24248995880771515
revisions,39,premium_down_reverting,etf_only,Credit B,10.64827276593844,1.1934897514720433e-13,10.648272765938561,0.033079923973432346,1.4926643701986854e-09,0.24248995880771515
revisions,39,premium_down_reverting,etf_only,Equity ETF,18.877887410837193,-6.063461415621591,12.814425995215602,-0.07270943483028636,1.4926643701986854e-09,0.24248995880771515
revisions,39,premium_down_reverting,etf_only,Duration ETF,4.586971477558019e-10,6.061036490256774,6.0610364907154715,0.038847035359210406,1.4926643701986854e-09,0.24248995880771515
revisions,39,premium_down_reverting,etf_only,Credit ETF,5.857349424209169e-10,2.72276941806494e-08,2.7813429123070317e-08,0.0006003924506614476,1.4926643701986854e-09,0.24248995880771515
revisions,39,premium_down_reverting,myopic,Equity A,15.00475819926994,-4.163419609071184e-10,15.0047581988536,-4.610102230517843e-10,2.562210002949065e-10,0.24582030874085864
revisions,39,premium_down_reverting,myopic,Equity B,6.5766605449254705,-2.2295498780522394e-10,6.5766605447025155,-7.912015692818279e-10,2.562210002949065e-10,0.24582030874085864
revisions,39,premium_down_reverting,myopic,Duration A,20.399484001485245,0.11287781434840827,20.512361815833653,6.619338603476422e-09,2.562210002949065e-10,0.24582030874085864
revisions,39,premium_down_reverting,myopic,Duration B,3.156167723599939e-09,8.660363593530777e-10,4.022204082953017e-09,4.73512744168752e-09,2.562210002949065e-10,0.24582030874085864
revisions,39,premium_down_reverting,myopic,Credit A,28.4929370733106,1.7011725361726349e-09,28.49293707501177,2.7768281115861075e-09,2.562210002949065e-10,0.24582030874085864
revisions,39,premium_down_reverting,myopic,Credit B,10.64827276593844,1.8562998360671656e-09,10.64827276779474,0.03315093648498176,2.562210002949065e-10,0.24582030874085864
revisions,39,premium_down_reverting,myopic,Equity ETF,18.877887410837193,-6.062078454979314,12.81580895585788,-0.07273413571802143,2.562210002949065e-10,0.24582030874085864
revisions,39,premium_down_reverting,myopic,Duration ETF,4.586971477558019e-10,5.946742411338365,5.946742411797062,0.03879452106502622,2.562210002949065e-10,0.24582030874085864
revisions,39,premium_down_reverting,myopic,Credit ETF,5.857349424209169e-10,2.2197217887324405e-08,2.278295282974532e-08,0.0006065384012969909,2.562210002949065e-10,0.24582030874085864
revisions,39,premium_down_reverting,dynamic,Equity A,15.00475819926994,-2.0583534876550402e-11,15.004758199249357,-3.61873821803144e-10,1.359809183656968e-10,0.4589588469942577
revisions,39,premium_down_reverting,dynamic,Equity B,6.5766605449254705,2.4456825453711417e-11,6.576660544949927,-6.531195337642101e-10,1.359809183656968e-10,0.4589588469942577
revisions,39,premium_down_reverting,dynamic,Duration A,20.399484001485245,6.555243642636646,26.95472764412189,-0.08612979581793664,1.359809183656968e-10,0.4589588469942577
revisions,39,premium_down_reverting,dynamic,Duration B,3.156167723599939e-09,4.5941550582373875e-11,3.202109274182313e-09,5.0326999700803e-09,1.359809183656968e-10,0.4589588469942577
revisions,39,premium_down_reverting,dynamic,Credit A,28.4929370733106,2.7891577936145495e-10,28.492937073589513,1.875634961131976e-09,1.359809183656968e-10,0.4589588469942577
revisions,39,premium_down_reverting,dynamic,Credit B,10.64827276593844,7.505246424344136e-11,10.648272766013493,0.007578536343944142,1.359809183656968e-10,0.4589588469942577
revisions,39,premium_down_reverting,dynamic,Equity ETF,18.877887410837193,-6.559833236811363,12.31805417402583,-0.09602337884989745,1.359809183656968e-10,0.4589588469942577
revisions,39,premium_down_reverting,dynamic,Duration ETF,4.586971477558019e-10,1.553713970592818e-09,2.0124111183486196e-09,0.17443920194944768,1.359809183656968e-10,0.4589588469942577
revisions,39,premium_down_reverting,dynamic,Credit ETF,5.857349424209169e-10,3.6438153208770623e-09,4.229550263297979e-09,5.564462327192291e-08,1.359809183656968e-10,0.4589588469942577
revisions,40,premium_up_reverting,etf_only,Equity A,15.00475819926994,-4.071631920510299e-10,15.004758198862778,5.556257508485911e-09,-6.097414842505292e-10,4.1262361649316553e-10
revisions,40,premium_up_reverting,etf_only,Equity B,6.5766605449254705,-4.109781959193981e-10,6.576660544514493,0.019997774512965926,-6.097414842505292e-10,4.1262361649316553e-10
revisions,40,premium_up_reverting,etf_only,Duration A,20.399484001485245,-4.3959003104276917e-10,20.399484001045654,-3.588368418788237,-6.097414842505292e-10,4.1262361649316553e-10
revisions,40,premium_up_reverting,etf_only,Duration B,3.156167723599939e-09,-2.9389151304796548e-09,2.1725259312028415e-10,2.52481620913038e-11,-6.097414842505292e-10,4.1262361649316553e-10
revisions,40,premium_up_reverting,etf_only,Credit A,28.4929370733106,-4.3005599081880064e-10,28.492937072880544,-6.282922683920465e-09,-6.097414842505292e-10,4.1262361649316553e-10
revisions,40,premium_up_reverting,etf_only,Credit B,10.64827276593844,-4.3233611135562455e-10,10.648272765506105,-0.2219870776083064,-6.097414842505292e-10,4.1262361649316553e-10
revisions,40,premium_up_reverting,etf_only,Equity ETF,18.877887410837193,6.840378263817115e-09,18.87788741767757,3.787685008228042,-6.097414842505292e-10,4.1262361649316553e-10
revisions,40,premium_up_reverting,etf_only,Duration ETF,4.586971477558019e-10,-5.749651436729888e-10,-1.1626799591718687e-10,3.005283263016253e-10,-6.097414842505292e-10,4.1262361649316553e-10
revisions,40,premium_up_reverting,etf_only,Credit ETF,5.857349424209169e-10,-5.682407879999808e-10,1.7494154420936232e-11,2.145250829933875e-10,-6.097414842505292e-10,4.1262361649316553e-10
revisions,40,premium_up_reverting,myopic,Equity A,15.00475819926994,6.414971331913932e-09,15.004758205684912,-8.051914272935822e-09,1.1860445263444427e-09,0.40690049701119757
revisions,40,premium_up_reverting,myopic,Equity B,6.5766605449254705,1.7385939909964065e-09,6.576660546664065,-1.37530561945306e-09,1.1860445263444427e-09,0.40690049701119757
revisions,40,premium_up_reverting,myopic,Duration A,20.399484001485245,-5.814026719845347,14.585457281639897,-0.26904441664733353,1.1860445263444427e-09,0.40690049701119757
revisions,40,premium_up_reverting,myopic,Duration B,3.156167723599939e-09,-2.2809469454726084e-09,8.752207781273308e-10,1.163673029759482e-09,1.1860445263444427e-09,0.40690049701119757
revisions,40,premium_up_reverting,myopic,Credit A,28.4929370733106,-1.956007023018458e-08,28.492937053750527,-1.7391085485287924e-09,1.1860445263444427e-09,0.40690049701119757
revisions,40,premium_up_reverting,myopic,Credit B,10.64827276593844,-7.096559034858174e-08,10.648272694972851,-0.0044893702166668775,1.1860445263444427e-09,0.40690049701119757
revisions,40,premium_up_reverting,myopic,Equity ETF,18.877887410837193,5.809957798402751,24.687845209239946,0.04960014158080037,1.1860445263444427e-09,0.40690049701119757
revisions,40,premium_up_reverting,myopic,Duration ETF,4.586971477558019e-10,-8.566382858660204e-11,3.7303331916919986e-10,0.22365273872580932,1.1860445263444427e-09,0.40690049701119757
revisions,40,premium_up_reverting,myopic,Credit ETF,5.857349424209169e-10,5.766422292471709e-11,6.433991653456341e-10,2.9423078363812025e-09,1.1860445263444427e-09,0.40690049701119757
revisions,40,premium_up_reverting,dynamic,Equity A,15.00475819926994,2.6423307986078726e-12,15.004758199272583,-3.4369824758873454e-09,1.1482115178627645e-09,0.4309538872676251
revisions,40,premium_up_reverting,dynamic,Equity B,6.5766605449254705,4.20496970576778e-12,6.576660544929676,-2.2409526491407047e-10,1.1482115178627645e-09,0.4309538872676251
revisions,40,premium_up_reverting,dynamic,Duration A,20.399484001485245,-6.157715397356323,14.241768604128922,-0.25785064814769143,1.1482115178627645e-09,0.4309538872676251
revisions,40,premium_up_reverting,dynamic,Duration B,3.156167723599939e-09,-2.996774687569545e-09,1.5939303603039398e-10,1.0422989704280579e-09,1.1482115178627645e-09,0.4309538872676251
revisions,40,premium_up_reverting,dynamic,Credit A,28.4929370733106,-1.2734258092450546e-11,28.492937073297863,-7.739196243737746e-10,1.1482115178627645e-09,0.4309538872676251
revisions,40,premium_up_reverting,dynamic,Credit B,10.64827276593844,-1.8976487048405488e-11,10.648272765919465,-0.00031852138056140075,1.1482115178627645e-09,0.4309538872676251
revisions,40,premium_up_reverting,dynamic,Equity ETF,18.877887410837193,6.153405861395853,25.031293272233047,0.016108485986258927,1.1482115178627645e-09,0.4309538872676251
revisions,40,premium_up_reverting,dynamic,Duration ETF,4.586971477558019e-10,-4.581237161927119e-10,5.734315630899571e-13,0.24178326978835518,1.1482115178627645e-09,0.4309538872676251
revisions,40,premium_up_reverting,dynamic,Credit ETF,5.857349424209169e-10,-5.481377062359383e-10,3.759723618497867e-11,1.8038892347087272e-09,1.1482115178627645e-09,0.4309538872676251
revisions,41,alpha_up,etf_only,Equity A,15.00475819926994,-2.5976998330179413e-10,15.00475819901017,0.1950921412080389,4.4832506741839485e-10,5.883500202193283e-10
revisions,41,alpha_up,etf_only,Equity B,6.5766605449254705,-2.606859172971099e-10,6.576660544664785,-5.647077981091838e-09,4.4832506741839485e-10,5.883500202193283e-10
revisions,41,alpha_up,etf_only,Duration A,20.399484001485245,-2.606692639517405e-10,20.399484001224575,-0.19512326840068697,4.4832506741839485e-10,5.883500202193283e-10
revisions,41,alpha_up,etf_only,Duration B,3.156167723599939e-09,-2.931052313687595e-09,2.2511540991234387e-10,3.117612081564368e-09,4.4832506741839485e-10,5.883500202193283e-10
revisions,41,alpha_up,etf_only,Credit A,28.4929370733106,-2.6067481506686363e-10,28.492937073049923,1.4556223381994992e-10,4.4832506741839485e-10,5.883500202193283e-10
revisions,41,alpha_up,etf_only,Credit B,10.64827276593844,-2.6067203950930207e-10,10.648272765677769,-0.00016403894068099025,4.4832506741839485e-10,5.883500202193283e-10
revisions,41,alpha_up,etf_only,Equity ETF,18.877887410837193,-7.510927990672656e-09,18.877887403326266,-0.21871923860412665,4.4832506741839485e-10,5.883500202193283e-10
revisions,41,alpha_up,etf_only,Duration ETF,4.586971477558019e-10,5.073740341275103e-09,5.532437489030905e-09,0.2186317480147472,4.4832506741839485e-10,5.883500202193283e-10
revisions,41,alpha_up,etf_only,Credit ETF,5.857349424209169e-10,6.24902184698264e-09,6.834756789403557e-09,-1.595503798342092e-09,4.4832506741839485e-10,5.883500202193283e-10
revisions,41,alpha_up,myopic,Equity A,15.00475819926994,9.698436498339902e-09,15.004758208968378,0.1950921309797648,4.726962704519596e-10,8.041939812290432e-10
revisions,41,alpha_up,myopic,Equity B,6.5766605449254705,-9.45321598777582e-10,6.576660543980149,-1.879813113297784e-09,4.726962704519596e-10,8.041939812290432e-10
revisions,41,alpha_up,myopic,Duration A,20.399484001485245,2.3359092438113294e-11,20.399484001508604,-0.1951232700282326,4.726962704519596e-10,8.041939812290432e-10
revisions,41,alpha_up,myopic,Duration B,3.156167723599939e-09,-2.2521399830416866e-09,9.040277405582523e-10,1.0317960496865828e-09,4.726962704519596e-10,8.041939812290432e-10
revisions,41,alpha_up,myopic,Credit A,28.4929370733106,-2.2959412149248237e-11,28.49293707328764,1.4267066823215595e-10,4.726962704519596e-10,8.041939812290432e-10
revisions,41,alpha_up,myopic,Credit B,10.64827276593844,-3.2775032687837324e-10,10.64827276561069,-0.00016404096144882513,4.726962704519596e-10,8.041939812290432e-10
revisions,41,alpha_up,myopic,Equity ETF,18.877887410837193,-6.828312915097001e-09,18.87788740400888,-0.2187192317634575,4.726962704519596e-10,8.041939812290432e-10
revisions,41,alpha_up,myopic,Duration ETF,4.586971477558019e-10,1.6644144070163458e-10,6.251385884574365e-10,0.21863175059026016,4.726962704519596e-10,8.041939812290432e-10
revisions,41,alpha_up,myopic,Credit ETF,5.857349424209169e-10,4.002742659126349e-11,6.257623690121804e-10,2.1000896918477383e-09,4.726962704519596e-10,8.041939812290432e-10
revisions,41,alpha_up,dynamic,Equity A,15.00475819926994,2.78687603471596,17.7916342339859,0.1796333512805773,8.609120815056878e-10,0.1951203466120164
revisions,41,alpha_up,dynamic,Equity B,6.5766605449254705,2.1085910795193286e-11,6.576660544946557,-1.4211108145452038e-09,8.609120815056878e-10,0.1951203466120164
revisions,41,alpha_up,dynamic,Duration A,20.399484001485245,-2.0529689059856082e-10,20.399484001279948,-0.17981305445273432,8.609120815056878e-10,0.1951203466120164
revisions,41,alpha_up,dynamic,Duration B,3.156167723599939e-09,-2.8395212353536846e-09,3.166464882462546e-10,5.567487295464879e-09,8.609120815056878e-10,0.1951203466120164
revisions,41,alpha_up,dynamic,Credit A,28.4929370733106,-1.0242362513679382e-10,28.492937073208175,7.332254466651271e-10,8.609120815056878e-10,0.1951203466120164
revisions,41,alpha_up,dynamic,Credit B,10.64827276593844,1.6528445279107018e-12,10.648272765940094,1.2643117005360592e-07,8.609120815056878e-10,0.1951203466120164
revisions,41,alpha_up,dynamic,Equity ETF,18.877887410837193,-2.788827235560562,16.089060175276632,-0.22715132123421491,8.609120815056878e-10,0.1951203466120164
revisions,41,alpha_up,dynamic,Duration ETF,4.586971477558019e-10,-2.122469673917978e-10,2.464501803640041e-10,0.22706030939767305,8.609120815056878e-10,0.1951203466120164
revisions,41,alpha_up,dynamic,Credit ETF,5.857349424209169e-10,-1.1316174301223048e-10,4.725731994086865e-10,1.751700462405813e-08,8.609120815056878e-10,0.1951203466120164
revisions,42,alpha_down,etf_only,Equity A,15.00475819926994,-3.211347854303881e-10,15.004758198948807,-0.2623311860328622,2.3856318829012327e-10,6.033886335079627e-10
revisions,42,alpha_down,etf_only,Equity B,6.5766605449254705,-3.2026187257727656e-10,6.576660544605209,1.6707601432111492e-09,2.3856318829012327e-10,6.033886335079627e-10
revisions,42,alpha_down,etf_only,Duration A,20.399484001485245,-3.2024660701068797e-10,20.399484001164996,-0.1659868930952038,2.3856318829012327e-10,6.033886335079627e-10
revisions,42,alpha_down,etf_only,Duration B,3.156167723599939e-09,-2.9356976640393802e-09,2.204700595605584e-10,3.883258224914261e-09,2.3856318829012327e-10,6.033886335079627e-10
revisions,42,alpha_down,etf_only,Credit A,28.4929370733106,-3.2025493368337266e-10,28.492937072990344,1.0268878019005762e-09,2.3856318829012327e-10,6.033886335079627e-10
revisions,42,alpha_down,etf_only,Credit B,10.64827276593844,-3.2024938256824953e-10,10.648272765618191,0.019383302255396695,2.3856318829012327e-10,6.033886335079627e-10
revisions,42,alpha_down,etf_only,Equity ETF,18.877887410837193,-7.2495259795246625e-09,18.877887403587668,0.1658707383305464,2.3856318829012327e-10,6.033886335079627e-10
revisions,42,alpha_down,etf_only,Duration ETF,4.586971477558019e-10,5.179384207789029e-09,5.6380813555448316e-09,0.24049887292944402,2.3856318829012327e-10,6.033886335079627e-10
revisions,42,alpha_down,etf_only,Credit ETF,5.857349424209169e-10,6.395908374811056e-09,6.981643317231973e-09,0.0022595819463069617,2.3856318829012327e-10,6.033886335079627e-10
revisions,42,alpha_down,myopic,Equity A,15.00475819926994,-4.243023432604076e-08,15.004758156839706,-0.26233116416276975,6.468908037925601e-10,3.3268391270298005e-09
revisions,42,alpha_down,myopic,Equity B,6.5766605449254705,8.478898139152591e-10,6.576660545773361,2.4589968676881264e-09,6.468908037925601e-10,3.3268391270298005e-09
revisions,42,alpha_down,myopic,Duration A,20.399484001485245,2.52177723147895e-09,20.39948400400702,-0.16598689227859073,6.468908037925601e-10,3.3268391270298005e-09
revisions,42,alpha_down,myopic,Duration B,3.156167723599939e-09,3.845307381857477e-09,7.001475105457415e-09,4.6290830079086675e-10,6.468908037925601e-10,3.3268391270298005e-09
revisions,42,alpha_down,myopic,Credit A,28.4929370733106,3.060590669790031e-09,28.492937076371188,1.289213264178947e-09,6.468908037925601e-10,3.3268391270298005e-09
revisions,42,alpha_down,myopic,Credit B,10.64827276593844,2.0469528849709206e-09,10.648272767985393,0.019383302118960482,6.468908037925601e-10,3.3268391270298005e-09
revisions,42,alpha_down,myopic,Equity ETF,18.877887410837193,1.1432790825161021e-08,18.877887422269986,0.1658707372777633,6.468908037925601e-10,3.3268391270298005e-09
revisions,42,alpha_down,myopic,Duration ETF,4.586971477558019e-10,8.040666085245022e-09,8.499363233000824e-09,0.24049886829625391,6.468908037925601e-10,3.3268391270298005e-09
revisions,42,alpha_down,myopic,Credit ETF,5.857349424209169e-10,9.986618670950492e-09,1.057235361337141e-08,0.0022595672677155503,6.468908037925601e-10,3.3268391270298005e-09
revisions,42,alpha_down,dynamic,Equity A,15.00475819926994,-3.1466385120491256,11.858119687220816,-0.20467066186941182,1.5742888716003146e-09,0.2202206519345221
revisions,42,alpha_down,dynamic,Equity B,6.5766605449254705,6.355471704466709e-11,6.576660544989026,-4.958040520708566e-10,1.5742888716003146e-09,0.2202206519345221
revisions,42,alpha_down,dynamic,Duration A,20.399484001485245,-1.7177093081244266e-10,20.39948400131347,-0.1685240980778624,1.5742888716003146e-09,0.2202206519345221
revisions,42,alpha_down,dynamic,Duration B,3.156167723599939e-09,-2.9405259249507235e-09,2.156417986492158e-10,5.205781509890014e-09,1.5742888716003146e-09,0.2202206519345221
revisions,42,alpha_down,dynamic,Credit A,28.4929370733106,-1.281030836963737e-10,28.492937073182496,4.5098345711161955e-10,1.5742888716003146e-09,0.2202206519345221
revisions,42,alpha_down,dynamic,Credit B,10.64827276593844,1.214306433183765e-11,10.648272765950583,5.5433244463531045e-05,1.5742888716003146e-09,0.2202206519345221
revisions,42,alpha_down,dynamic,Equity ETF,18.877887410837193,3.1444363077328785,22.02232371857007,0.16840612735747026,1.5742888716003146e-09,0.2202206519345221
revisions,42,alpha_down,dynamic,Duration ETF,4.586971477558019e-10,-3.2087138570442356e-10,1.3782576205137836e-10,0.20447197850126178,1.5742888716003146e-09,0.2202206519345221
revisions,42,alpha_down,dynamic,Credit ETF,5.857349424209169e-10,-2.592957047751859e-10,3.264392376457311e-10,1.4331446610185119e-08,1.5742888716003146e-09,0.2202206519345221
revisions,43,anticipated_down,etf_only,Equity A,15.00475819926994,-3.0671853945563043e-10,15.004758198963222,-1.164648235748002e-09,2.71933357389219e-10,5.972167166696647e-10
revisions,43,anticipated_down,etf_only,Equity B,6.5766605449254705,-3.0671853945563043e-10,6.576660544618752,-0.026240162414025592,2.71933357389219e-10,5.972167166696647e-10
revisions,43,anticipated_down,etf_only,Duration A,20.399484001485245,-3.0670188611026106e-10,20.399484001178543,0.4577399903457514,2.71933357389219e-10,5.972167166696647e-10
revisions,43,anticipated_down,etf_only,Duration B,3.156167723599939e-09,-2.934635628122405e-09,2.215320954775342e-10,0.3028781130369299,2.71933357389219e-10,5.972167166696647e-10
revisions,43,anticipated_down,etf_only,Credit A,28.4929370733106,-3.0671021278294575e-10,28.492937073003887,2.5789874929557126e-09,2.71933357389219e-10,5.972167166696647e-10
revisions,43,anticipated_down,etf_only,Credit B,10.64827276593844,-3.067060494466034e-10,10.648272765631734,0.24293766030180358,2.71933357389219e-10,5.972167166696647e-10
revisions,43,anticipated_down,etf_only,Equity ETF,18.877887410837193,-7.233777465920355e-09,18.877887403603417,-6.683841127275819,2.71933357389219e-10,5.972167166696647e-10
revisions,43,anticipated_down,etf_only,Duration ETF,4.586971477558019e-10,5.1271681624716974e-09,5.5858653102275e-09,5.563537341070347,2.71933357389219e-10,5.972167166696647e-10
revisions,43,anticipated_down,etf_only,Credit ETF,5.857349424209169e-10,6.329413066657488e-09,6.915148009078404e-09,0.13999581074116413,2.71933357389219e-10,5.972167166696647e-10
revisions,43,anticipated_down,myopic,Equity A,15.00475819926994,-1.7798540419278197e-10,15.004758199091956,-1.2030021622642274e-09,3.402907878005672e-10,2.2058789125195558e-10
revisions,43,anticipated_down,myopic,Equity B,6.5766605449254705,-3.48217288337338e-10,6.576660544577254,-0.02624016239140081,3.402907878005672e-10,2.2058789125195558e-10
revisions,43,anticipated_down,myopic,Duration A,20.399484001485245,4.5996539910220235e-10,20.399484001945208,0.4577398410422125,3.402907878005672e-10,2.2058789125195558e-10
revisions,43,anticipated_down,myopic,Duration B,3.156167723599939e-09,-1.6739652190002366e-09,1.4822025045997023e-09,0.30287811247758933,3.402907878005672e-10,2.2058789125195558e-10
revisions,43,anticipated_down,myopic,Credit A,28.4929370733106,4.467759495696555e-10,28.492937073757375,2.4435030002465153e-09,3.402907878005672e-10,2.2058789125195558e-10
revisions,43,anticipated_down,myopic,Credit B,10.64827276593844,3.113814761590561e-10,10.648272766249821,0.24293766037029713,3.402907878005672e-10,2.2058789125195558e-10
revisions,43,anticipated_down,myopic,Equity ETF,18.877887410837193,-9.05800434658488e-10,18.877887409931393,-6.6838411358667695,3.402907878005672e-10,2.2058789125195558e-10
revisions,43,anticipated_down,myopic,Duration ETF,4.586971477558019e-10,8.227288669232231e-10,1.2814260146790249e-09,5.563537492886009,3.402907878005672e-10,2.2058789125195558e-10
revisions,43,anticipated_down,myopic,Credit ETF,5.857349424209169e-10,7.551384201128918e-10,1.3408733625338087e-09,0.13999581759893762,3.402907878005672e-10,2.2058789125195558e-10
revisions,43,anticipated_down,dynamic,Equity A,15.00475819926994,-5.509592782004802e-10,15.004758198718982,-7.846585868194117e-09,6.602222498952838e-10,8.026199096945655e-10
revisions,43,anticipated_down,dynamic,Equity B,6.5766605449254705,-5.444103501339725e-10,6.576660544381061,-0.026240166056837554,6.602222498952838e-10,8.026199096945655e-10
revisions,43,anticipated_down,dynamic,Duration A,20.399484001485245,9.225856190120396e-09,20.3994840107111,0.4577414227009987,6.602222498952838e-10,8.026199096945655e-10
revisions,43,anticipated_down,dynamic,Duration B,3.156167723599939e-09,-2.6774240743239185e-09,4.787436492760202e-10,0.3028781322169003,6.602222498952838e-10,8.026199096945655e-10
revisions,43,anticipated_down,dynamic,Credit A,28.4929370733106,-5.198341757051139e-10,28.492937072790763,9.392474966509586e-09,6.602222498952838e-10,8.026199096945655e-10
revisions,43,anticipated_down,dynamic,Credit B,10.64827276593844,-5.105513234404668e-10,10.648272765427889,0.2429376687484847,6.602222498952838e-10,8.026199096945655e-10
revisions,43,anticipated_down,dynamic,Equity ETF,18.877887410837193,-4.144598553246226e-09,18.877887406692594,-6.683841126729832,6.602222498952838e-10,8.026199096945655e-10
revisions,43,anticipated_down,dynamic,Duration ETF,4.586971477558019e-10,-4.0205942610327166e-10,5.663772165253027e-11,5.563535827919597,6.602222498952838e-10,8.026199096945655e-10
revisions,43,anticipated_down,dynamic,Credit ETF,5.857349424209169e-10,-5.117490255679053e-10,7.398591685301164e-11,0.13999586485293883,6.602222498952838e-10,8.026199096945655e-10
revisions,44,anticipated_up,etf_only,Equity A,15.00475819926994,-3.0671853945563043e-10,15.004758198963222,7.759313337171213e-09,2.71933357389219e-10,5.972167166696647e-10
revisions,44,anticipated_up,etf_only,Equity B,6.5766605449254705,-3.0671853945563043e-10,6.576660544618752,0.018308896633295286,2.71933357389219e-10,5.972167166696647e-10
revisions,44,anticipated_up,etf_only,Duration A,20.399484001485245,-3.0670188611026106e-10,20.399484001178543,-5.301576689274585,2.71933357389219e-10,5.972167166696647e-10
revisions,44,anticipated_up,etf_only,Duration B,3.156167723599939e-09,-2.934635628122405e-09,2.215320954775342e-10,3.883985680366781e-10,2.71933357389219e-10,5.972167166696647e-10
revisions,44,anticipated_up,etf_only,Credit A,28.4929370733106,-3.0671021278294575e-10,28.492937073003887,-2.892693810822804e-08,2.71933357389219e-10,5.972167166696647e-10
revisions,44,anticipated_up,etf_only,Credit B,10.64827276593844,-3.067060494466034e-10,10.648272765631734,-0.25765655736707344,2.71933357389219e-10,5.972167166696647e-10
revisions,44,anticipated_up,etf_only,Equity ETF,18.877887410837193,-7.233777465920355e-09,18.877887403603417,5.537028203889288,2.71933357389219e-10,5.972167166696647e-10
revisions,44,anticipated_up,etf_only,Duration ETF,4.586971477558019e-10,5.1271681624716974e-09,5.5858653102275e-09,-5.09589554378883e-09,2.71933357389219e-10,5.972167166696647e-10
revisions,44,anticipated_up,etf_only,Credit ETF,5.857349424209169e-10,6.329413066657488e-09,6.915148009078404e-09,-6.026593878520981e-09,2.71933357389219e-10,5.972167166696647e-10
revisions,44,anticipated_up,myopic,Equity A,15.00475819926994,-1.7798540419278197e-10,15.004758199091956,4.2353857593170465e-09,3.402907878005672e-10,2.2058789125195558e-10
revisions,44,anticipated_up,myopic,Equity B,6.5766605449254705,-3.48217288337338e-10,6.576660544577254,0.018308889571648078,3.402907878005672e-10,2.2058789125195558e-10
revisions,44,anticipated_up,myopic,Duration A,20.399484001485245,4.5996539910220235e-10,20.399484001945208,-5.301576723429714,3.402907878005672e-10,2.2058789125195558e-10
revisions,44,anticipated_up,myopic,Duration B,3.156167723599939e-09,-1.6739652190002366e-09,1.4822025045997023e-09,-1.0523844781118764e-09,3.402907878005672e-10,2.2058789125195558e-10
revisions,44,anticipated_up,myopic,Credit A,28.4929370733106,4.467759495696555e-10,28.492937073757375,-1.606602724443076e-08,3.402907878005672e-10,2.2058789125195558e-10
revisions,44,anticipated_up,myopic,Credit B,10.64827276593844,3.113814761590561e-10,10.648272766249821,-0.25765652100712083,3.402907878005672e-10,2.2058789125195558e-10
revisions,44,anticipated_up,myopic,Equity ETF,18.877887410837193,-9.05800434658488e-10,18.877887409931393,5.537028192618812,3.402907878005672e-10,2.2058789125195558e-10
revisions,44,anticipated_up,myopic,Duration ETF,4.586971477558019e-10,8.227288669232231e-10,1.2814260146790249e-09,-1.0582831259237587e-09,3.402907878005672e-10,2.2058789125195558e-10
revisions,44,anticipated_up,myopic,Credit ETF,5.857349424209169e-10,7.551384201128918e-10,1.3408733625338087e-09,-9.187451939426716e-10,3.402907878005672e-10,2.2058789125195558e-10
revisions,44,anticipated_up,dynamic,Equity A,15.00475819926994,2.525757381022231e-12,15.004758199272466,1.7809975973427915e-09,1.5844793210264457e-09,1.7948685386983067e-09
revisions,44,anticipated_up,dynamic,Equity B,6.5766605449254705,1.0140499551170024e-11,6.576660544935612,0.01830889296255969,1.5844793210264457e-09,1.7948685386983067e-09
revisions,44,anticipated_up,dynamic,Duration A,20.399484001485245,-2.2302482083347286e-08,20.39948397918276,-5.301571300879695,1.5844793210264457e-09,1.7948685386983067e-09
revisions,44,anticipated_up,dynamic,Duration B,3.156167723599939e-09,-3.0065026291458515e-09,1.4966509445408735e-10,3.399819554151603e-10,1.5844793210264457e-09,1.7948685386983067e-09
revisions,44,anticipated_up,dynamic,Credit A,28.4929370733106,-2.4390489627990064e-10,28.49293707306669,-1.4809936340558998e-08,1.5844793210264457e-09,1.7948685386983067e-09
revisions,44,anticipated_up,dynamic,Credit B,10.64827276593844,-1.3687662114847399e-11,10.648272765924753,-0.25766391838371755,1.5844793210264457e-09,1.7948685386983067e-09
revisions,44,anticipated_up,dynamic,Equity ETF,18.877887410837193,2.4889659777649342e-08,18.877887435726855,5.537030159908333,1.5844793210264457e-09,1.7948685386983067e-09
revisions,44,anticipated_up,dynamic,Duration ETF,4.586971477558019e-10,-3.625950643792456e-10,9.610208337655628e-11,3.037407817516225e-10,1.5844793210264457e-09,1.7948685386983067e-09
revisions,44,anticipated_up,dynamic,Credit ETF,5.857349424209169e-10,-5.430632733365592e-10,4.267166908435775e-11,5.365222343961251e-10,1.5844793210264457e-09,1.7948685386983067e-09
revisions,45,unchanged,etf_only,Equity A,5.786182409593271,-1.9195062206378566e-11,5.786182409574075,-1.4257339313137288e-09,1.0371329409523721e-09,5.296072515716408e-10
revisions,45,unchanged,etf_only,Equity B,0.5887451075692067,-1.9228802577986315e-11,0.5887451075499779,-1.943392466628261e-09,1.0371329409523721e-09,5.296072515716408e-10
revisions,45,unchanged,etf_only,Duration A,2.3588185685445993e-09,-2.150082404000311e-09,2.0873616454428828e-10,4.608362991694589e-09,1.0371329409523721e-09,5.296072515716408e-10
revisions,45,unchanged,etf_only,Duration B,3.1149729640106726e-10,-2.769789054404101e-10,3.451839096065715e-11,2.1212506266166857e-09,1.0371329409523721e-09,5.296072515716408e-10
revisions,45,unchanged,etf_only,Credit A,14.76690638570102,-1.9195756095768957e-11,14.766906385681825,-9.57167408604458e-11,1.0371329409523721e-09,5.296072515716408e-10
revisions,45,unchanged,etf_only,Credit B,0.28503675256114114,-1.9359470623814268e-11,0.2850367525417817,2.7616309619309335e-05,1.0371329409523721e-09,5.296072515716408e-10
revisions,45,unchanged,etf_only,Equity ETF,43.18687205382186,6.212508285585727e-09,43.18687206003437,-0.043259497081949566,1.0371329409523721e-09,5.296072515716408e-10
revisions,45,unchanged,etf_only,Duration ETF,10.693939341939258,-9.365386244297724e-09,10.693939332573873,0.042854125540519324,1.0371329409523721e-09,5.296072515716408e-10
revisions,45,unchanged,etf_only,Credit ETF,24.692317946116045,4.642367046336915e-09,24.692317950758415,0.00013327066247227704,1.0371329409523721e-09,5.296072515716408e-10
revisions,45,unchanged,myopic,Equity A,5.786182409593271,-1.0976358710834688e-10,5.786182409483507,-1.5219421643092317e-09,2.670639553432422e-10,9.850859359681465e-11
revisions,45,unchanged,myopic,Equity B,0.5887451075692067,-6.210700356779064e-11,0.5887451075070997,-2.094337350229994e-09,2.670639553432422e-10,9.850859359681465e-11
revisions,45,unchanged,myopic,Duration A,2.3588185685445993e-09,-1.1994556142181025e-09,1.1593629543264966e-09,4.1727841056982464e-09,2.670639553432422e-10,9.850859359681465e-11
revisions,45,unchanged,myopic,Duration B,3.1149729640106726e-10,8.600708467765847e-11,3.975043810787257e-10,1.9327895530761695e-09,2.670639553432422e-10,9.850859359681465e-11
revisions,45,unchanged,myopic,Credit A,14.76690638570102,-1.1132761379428757e-11,14.766906385689888,-1.2737751311539026e-10,2.670639553432422e-10,9.850859359681465e-11
revisions,45,unchanged,myopic,Credit B,0.28503675256114114,1.3198934133151763e-10,0.2850367526931305,2.7616710274693666e-05,2.670639553432422e-10,9.850859359681465e-11
revisions,45,unchanged,myopic,Equity ETF,43.18687205382186,5.105638134494939e-10,43.18687205433242,-0.04325949863384689,2.670639553432422e-10,9.850859359681465e-11
revisions,45,unchanged,myopic,Duration ETF,10.693939341939258,6.965539256498232e-11,10.693939342008914,0.0428541256812479,2.670639553432422e-10,9.850859359681465e-11
revisions,45,unchanged,myopic,Credit ETF,24.692317946116045,3.4407199311914383e-10,24.69231794646012,0.00013327173823832208,2.670639553432422e-10,9.850859359681465e-11
revisions,45,unchanged,dynamic,Equity A,5.786182409593271,2.3888530042981415e-10,5.786182409832156,-2.428540891405532e-10,4.3381952264531366e-10,1.6516027130087282e-10
revisions,45,unchanged,dynamic,Equity B,0.5887451075692067,2.4018070518549983e-10,0.5887451078093875,-4.2105789722752054e-10,4.3381952264531366e-10,1.6516027130087282e-10
revisions,45,unchanged,dynamic,Duration A,2.3588185685445993e-09,-2.0501782020548605e-09,3.0864036648973864e-10,1.122727724812005e-09,4.3381952264531366e-10,1.6516027130087282e-10
revisions,45,unchanged,dynamic,Duration B,3.1149729640106726e-10,3.6525697713181514e-11,3.480229941142488e-10,5.040316270869931e-10,4.3381952264531366e-10,1.6516027130087282e-10
revisions,45,unchanged,dynamic,Credit A,14.76690638570102,2.3781532298983166e-10,14.766906385938835,-1.6456415705443413e-11,4.3381952264531366e-10,1.6516027130087282e-10
revisions,45,unchanged,dynamic,Credit B,0.28503675256114114,2.399151623894147e-10,0.28503675280105634,2.7890010427242337e-05,4.3381952264531366e-10,1.6516027130087282e-10
revisions,45,unchanged,dynamic,Equity ETF,43.18687205382186,1.7249535133601057e-10,43.18687205399435,-0.0432597673668135,4.3381952264531366e-10,1.6516027130087282e-10
revisions,45,unchanged,dynamic,Duration ETF,10.693939341939258,2.3925167402794045e-10,10.69393934217851,0.0428541208445864,4.3381952264531366e-10,1.6516027130087282e-10
revisions,45,unchanged,dynamic,Credit ETF,24.692317946116045,2.3751556277318286e-10,24.692317946353562,0.00013327243668025666,4.3381952264531366e-10,1.6516027130087282e-10
revisions,46,premium_down_persistent,etf_only,Equity A,5.786182409593271,-2.4778790130852713e-12,5.7861824095907926,-2.3706657329075823e-09,1.4210381867529528e-09,0.3494776424409833
revisions,46,premium_down_persistent,etf_only,Equity B,0.5887451075692067,-1.846179459308317e-12,0.5887451075673605,-0.020525615882079986,1.4210381867529528e-09,0.3494776424409833
revisions,46,premium_down_persistent,etf_only,Duration A,2.3588185685445993e-09,-2.1646727461689864e-09,1.9414582237561266e-10,2.4988898723371507e-09,1.4210381867529528e-09,0.3494776424409833
revisions,46,premium_down_persistent,etf_only,Duration B,3.1149729640106726e-10,-2.8217488768861385e-10,2.932240871245342e-11,8.19029959192237e-10,1.4210381867529528e-09,0.3494776424409833
revisions,46,premium_down_persistent,etf_only,Credit A,14.76690638570102,1.4627188349436437e-12,14.766906385702484,2.3823996402204555e-10,1.4210381867529528e-09,0.3494776424409833
revisions,46,premium_down_persistent,etf_only,Credit B,0.28503675256114114,1.779089028874914e-12,0.2850367525629202,0.07038493195207175,1.4210381867529528e-09,0.3494776424409833
revisions,46,premium_down_persistent,etf_only,Equity ETF,43.18687205382186,-8.738688445641385,34.44818360818047,-0.6905658870035689,1.4210381867529528e-09,0.3494776424409833
revisions,46,premium_down_persistent,etf_only,Duration ETF,10.693939341939258,8.735193624427708,19.429132966366964,0.5621385756152731,1.4210381867529528e-09,0.3494776424409833
revisions,46,premium_down_persistent,etf_only,Credit ETF,24.692317946116045,4.584403690000016e-08,24.692317991960085,0.0781682929164088,1.4210381867529528e-09,0.3494776424409833
revisions,46,premium_down_persistent,myopic,Equity A,5.786182409593271,-5.29390420389575e-10,5.78618240906388,-2.5959986218295583e-09,1.6952402006578833e-10,0.3494776419279123
revisions,46,premium_down_persistent,myopic,Equity B,0.5887451075692067,-5.594543925346862e-10,0.5887451070097524,-0.020525616014185875,1.6952402006578833e-10,0.3494776419279123
revisions,46,premium_down_persistent,myopic,Duration A,2.3588185685445993e-09,-4.4824016366660864e-10,1.9105784048779905e-09,1.9785636958383106e-09,1.6952402006578833e-10,0.3494776419279123
revisions,46,premium_down_persistent,myopic,Duration B,3.1149729640106726e-10,1.7756423061113528e-10,4.890615270122026e-10,6.464862948786627e-10,1.6952402006578833e-10,0.3494776419279123
revisions,46,premium_down_persistent,myopic,Credit A,14.76690638570102,1.7637835636463706e-10,14.766906385877398,3.1955316093851893e-10,1.6952402006578833e-10,0.3494776419279123
revisions,46,premium_down_persistent,myopic,Credit B,0.28503675256114114,-1.6240810779555304e-10,0.28503675239873305,0.07038493249445565,1.6952402006578833e-10,0.3494776419279123
revisions,46,premium_down_persistent,myopic,Equity ETF,43.18687205382186,-8.7386884332387,34.44818362058316,-0.6905659034188879,1.6952402006578833e-10,0.3494776419279123
revisions,46,premium_down_persistent,myopic,Duration ETF,10.693939341939258,8.735193652416976,19.429132994356234,0.5621385887229384,1.6952402006578833e-10,0.3494776419279123
revisions,46,premium_down_persistent,myopic,Credit ETF,24.692317946116045,5.606348718600884e-09,24.692317951722394,0.07816829522098508,1.6952402006578833e-10,0.3494776419279123
revisions,46,premium_down_persistent,dynamic,Equity A,5.786182409593271,-2.9976021664879227e-12,5.786182409590273,-9.455130271193812e-10,7.338833391630408e-10,0.3967951367837153
revisions,46,premium_down_persistent,dynamic,Equity B,0.5887451075692067,5.368969158148218e-12,0.5887451075745757,-0.0006415197397277704,7.338833391630408e-10,0.3967951367837153
revisions,46,premium_down_persistent,dynamic,Duration A,2.3588185685445993e-09,-2.121131908356194e-09,2.376866601884052e-10,3.326483862196293e-09,7.338833391630408e-10,0.3967951367837153
revisions,46,premium_down_persistent,dynamic,Duration B,3.1149729640106726e-10,-1.8928552258954554e-10,1.2221177381152171e-10,1.654869630982573e-09,7.338833391630408e-10,0.3967951367837153
revisions,46,premium_down_persistent,dynamic,Credit A,14.76690638570102,2.761679773755077e-12,14.766906385703782,4.3466044164147863e-10,7.338833391630408e-10,0.3967951367837153
revisions,46,premium_down_persistent,dynamic,Credit B,0.28503675256114114,1.2268354734890075e-11,0.2850367525734095,0.026712376198026362,7.338833391630408e-10,0.3967951367837153
revisions,46,premium_down_persistent,dynamic,Equity ETF,43.18687205382186,-9.921862391566027,33.26500966225583,-0.18045488344907348,7.338833391630408e-10,0.3967951367837153
revisions,46,premium_down_persistent,dynamic,Duration ETF,10.693939341939258,9.917894441749041,20.6118337836883,0.1250444883756725,7.338833391630408e-10,0.3967951367837153
revisions,46,premium_down_persistent,dynamic,Credit ETF,24.692317946116045,3.615996391204135e-11,24.692317946152205,0.02914062317749223,7.338833391630408e-10,0.3967951367837153
revisions,47,premium_up_persistent,etf_only,Equity A,5.786182409593271,6.605826996519681e-13,5.786182409593931,7.583142720367721e-10,1.2490307900914384e-09,0.3496008780277023
revisions,47,premium_up_persistent,etf_only,Equity B,0.5887451075692067,4.864164626638967e-13,0.5887451075696931,0.0034025697301993665,1.2490307900914384e-09,0.3496008780277023
revisions,47,premium_up_persistent,etf_only,Duration A,2.3588185685445993e-09,-2.1686426240609495e-09,1.9017594448364978e-10,9.443786743839452e-10,1.2490307900914384e-09,0.3496008780277023
revisions,47,premium_up_persistent,etf_only,Duration B,3.1149729640106726e-10,-2.8448356807871583e-10,2.701372832235142e-11,7.089265454747405e-10,1.2490307900914384e-09,0.3496008780277023
revisions,47,premium_up_persistent,etf_only,Credit A,14.76690638570102,-3.83026943495679e-13,14.766906385700636,-4.1223860102273033e-10,1.2490307900914384e-09,0.3496008780277023
revisions,47,premium_up_persistent,etf_only,Credit B,0.28503675256114114,-4.838577455368309e-13,0.2850367525606573,-0.010706122933851763,1.2490307900914384e-09,0.3496008780277023
revisions,47,premium_up_persistent,etf_only,Equity ETF,43.18687205382186,8.73827394384934,51.925145997671194,0.19232039781953347,1.2490307900914384e-09,0.3496008780277023
revisions,47,premium_up_persistent,etf_only,Duration ETF,10.693939341939258,-8.741769949606319,1.9521693923329413,0.21711441600778536,1.2490307900914384e-09,0.3496008780277023
revisions,47,premium_up_persistent,etf_only,Credit ETF,24.692317946116045,-1.791605752643477e-09,24.69231794432444,-0.402478646410643,1.2490307900914384e-09,0.3496008780277023
revisions,47,premium_up_persistent,myopic,Equity A,5.786182409593271,7.87357679055134e-10,5.786182410380628,8.602848548631096e-10,5.586283328008323e-10,0.34960087811143364
revisions,47,premium_up_persistent,myopic,Equity B,0.5887451075692067,7.025022057127739e-10,0.5887451082717089,0.0034025732020000307,5.586283328008323e-10,0.34960087811143364
revisions,47,premium_up_persistent,myopic,Duration A,2.3588185685445993e-09,-1.2504425863352582e-09,1.108375982209341e-09,3.4449387149572457e-10,5.586283328008323e-10,0.34960087811143364
revisions,47,premium_up_persistent,myopic,Duration B,3.1149729640106726e-10,2.3698824190691636e-10,5.484855383079837e-10,3.509876745289877e-10,5.586283328008323e-10,0.34960087811143364
revisions,47,premium_up_persistent,myopic,Credit A,14.76690638570102,-2.9606594953435206e-10,14.766906385404955,-4.482517623543917e-10,5.586283328008323e-10,0.34960087811143364
revisions,47,premium_up_persistent,myopic,Credit B,0.28503675256114114,1.408481838105491e-10,0.28503675270198936,-0.010706122735329922,5.586283328008323e-10,0.34960087811143364
revisions,47,premium_up_persistent,myopic,Equity ETF,43.18687205382186,8.738273943701557,51.925145997523416,0.192320401130858,5.586283328008323e-10,0.34960087811143364
revisions,47,premium_up_persistent,myopic,Duration ETF,10.693939341939258,-8.741769946067398,1.9521693958718604,0.21711440954946043,5.586283328008323e-10,0.34960087811143364
revisions,47,premium_up_persistent,myopic,Credit ETF,24.692317946116045,-7.267211832306941e-09,24.692317938848834,-0.4024786469567438,5.586283328008323e-10,0.34960087811143364
revisions,47,premium_up_persistent,dynamic,Equity A,5.786182409593271,5.52960455202367e-12,5.7861824095988,1.4495099918451253e-10,8.29361403230193e-10,0.37863633835442423
revisions,47,premium_up_persistent,dynamic,Equity B,0.5887451075692067,1.2812147176521904e-11,0.5887451075820189,3.9464047284523125e-10,8.29361403230193e-10,0.37863633835442423
revisions,47,premium_up_persistent,dynamic,Duration A,2.3588185685445993e-09,-2.232516827284067e-09,1.2630174126053238e-10,6.657450310861986e-10,8.29361403230193e-10,0.37863633835442423
revisions,47,premium_up_persistent,dynamic,Duration B,3.1149729640106726e-10,-2.833865845518187e-10,2.8110711849248587e-11,4.848890729684404e-10,8.29361403230193e-10,0.37863633835442423
revisions,47,premium_up_persistent,dynamic,Credit A,14.76690638570102,-9.270362255620057e-13,14.766906385700093,-1.8948506601228163e-10,8.29361403230193e-10,0.37863633835442423
revisions,47,premium_up_persistent,dynamic,Credit B,0.28503675256114114,1.6763066629232881e-12,0.28503675256281746,-0.005259653829914699,8.29361403230193e-10,0.37863633835442423
revisions,47,premium_up_persistent,dynamic,Equity ETF,43.18687205382186,9.464015274845439,52.650887328667295,0.06905123123342403,8.29361403230193e-10,0.37863633835442423
revisions,47,premium_up_persistent,dynamic,Duration ETF,10.693939341939258,-9.467801635709394,1.2261377062298648,0.3167375752065506,8.29361403230193e-10,0.37863633835442423
revisions,47,premium_up_persistent,dynamic,Credit ETF,24.692317946116045,-8.242601046148934e-10,24.692317945291787,-0.3808535659200358,8.29361403230193e-10,0.37863633835442423
revisions,48,premium_down_reverting,etf_only,Equity A,5.786182409593271,-2.4778790130852713e-12,5.7861824095907926,-2.074555864351005e-09,1.4210381867529528e-09,0.3494776424409833
revisions,48,premium_down_reverting,etf_only,Equity B,0.5887451075692067,-1.846179459308317e-12,0.5887451075673605,-2.098286126777189e-09,1.4210381867529528e-09,0.3494776424409833
revisions,48,premium_down_reverting,etf_only,Duration A,2.3588185685445993e-09,-2.1646727461689864e-09,1.9414582237561266e-10,4.5381824748150256e-09,1.4210381867529528e-09,0.3494776424409833
revisions,48,premium_down_reverting,etf_only,Duration B,3.1149729640106726e-10,-2.8217488768861385e-10,2.932240871245342e-11,2.024784776774573e-09,1.4210381867529528e-09,0.3494776424409833
revisions,48,premium_down_reverting,etf_only,Credit A,14.76690638570102,1.4627188349436437e-12,14.766906385702484,2.4128653678977004e-10,1.4210381867529528e-09,0.3494776424409833
revisions,48,premium_down_reverting,etf_only,Credit B,0.28503675256114114,1.779089028874914e-12,0.2850367525629202,5.90879280242179e-06,1.4210381867529528e-09,0.3494776424409833
revisions,48,premium_down_reverting,etf_only,Equity ETF,43.18687205382186,-8.738688445641385,34.44818360818047,-0.03164268876467854,1.4210381867529528e-09,0.3494776424409833
revisions,48,premium_down_reverting,etf_only,Duration ETF,10.693939341939258,8.735193624427708,19.429132966366964,0.03146309249964377,1.4210381867529528e-09,0.3494776424409833
revisions,48,premium_down_reverting,etf_only,Credit ETF,24.692317946116045,4.584403690000016e-08,24.692317991960085,5.7117981923422805e-08,1.4210381867529528e-09,0.3494776424409833
revisions,48,premium_down_reverting,myopic,Equity A,5.786182409593271,-5.29390420389575e-10,5.78618240906388,-1.3693748343976096e-09,1.6952402006578833e-10,0.3494776419279123
revisions,48,premium_down_reverting,myopic,Equity B,0.5887451075692067,-5.594543925346862e-10,0.5887451070097524,-1.5430036315656678e-09,1.6952402006578833e-10,0.3494776419279123
revisions,48,premium_down_reverting,myopic,Duration A,2.3588185685445993e-09,-4.4824016366660864e-10,1.9105784048779905e-09,1.9314547003193122e-09,1.6952402006578833e-10,0.3494776419279123
revisions,48,premium_down_reverting,myopic,Duration B,3.1149729640106726e-10,1.7756423061113528e-10,4.890615270122026e-10,1.0622308217106092e-09,1.6952402006578833e-10,0.3494776419279123
revisions,48,premium_down_reverting,myopic,Credit A,14.76690638570102,1.7637835636463706e-10,14.766906385877398,2.641749730492439e-10,1.6952402006578833e-10,0.3494776419279123
revisions,48,premium_down_reverting,myopic,Credit B,0.28503675256114114,-1.6240810779555304e-10,0.28503675239873305,5.901091369470475e-06,1.6952402006578833e-10,0.3494776419279123
revisions,48,premium_down_reverting,myopic,Equity ETF,43.18687205382186,-8.7386884332387,34.44818362058316,-0.03164266705576592,1.6952402006578833e-10,0.3494776419279123
revisions,48,premium_down_reverting,myopic,Duration ETF,10.693939341939258,8.735193652416976,19.429132994356234,0.03146309251262848,1.6952402006578833e-10,0.3494776419279123
revisions,48,premium_down_reverting,myopic,Credit ETF,24.692317946116045,5.606348718600884e-09,24.692317951722394,4.3820127291421165e-08,1.6952402006578833e-10,0.3494776419279123
revisions,48,premium_down_reverting,dynamic,Equity A,5.786182409593271,-1.5480672299617027e-12,5.7861824095917225,-1.2701232009296293e-10,-4.5868530870220303e-10,0.3561154044249403
revisions,48,premium_down_reverting,dynamic,Equity B,0.5887451075692067,-8.501012394024343e-13,0.5887451075683566,-2.1559624624737446e-10,-4.5868530870220303e-10,0.3561154044249403
revisions,48,premium_down_reverting,dynamic,Duration A,2.3588185685445993e-09,-1.2074236109546445e-09,1.1513949575899545e-09,4.567072634360561e-10,-4.5868530870220303e-10,0.3561154044249403
revisions,48,premium_down_reverting,dynamic,Duration B,3.1149729640106726e-10,-1.4681257706021776e-10,1.6468471934084953e-10,5.421514725327997e-10,-4.5868530870220303e-10,0.3561154044249403
revisions,48,premium_down_reverting,dynamic,Credit A,14.76690638570102,1.1629586182948515e-12,14.766906385702184,2.8528523422211817e-11,-4.5868530870220303e-10,0.3561154044249403
revisions,48,premium_down_reverting,dynamic,Credit B,0.28503675256114114,1.7072281088825747e-12,0.2850367525628484,3.015913980784373e-10,-4.5868530870220303e-10,0.3561154044249403
revisions,48,premium_down_reverting,dynamic,Equity ETF,43.18687205382186,-8.904665685026087,34.28220636879577,-0.01767493830890079,-4.5868530870220303e-10,0.3561154044249403
revisions,48,premium_down_reverting,dynamic,Duration ETF,10.693939341939258,8.901104532807018,19.595043874746278,0.01750265390274945,-4.5868530870220303e-10,0.3561154044249403
revisions,48,premium_down_reverting,dynamic,Credit ETF,24.692317946116045,1.5146217613448698e-11,24.692317946131194,3.297456572196559e-10,-4.5868530870220303e-10,0.3561154044249403
revisions,49,premium_up_reverting,etf_only,Equity A,5.786182409593271,6.605826996519681e-13,5.786182409593931,-2.0867959655803925e-10,1.2490307900914384e-09,0.3496008780277023
revisions,49,premium_up_reverting,etf_only,Equity B,0.5887451075692067,4.864164626638967e-13,0.5887451075696931,-7.352624242235272e-10,1.2490307900914384e-09,0.3496008780277023
revisions,49,premium_up_reverting,etf_only,Duration A,2.3588185685445993e-09,-2.1686426240609495e-09,1.9017594448364978e-10,7.905481006899453e-10,1.2490307900914384e-09,0.3496008780277023
revisions,49,premium_up_reverting,etf_only,Duration B,3.1149729640106726e-10,-2.8448356807871583e-10,2.701372832235142e-11,4.4845487511045993e-10,1.2490307900914384e-09,0.3496008780277023
revisions,49,premium_up_reverting,etf_only,Credit A,14.76690638570102,-3.83026943495679e-13,14.766906385700636,7.217581085263957e-11,1.2490307900914384e-09,0.3496008780277023
revisions,49,premium_up_reverting,etf_only,Credit B,0.28503675256114114,-4.838577455368309e-13,0.2850367525606573,9.816282691809441e-05,1.2490307900914384e-09,0.3496008780277023
revisions,49,premium_up_reverting,etf_only,Equity ETF,43.18687205382186,8.73827394384934,51.925145997671194,-0.06578643626189667,1.2490307900914384e-09,0.3496008780277023
revisions,49,premium_up_reverting,etf_only,Duration ETF,10.693939341939258,-8.741769949606319,1.9521693923329413,0.3411378143516516,1.2490307900914384e-09,0.3496008780277023
revisions,49,premium_up_reverting,etf_only,Credit ETF,24.692317946116045,-1.791605752643477e-09,24.69231794432444,-0.2757618646664125,1.2490307900914384e-09,0.3496008780277023
revisions,49,premium_up_reverting,myopic,Equity A,5.786182409593271,7.87357679055134e-10,5.786182410380628,-2.831442047773334e-10,5.586283328008323e-10,0.34960087811143364
revisions,49,premium_up_reverting,myopic,Equity B,0.5887451075692067,7.025022057127739e-10,0.5887451082717089,-1.0582564804529e-09,5.586283328008323e-10,0.34960087811143364
revisions,49,premium_up_reverting,myopic,Duration A,2.3588185685445993e-09,-1.2504425863352582e-09,1.108375982209341e-09,3.2232241750776877e-10,5.586283328008323e-10,0.34960087811143364
revisions,49,premium_up_reverting,myopic,Duration B,3.1149729640106726e-10,2.3698824190691636e-10,5.484855383079837e-10,1.1084810603613194e-10,5.586283328008323e-10,0.34960087811143364
revisions,49,premium_up_reverting,myopic,Credit A,14.76690638570102,-2.9606594953435206e-10,14.766906385404955,4.7383746874744835e-11,5.586283328008323e-10,0.34960087811143364
revisions,49,premium_up_reverting,myopic,Credit B,0.28503675256114114,1.408481838105491e-10,0.28503675270198936,9.816320971441814e-05,5.586283328008323e-10,0.34960087811143364
revisions,49,premium_up_reverting,myopic,Equity ETF,43.18687205382186,8.738273943701557,51.925145997523416,-0.06578643855466763,5.586283328008323e-10,0.34960087811143364
revisions,49,premium_up_reverting,myopic,Duration ETF,10.693939341939258,-8.741769946067398,1.9521693958718604,0.3411378155552055,5.586283328008323e-10,0.34960087811143364
revisions,49,premium_up_reverting,myopic,Credit ETF,24.692317946116045,-7.267211832306941e-09,24.692317938848834,-0.2757618635899142,5.586283328008323e-10,0.34960087811143364
revisions,49,premium_up_reverting,dynamic,Equity A,5.786182409593271,2.2291890555692362e-11,5.786182409615562,-4.413416487979313e-10,8.196429524139591e-10,0.33713485176800495
revisions,49,premium_up_reverting,dynamic,Equity B,0.5887451075692067,3.757046757035809e-11,0.5887451076067772,-8.871009050472619e-10,8.196429524139591e-10,0.33713485176800495
revisions,49,premium_up_reverting,dynamic,Duration A,2.3588185685445993e-09,-2.217444828766755e-09,1.413737397778439e-10,2.7933388329196483e-09,8.196429524139591e-10,0.33713485176800495
revisions,49,premium_up_reverting,dynamic,Duration B,3.1149729640106726e-10,-2.9127273802076413e-10,2.0224558380303134e-11,1.7682400437317826e-09,8.196429524139591e-10,0.33713485176800495
revisions,49,premium_up_reverting,dynamic,Credit A,14.76690638570102,-3.0975222387041867e-12,14.766906385697922,-2.9790631767001606e-10,8.196429524139591e-10,0.33713485176800495
revisions,49,premium_up_reverting,dynamic,Credit B,0.28503675256114114,1.8312608374149164e-12,0.2850367525629724,-4.579737583611469e-10,8.196429524139591e-10,0.33713485176800495
revisions,49,premium_up_reverting,dynamic,Equity ETF,43.18687205382186,8.426685617553575,51.61355767137543,-0.03866682208242471,8.196429524139591e-10,0.33713485176800495
revisions,49,premium_up_reverting,dynamic,Duration ETF,10.693939341939258,-8.430056964313803,2.263882377625455,0.31119437717226556,8.196429524139591e-10,0.33713485176800495
revisions,49,premium_up_reverting,dynamic,Credit ETF,24.692317946116045,-9.909573162047991e-11,24.69231794601695,-0.272836817437508,8.196429524139591e-10,0.33713485176800495
revisions,50,alpha_up,etf_only,Equity A,5.786182409593271,7.5169037661027e-12,5.786182409600787,0.3103612786027071,1.0421530509028756e-09,5.279136873266811e-10
revisions,50,alpha_up,etf_only,Equity B,0.5887451075692067,-1.646330641258409e-11,0.5887451075527435,-3.5292105330153406e-05,1.0421530509028756e-09,5.279136873266811e-10
revisions,50,alpha_up,etf_only,Duration A,2.3588185685445993e-09,-2.1498627875522556e-09,2.0895578099234368e-10,7.397029221458705e-10,1.0421530509028756e-09,5.279136873266811e-10
revisions,50,alpha_up,etf_only,Duration B,3.1149729640106726e-10,-2.7674599086457173e-10,3.475130553649551e-11,3.924174675676577e-10,1.0421530509028756e-09,5.279136873266811e-10
revisions,50,alpha_up,etf_only,Credit A,14.76690638570102,-1.643407632201388e-11,14.766906385684585,-5.305979421264975e-11,1.0421530509028756e-09,5.279136873266811e-10
revisions,50,alpha_up,etf_only,Credit B,0.28503675256114114,-1.6593627513716847e-11,0.2850367525445475,-0.0009400813062816031,1.0421530509028756e-09,5.279136873266811e-10
revisions,50,alpha_up,etf_only,Equity ETF,43.18687205382186,6.1925742311785825e-09,43.18687206001443,-0.35642655731061706,1.0421530509028756e-09,5.279136873266811e-10
revisions,50,alpha_up,etf_only,Duration ETF,10.693939341939258,-9.36880711899235e-09,10.693939332570451,0.04966237471612941,1.0421530509028756e-09,5.279136873266811e-10
revisions,50,alpha_up,etf_only,Credit ETF,24.692317946116045,4.625261285085003e-09,24.69231795074131,-0.002970245645029389,1.0421530509028756e-09,5.279136873266811e-10
revisions,50,alpha_up,myopic,Equity A,5.786182409593271,1.0760933810693984e-08,5.786182420354204,0.31036128700850585,4.2612429575529983e-10,8.35826014049769e-10
revisions,50,alpha_up,myopic,Equity B,0.5887451075692067,-3.074459090091075e-10,0.5887451072617609,-3.529386266848327e-05,4.2612429575529983e-10,8.35826014049769e-10
revisions,50,alpha_up,myopic,Duration A,2.3588185685445993e-09,-1.2961770355927528e-09,1.0626415329518463e-09,2.031519467015467e-10,4.2612429575529983e-10,8.35826014049769e-10
revisions,50,alpha_up,myopic,Duration B,3.1149729640106726e-10,1.2150297785571842e-10,4.330002742567857e-10,1.1868914478219833e-10,4.2612429575529983e-10,8.35826014049769e-10
revisions,50,alpha_up,myopic,Credit A,14.76690638570102,-3.943956272678406e-10,14.766906385306624,-1.2816892608963972e-10,4.2612429575529983e-10,8.35826014049769e-10
revisions,50,alpha_up,myopic,Credit B,0.28503675256114114,-1.994261526749863e-10,0.285036752361715,-0.0009400802185178044,4.2612429575529983e-10,8.35826014049769e-10
revisions,50,alpha_up,myopic,Equity ETF,43.18687205382186,-6.823930309707293e-10,43.18687205313946,-0.35642655807731777,4.2612429575529983e-10,8.35826014049769e-10
revisions,50,alpha_up,myopic,Duration ETF,10.693939341939258,-5.15289755309567e-09,10.69393933678636,0.0496623738545407,4.2612429575529983e-10,8.35826014049769e-10
revisions,50,alpha_up,myopic,Credit ETF,24.692317946116045,-3.2563063356860766e-09,24.69231794285974,-0.002970251621641011,4.2612429575529983e-10,8.35826014049769e-10
revisions,50,alpha_up,dynamic,Equity A,5.786182409593271,3.518129405872151,9.304311815465422,0.19732076976908086,5.991780923958641e-10,0.24631832214442909
revisions,50,alpha_up,dynamic,Equity B,0.5887451075692067,1.400095317460881e-11,0.5887451075832076,-2.428681076136317e-09,5.991780923958641e-10,0.24631832214442909
revisions,50,alpha_up,dynamic,Duration A,2.3588185685445993e-09,-1.5441069114355985e-09,8.147116571090006e-10,3.907007217086814e-09,5.991780923958641e-10,0.24631832214442909
revisions,50,alpha_up,dynamic,Duration B,3.1149729640106726e-10,-2.7818605940305154e-10,3.331123699801571e-11,2.541830068540836e-09,5.991780923958641e-10,0.24631832214442909
revisions,50,alpha_up,dynamic,Credit A,14.76690638570102,-3.932965064734617e-12,14.766906385697087,-1.056193005997293e-10,5.991780923958641e-10,0.24631832214442909
revisions,50,alpha_up,dynamic,Credit B,0.28503675256114114,2.1364160440739965e-11,0.2850367525825053,0.0004995459995155289,5.991780923958641e-10,0.24631832214442909
revisions,50,alpha_up,dynamic,Equity ETF,43.18687205382186,-3.5205925878422697,39.666279465979585,-0.2637840005476157,5.991780923958641e-10,0.24631832214442909
revisions,50,alpha_up,dynamic,Duration ETF,10.693939341939258,6.532274721138265e-12,10.693939341945791,0.06512048845859521,5.991780923958641e-10,0.24631832214442909
revisions,50,alpha_up,dynamic,Credit ETF,24.692317946116045,-3.8297143234444775e-11,24.69231794607775,0.0005394160007629573,5.991780923958641e-10,0.24631832214442909
revisions,51,alpha_down,etf_only,Equity A,5.786182409593271,-4.5766862522000906e-11,5.786182409547504,-0.44248252079633554,1.0326971982483699e-09,5.320317552888932e-10
revisions,51,alpha_down,etf_only,Equity B,0.5887451075692067,-2.1936966132507507e-11,0.5887451075472697,0.0023863116014176677,1.0326971982483699e-09,5.320317552888932e-10
revisions,51,alpha_down,etf_only,Duration A,2.3588185685445993e-09,-2.1503291647652427e-09,2.0848940377935633e-10,2.811479420750516e-09,1.0326971982483699e-09,5.320317552888932e-10
revisions,51,alpha_down,etf_only,Duration B,3.1149729640106726e-10,-2.772253607965383e-10,3.427193560452897e-11,1.1348406898053751e-09,1.0326971982483699e-09,5.320317552888932e-10
revisions,51,alpha_down,etf_only,Credit A,14.76690638570102,-2.19074758334159e-11,14.766906385679112,4.795097061186072e-10,1.0326971982483699e-09,5.320317552888932e-10
revisions,51,alpha_down,etf_only,Credit B,0.28503675256114114,-2.2067504074074762e-11,0.2850367525390736,0.029089332786717163,1.0326971982483699e-09,5.320317552888932e-10
revisions,51,alpha_down,etf_only,Equity ETF,43.18687205382186,6.2321148242006075e-09,43.18687206005397,0.324132521797098,1.0326971982483699e-09,5.320317552888932e-10
revisions,51,alpha_down,etf_only,Duration ETF,10.693939341939258,-9.362205455332173e-09,10.693939332577052,0.05008948173037152,1.0326971982483699e-09,5.320317552888932e-10
revisions,51,alpha_down,etf_only,Credit ETF,24.692317946116045,4.6591841496024244e-09,24.69231795077523,0.036350439656165016,1.0326971982483699e-09,5.320317552888932e-10
revisions,51,alpha_down,myopic,Equity A,5.786182409593271,-1.0923201232415636e-08,5.78618239867007,-0.44248252002890276,3.861383401131178e-10,8.301126397421557e-10
revisions,51,alpha_down,myopic,Equity B,0.5887451075692067,1.580206451801125e-10,0.5887451077272274,0.0023863158637775694,3.861383401131178e-10,8.301126397421557e-10
revisions,51,alpha_down,myopic,Duration A,2.3588185685445993e-09,-5.018733411924824e-10,1.8569452273521168e-09,2.1692899867345025e-09,3.861383401131178e-10,8.301126397421557e-10
revisions,51,alpha_down,myopic,Duration B,3.1149729640106726e-10,3.89824738846649e-10,7.013220352477163e-10,7.934049859636648e-10,3.861383401131178e-10,8.301126397421557e-10
revisions,51,alpha_down,myopic,Credit A,14.76690638570102,3.512107271674836e-10,14.76690638605223,5.555549204828413e-10,3.861383401131178e-10,8.301126397421557e-10
revisions,51,alpha_down,myopic,Credit B,0.28503675256114114,3.572323860334681e-10,0.28503675291837355,0.029089332283947073,3.861383401131178e-10,8.301126397421557e-10
revisions,51,alpha_down,myopic,Equity ETF,43.18687205382186,1.0093814672984536e-09,43.18687205483124,0.3241325078038416,3.861383401131178e-10,8.301126397421557e-10
revisions,51,alpha_down,myopic,Duration ETF,10.693939341939258,4.524179642029225e-09,10.693939346463438,0.050089489285211605,3.861383401131178e-10,8.301126397421557e-10
revisions,51,alpha_down,myopic,Credit ETF,24.692317946116045,4.268663200690526e-09,24.69231795038471,0.036350441626403225,3.861383401131178e-10,8.301126397421557e-10
revisions,51,alpha_down,dynamic,Equity A,5.786182409593271,-3.6850431642157857,2.1011392453774844,-0.11065209623155937,9.395438281409796e-10,0.2579014413662154
revisions,51,alpha_down,dynamic,Equity B,0.5887451075692067,1.1447526954144749e-11,0.5887451075806542,4.1967195496475084e-11,9.395438281409796e-10,0.2579014413662154
revisions,51,alpha_down,dynamic,Duration A,2.3588185685445993e-09,-2.214156816578825e-09,1.446617519657743e-10,3.0944625485914033e-09,9.395438281409796e-10,0.2579014413662154
revisions,51,alpha_down,dynamic,Duration B,3.1149729640106726e-10,-2.925293667694701e-10,1.8967929631597163e-11,1.8566838571485737e-09,9.395438281409796e-10,0.2579014413662154
revisions,51,alpha_down,dynamic,Credit A,14.76690638570102,4.085620730620576e-12,14.766906385705106,8.074125858644381e-11,9.395438281409796e-10,0.2579014413662154
revisions,51,alpha_down,dynamic,Credit B,0.28503675256114114,5.6098355127875976e-11,0.2850367526172395,0.0003462933206914621,9.395438281409796e-10,0.2579014413662154
revisions,51,alpha_down,dynamic,Equity ETF,43.18687205382186,3.619325823324476,46.80619787714633,0.09081875776513772,9.395438281409796e-10,0.2579014413662154
revisions,51,alpha_down,dynamic,Duration ETF,10.693939341939258,0.06313660663841425,10.757075948577672,0.018694893633771064,9.395438281409796e-10,0.2579014413662154
revisions,51,alpha_down,dynamic,Credit ETF,24.692317946116045,1.721362621887046e-06,24.692319667478667,0.0005195891563884403,9.395438281409796e-10,0.2579014413662154
revisions,52,anticipated_down,etf_only,Equity A,5.786182409593271,-1.9195062206378566e-11,5.786182409574075,-1.3720696116693087e-09,1.0371329409523721e-09,5.296072515716408e-10
revisions,52,anticipated_down,etf_only,Equity B,0.5887451075692067,-1.9228802577986315e-11,0.5887451075499779,-0.02055811946903973,1.0371329409523721e-09,5.296072515716408e-10
revisions,52,anticipated_down,etf_only,Duration A,2.3588185685445993e-09,-2.150082404000311e-09,2.0873616454428828e-10,2.1527078759139976e-09,1.0371329409523721e-09,5.296072515716408e-10
revisions,52,anticipated_down,etf_only,Duration B,3.1149729640106726e-10,-2.769789054404101e-10,3.451839096065715e-11,7.767264498533487e-10,1.0371329409523721e-09,5.296072515716408e-10
revisions,52,anticipated_down,etf_only,Credit A,14.76690638570102,-1.9195756095768957e-11,14.766906385681825,6.390112654554557e-10,1.0371329409523721e-09,5.296072515716408e-10
revisions,52,anticipated_down,etf_only,Credit B,0.28503675256114114,-1.9359470623814268e-11,0.2850367525417817,0.17424027172325596,1.0371329409523721e-09,5.296072515716408e-10
revisions,52,anticipated_down,etf_only,Equity ETF,43.18687205382186,6.212508285585727e-09,43.18687206003437,-9.335793980840212,1.0371329409523721e-09,5.296072515716408e-10
revisions,52,anticipated_down,etf_only,Duration ETF,10.693939341939258,-9.365386244297724e-09,10.693939332573873,9.021765014466396,1.0371329409523721e-09,5.296072515716408e-10
revisions,52,anticipated_down,etf_only,Credit ETF,24.692317946116045,4.642367046336915e-09,24.692317950758415,0.15654659265056353,1.0371329409523721e-09,5.296072515716408e-10
revisions,52,anticipated_down,myopic,Equity A,5.786182409593271,-1.0976358710834688e-10,5.786182409483507,-1.6725727204342362e-09,2.670639553432422e-10,9.850859359681465e-11
revisions,52,anticipated_down,myopic,Equity B,0.5887451075692067,-6.210700356779064e-11,0.5887451075070997,-0.020558119538235317,2.670639553432422e-10,9.850859359681465e-11
revisions,52,anticipated_down,myopic,Duration A,2.3588185685445993e-09,-1.1994556142181025e-09,1.1593629543264966e-09,1.8536856687658734e-09,2.670639553432422e-10,9.850859359681465e-11
revisions,52,anticipated_down,myopic,Duration B,3.1149729640106726e-10,8.600708467765847e-11,3.975043810787257e-10,5.943930916187559e-10,2.670639553432422e-10,9.850859359681465e-11
revisions,52,anticipated_down,myopic,Credit A,14.76690638570102,-1.1132761379428757e-11,14.766906385689888,6.209843210634883e-10,2.670639553432422e-10,9.850859359681465e-11
revisions,52,anticipated_down,myopic,Credit B,0.28503675256114114,1.3198934133151763e-10,0.2850367526931305,0.17424027187503485,2.670639553432422e-10,9.850859359681465e-11
revisions,52,anticipated_down,myopic,Equity ETF,43.18687205382186,5.105638134494939e-10,43.18687205433242,-9.33579397448879,2.670639553432422e-10,9.850859359681465e-11
revisions,52,anticipated_down,myopic,Duration ETF,10.693939341939258,6.965539256498232e-11,10.693939342008914,9.021765004888133,2.670639553432422e-10,9.850859359681465e-11
revisions,52,anticipated_down,myopic,Credit ETF,24.692317946116045,3.4407199311914383e-10,24.69231794646012,0.1565465957424349,2.670639553432422e-10,9.850859359681465e-11
revisions,52,anticipated_down,dynamic,Equity A,5.786182409593271,1.0276085538052371e-10,5.786182409696031,-1.138609253820555e-08,5.541563226605855e-10,2.1052246367199716e-10
revisions,52,anticipated_down,dynamic,Equity B,0.5887451075692067,1.4075537610458433e-10,0.5887451077099621,-0.02055812157785742,5.541563226605855e-10,2.1052246367199716e-10
revisions,52,anticipated_down,dynamic,Duration A,2.3588185685445993e-09,-1.869943042193698e-09,4.888755263509012e-10,2.3562646023210553e-08,5.541563226605855e-10,2.1052246367199716e-10
revisions,52,anticipated_down,dynamic,Duration B,3.1149729640106726e-10,3.281771952021528e-10,6.3967449160322e-10,9.738133438977206e-09,5.541563226605855e-10,2.1052246367199716e-10
revisions,52,anticipated_down,dynamic,Credit A,14.76690638570102,5.0623394365345575e-11,14.766906385751643,3.918906203920421e-09,5.541563226605855e-10,2.1052246367199716e-10
revisions,52,anticipated_down,dynamic,Credit B,0.28503675256114114,7.073057417539275e-11,0.2850367526318717,0.17424027505842415,5.541563226605855e-10,2.1052246367199716e-10
revisions,52,anticipated_down,dynamic,Equity ETF,43.18687205382186,-1.7350676451144409e-09,43.18687205208679,-9.335794027150811,5.541563226605855e-10,2.1052246367199716e-10
revisions,52,anticipated_down,dynamic,Duration ETF,10.693939341939258,2.330538539929705e-09,10.693939344269797,9.021764995921007,5.541563226605855e-10,2.1052246367199716e-10
revisions,52,anticipated_down,dynamic,Credit ETF,24.692317946116045,5.3040905001466854e-11,24.692317946169087,0.1565466299097407,5.541563226605855e-10,2.1052246367199716e-10
revisions,53,anticipated_up,etf_only,Equity A,5.786182409593271,-1.9195062206378566e-11,5.786182409574075,1.2920460740401192e-09,1.0371329409523721e-09,5.296072515716408e-10
revisions,53,anticipated_up,etf_only,Equity B,0.5887451075692067,-1.9228802577986315e-11,0.5887451075499779,0.09352643029940311,1.0371329409523721e-09,5.296072515716408e-10
revisions,53,anticipated_up,etf_only,Duration A,2.3588185685445993e-09,-2.150082404000311e-09,2.0873616454428828e-10,5.138377669459611e-10,1.0371329409523721e-09,5.296072515716408e-10
revisions,53,anticipated_up,etf_only,Duration B,3.1149729640106726e-10,-2.769789054404101e-10,3.451839096065715e-11,4.2582741925952674e-10,1.0371329409523721e-09,5.296072515716408e-10
revisions,53,anticipated_up,etf_only,Credit A,14.76690638570102,-1.9195756095768957e-11,14.766906385681825,-3.6984858334357493e-10,1.0371329409523721e-09,5.296072515716408e-10
revisions,53,anticipated_up,etf_only,Credit B,0.28503675256114114,-1.9359470623814268e-11,0.2850367525417817,-0.010707012023536201,1.0371329409523721e-09,5.296072515716408e-10
revisions,53,anticipated_up,etf_only,Equity ETF,43.18687205382186,6.212508285585727e-09,43.18687206003437,8.226073824467713,1.0371329409523721e-09,5.296072515716408e-10
revisions,53,anticipated_up,etf_only,Duration ETF,10.693939341939258,-9.365386244297724e-09,10.693939332573873,-7.87783995500513,1.0371329409523721e-09,5.296072515716408e-10
revisions,53,anticipated_up,etf_only,Credit ETF,24.692317946116045,4.642367046336915e-09,24.692317950758415,-0.4344130708061033,1.0371329409523721e-09,5.296072515716408e-10
revisions,53,anticipated_up,myopic,Equity A,5.786182409593271,-1.0976358710834688e-10,5.786182409483507,1.6723630951644191e-09,2.670639553432422e-10,9.850859359681465e-11
revisions,53,anticipated_up,myopic,Equity B,0.5887451075692067,-6.210700356779064e-11,0.5887451075070997,0.09352643045959248,2.670639553432422e-10,9.850859359681465e-11
revisions,53,anticipated_up,myopic,Duration A,2.3588185685445993e-09,-1.1994556142181025e-09,1.1593629543264966e-09,-1.2928648614756768e-10,2.670639553432422e-10,9.850859359681465e-11
revisions,53,anticipated_up,myopic,Duration B,3.1149729640106726e-10,8.600708467765847e-11,3.975043810787257e-10,2.1408681471024668e-10,2.670639553432422e-10,9.850859359681465e-11
revisions,53,anticipated_up,myopic,Credit A,14.76690638570102,-1.1132761379428757e-11,14.766906385689888,-4.716630442695253e-10,2.670639553432422e-10,9.850859359681465e-11
revisions,53,anticipated_up,myopic,Credit B,0.28503675256114114,1.3198934133151763e-10,0.2850367526931305,-0.010707011931584492,2.670639553432422e-10,9.850859359681465e-11
revisions,53,anticipated_up,myopic,Equity ETF,43.18687205382186,5.105638134494939e-10,43.18687205433242,8.226073831231806,2.670639553432422e-10,9.850859359681465e-11
revisions,53,anticipated_up,myopic,Duration ETF,10.693939341939258,6.965539256498232e-11,10.693939342008914,-7.877839959179264,2.670639553432422e-10,9.850859359681465e-11
revisions,53,anticipated_up,myopic,Credit ETF,24.692317946116045,3.4407199311914383e-10,24.69231794646012,-0.4344130740740749,2.670639553432422e-10,9.850859359681465e-11
revisions,53,anticipated_up,dynamic,Equity A,5.786182409593271,6.22522866589037e-11,5.786182409655523,1.2663044529497575e-09,6.942890672484427e-10,0.00010668791073999731
revisions,53,anticipated_up,dynamic,Equity B,0.5887451075692067,8.337063678309775e-11,0.5887451076525774,0.0935264316047805,6.942890672484427e-10,0.00010668791073999731
revisions,53,anticipated_up,dynamic,Duration A,2.3588185685445993e-09,-2.0132339479017308e-09,3.455846206428684e-10,7.7148850815807e-10,6.942890672484427e-10,0.00010668791073999731
revisions,53,anticipated_up,dynamic,Duration B,3.1149729640106726e-10,-4.928437943381421e-11,2.6221291696725307e-10,5.448158289690676e-10,6.942890672484427e-10,0.00010668791073999731
revisions,53,anticipated_up,dynamic,Credit A,14.76690638570102,-1.582067810090848e-12,14.766906385699437,-5.861143425024953e-10,6.942890672484427e-10,0.00010668791073999731
revisions,53,anticipated_up,dynamic,Credit B,0.28503675256114114,9.98446117450591e-11,0.28503675266098577,-0.010707013769129024,6.942890672484427e-10,0.00010668791073999731
revisions,53,anticipated_up,dynamic,Equity ETF,43.18687205382186,0.0026666620180970657,43.18953871583995,8.223521085612406,6.942890672484427e-10,0.00010668791073999731
revisions,53,anticipated_up,dynamic,Duration ETF,10.693939341939258,-0.0026677274431299858,10.691271614496129,-7.875255486875362,6.942890672484427e-10,0.00010668791073999731
revisions,53,anticipated_up,dynamic,Credit ETF,24.692317946116045,-3.018529870502107e-10,24.692317945814192,-0.4344437796318371,6.942890672484427e-10,0.00010668791073999731
revisions,54,unchanged,etf_only,Equity A,18.569722190614858,3.0808688933348094e-13,18.569722190615163,-0.2464741641757551,7.686671874061996e-09,0.0
revisions,54,unchanged,etf_only,Equity B,8.045921510289954,2.3314683517128287e-13,8.045921510290189,-0.09637009395246189,7.686671874061996e-09,0.0
revisions,54,unchanged,etf_only,Duration A,12.222599191706534,-2.0400348077487251e-13,12.222599191706331,0.05979532812662447,7.686671874061996e-09,0.0
revisions,54,unchanged,etf_only,Duration B,1.671954994475588e-08,-1.529246292638433e-08,1.4270870183715513e-09,0.3844268520740068,7.686671874061996e-09,0.0
revisions,54,unchanged,etf_only,Credit A,30.68817585535889,-4.9960036108132044e-14,30.68817585535884,-0.292799648812518,7.686671874061996e-09,0.0
revisions,54,unchanged,etf_only,Credit B,10.0060433183636,-1.0130785099704553e-13,10.0060433183635,0.3685117568949188,7.686671874061996e-09,0.0
revisions,54,unchanged,etf_only,Equity ETF,20.467537907926193,1.4996170971670608e-08,20.467537922922364,-0.17709003060948245,7.686671874061996e-09,0.0
revisions,54,unchanged,etf_only,Duration ETF,3.513153509685196e-09,-2.8651654734122654e-09,6.479880362729307e-10,3.0046019110762693e-09,7.686671874061996e-09,0.0
revisions,54,unchanged,etf_only,Credit ETF,5.1489616870884085e-09,-4.167098131555357e-09,9.818635555330513e-10,4.786076399857428e-09,7.686671874061996e-09,0.0
revisions,54,unchanged,myopic,Equity A,18.569722190614858,-7.571721027943568e-12,18.569722190607287,-0.24647416416538537,2.3676663633146083e-10,0.0
revisions,54,unchanged,myopic,Equity B,8.045921510289954,-5.404593439450878e-10,8.045921509749496,-0.09637009340443699,2.3676663633146083e-10,0.0
revisions,54,unchanged,myopic,Duration A,12.222599191706534,6.982610323280625e-09,12.222599198689146,0.05979532106286378,2.3676663633146083e-10,0.0
revisions,54,unchanged,myopic,Duration B,1.671954994475588e-08,-6.240879610988173e-09,1.0478670333767708e-08,0.3844268429971933,2.3676663633146083e-10,0.0
revisions,54,unchanged,myopic,Credit A,30.68817585535889,1.6975088001913718e-09,30.6881758570564,-0.2927996505372841,2.3676663633146083e-10,0.0
revisions,54,unchanged,myopic,Credit B,10.0060433183636,4.357361693685391e-10,10.006043318799335,0.36851175644516887,2.3676663633146083e-10,0.0
revisions,54,unchanged,myopic,Equity ETF,20.467537907926193,1.0117517934560283e-09,20.467537908937945,-0.1770900164699691,2.3676663633146083e-10,0.0
revisions,54,unchanged,myopic,Duration ETF,3.513153509685196e-09,-1.3899958230913122e-09,2.123157686593884e-09,1.5251481586636876e-09,2.3676663633146083e-10,0.0
revisions,54,unchanged,myopic,Credit ETF,5.1489616870884085e-09,-1.8271649468382318e-09,3.321796740250177e-09,2.432786450367212e-09,2.3676663633146083e-10,0.0
revisions,54,unchanged,dynamic,Equity A,18.569722190614858,0.03793454655254824,18.607656737167407,-0.28492119723895604,1.5092244885916458e-12,0.0
revisions,54,unchanged,dynamic,Equity B,8.045921510289954,0.015038194158545348,8.0609597044485,-0.11159006566338592,1.5092244885916458e-12,0.0
revisions,54,unchanged,dynamic,Duration A,12.222599191706534,-0.0888164868086197,12.133782704897914,0.14932807353837044,1.5092244885916458e-12,0.0
revisions,54,unchanged,dynamic,Duration B,1.671954994475588e-08,-1.6714994382936243e-08,4.5555618196357485e-12,0.3844366714185115,1.5092244885916458e-12,0.0
revisions,54,unchanged,dynamic,Credit A,30.68817585535889,0.021489951006548047,30.70966580636544,-0.3143155391991331,1.5092244885916458e-12,0.0
revisions,54,unchanged,dynamic,Credit B,10.0060433183636,-0.00024253441808230747,10.005800783945517,0.36884622759337266,1.5092244885916458e-12,0.0
revisions,54,unchanged,dynamic,Equity ETF,20.467537907926193,0.014596355206550338,20.482134263132743,-0.19178417328762232,1.5092244885916458e-12,0.0
revisions,54,unchanged,dynamic,Duration ETF,3.513153509685196e-09,-3.494720475476045e-09,1.8433034209150968e-11,1.0060726551147857e-09,1.5092244885916458e-12,0.0
revisions,54,unchanged,dynamic,Credit ETF,5.1489616870884085e-09,-5.130982058388648e-09,1.7979628699760474e-11,1.7135564780600181e-09,1.5092244885916458e-12,0.0
revisions,55,premium_down_persistent,etf_only,Equity A,18.569722190614858,-2.7755575615628914e-14,18.56972219061483,0.05971893107110847,7.675421583031028e-09,0.0
revisions,55,premium_down_persistent,etf_only,Equity B,8.045921510289954,3.219646771412954e-13,8.045921510290277,0.11699805011043438,7.675421583031028e-09,0.0
revisions,55,premium_down_persistent,etf_only,Duration A,12.222599191706534,3.176625629208729e-12,12.222599191709712,9.379068461513034,7.675421583031028e-09,0.0
revisions,55,premium_down_persistent,etf_only,Duration B,1.671954994475588e-08,-1.5299917538351637e-08,1.4196324064042423e-09,0.45875282898417163,7.675421583031028e-09,0.0
revisions,55,premium_down_persistent,etf_only,Credit A,30.68817585535889,2.0372592501871623e-12,30.688175855360928,0.5837252053998104,7.675421583031028e-09,0.0
revisions,55,premium_down_persistent,etf_only,Credit B,10.0060433183636,2.2676305277968822e-12,10.006043318365867,1.0986654427357891,7.675421583031028e-09,0.0
revisions,55,premium_down_persistent,etf_only,Equity ETF,20.467537907926193,-9.190464467012264,11.277073440913927,-2.472676781700952,7.675421583031028e-09,0.0
revisions,55,premium_down_persistent,etf_only,Duration ETF,3.513153509685196e-09,8.08608345458536,8.086083458098514,-8.11357613847121,7.675421583031028e-09,0.0
revisions,55,premium_down_persistent,etf_only,Credit ETF,5.1489616870884085e-09,1.1043810204019266,1.1043810255508884,-1.1106759922717675,7.675421583031028e-09,0.0
revisions,55,premium_down_persistent,myopic,Equity A,18.569722190614858,0.2729492002147338,18.84267139082959,-0.21620231957614672,3.120417013640279e-10,0.0
revisions,55,premium_down_persistent,myopic,Equity B,8.045921510289954,0.201647402734767,8.247568913024722,-0.08671886330046727,3.120417013640279e-10,0.0
revisions,55,premium_down_persistent,myopic,Duration A,12.222599191706534,9.447219426543969,21.669818618250503,-0.10842180970281269,3.120417013640279e-10,0.0
revisions,55,premium_down_persistent,myopic,Duration B,1.671954994475588e-08,-3.146125767219564e-09,1.3573424177536317e-08,0.4582842593047707,3.120417013640279e-10,0.0
revisions,55,premium_down_persistent,myopic,Credit A,30.68817585535889,0.8797566959026615,31.567932551261553,-0.30324461800806835,3.120417013640279e-10,0.0
revisions,55,premium_down_persistent,myopic,Credit B,10.0060433183636,0.7840983097804843,10.790141628144085,0.3096565389945247,3.120417013640279e-10,0.0
revisions,55,premium_down_persistent,myopic,Equity ETF,20.467537907926193,-11.585671030766276,8.881866877159917,-0.05335318835764441,3.120417013640279e-10,0.0
revisions,55,premium_down_persistent,myopic,Duration ETF,3.513153509685196e-09,-7.73886379671599e-11,3.435764871718036e-09,-1.9043076914582577e-10,3.120417013640279e-10,0.0
revisions,55,premium_down_persistent,myopic,Credit ETF,5.1489616870884085e-09,-1.140563674614701e-09,4.008398012473707e-09,8.615881255007539e-10,3.120417013640279e-10,0.0
revisions,55,premium_down_persistent,dynamic,Equity A,18.569722190614858,0.31630429089644363,18.8860264815113,-0.260066077096111,4.250467302429565e-11,0.0
revisions,55,premium_down_persistent,dynamic,Equity B,8.045921510289954,0.21908858905300144,8.265010099342957,-0.1043440320893036,4.250467302429565e-11,0.0
revisions,55,premium_down_persistent,dynamic,Duration A,12.222599191706534,9.365851037748325,21.588450229454857,-0.02645013895640285,4.250467302429565e-11,0.0
revisions,55,premium_down_persistent,dynamic,Duration B,1.671954994475588e-08,-1.4500834813061952e-08,2.2187151316939277e-09,0.45829546241332664,4.250467302429565e-11,0.0
revisions,55,premium_down_persistent,dynamic,Credit A,30.68817585535889,0.9057003056428703,31.59387616100176,-0.3292817251391115,4.250467302429565e-11,0.0
revisions,55,premium_down_persistent,dynamic,Credit B,10.0060433183636,0.7849913697356548,10.791034688099256,0.3088207823856178,4.250467302429565e-11,0.0
revisions,55,premium_down_persistent,dynamic,Equity ETF,20.467537907926193,-11.591935570596023,8.875602337330168,-0.046974298015065113,4.250467302429565e-11,0.0
revisions,55,premium_down_persistent,dynamic,Duration ETF,3.513153509685196e-09,-3.177161033764151e-09,3.3599247592104453e-10,1.1141835035051079e-08,4.250467302429565e-11,0.0
revisions,55,premium_down_persistent,dynamic,Credit ETF,5.1489616870884085e-09,-4.4864762526394755e-09,6.62485434448933e-10,1.4470123559706512e-08,4.250467302429565e-11,0.0
revisions,56,premium_up_persistent,etf_only,Equity A,18.569722190614858,8.942846463355636e-12,18.5697221906238,-0.5370333409716717,7.281493759396944e-09,0.0
revisions,56,premium_up_persistent,etf_only,Equity B,8.045921510289954,-2.0886070650760757e-11,8.04592151026907,-0.31452682066406185,7.281493759396944e-09,0.0
revisions,56,premium_up_persistent,etf_only,Duration A,12.222599191706534,-2.80871159663576e-10,12.222599191425664,-8.9179331449021,7.281493759396944e-09,0.0
revisions,56,premium_up_persistent,etf_only,Duration B,1.671954994475588e-08,-1.5323504973142895e-08,1.396044971612986e-09,0.2077762440651496,7.281493759396944e-09,0.0
revisions,56,premium_up_persistent,etf_only,Credit A,30.68817585535889,-1.8210988272926443e-10,30.68817585517678,-1.2792812215328944,7.281493759396944e-09,0.0
revisions,56,premium_up_persistent,etf_only,Credit B,10.0060433183636,-2.0427826097346724e-10,10.006043318159321,-0.5376832910965936,7.281493759396944e-09,0.0
revisions,56,premium_up_persistent,etf_only,Equity ETF,20.467537907926193,1.6622309084723952e-08,20.467537924548502,11.378681561051,7.281493759396944e-09,0.0
revisions,56,premium_up_persistent,etf_only,Duration ETF,3.513153509685196e-09,-3.1190906749871986e-09,3.940628346979973e-10,9.776197618188948e-09,7.281493759396944e-09,0.0
revisions,56,premium_up_persistent,etf_only,Credit ETF,5.1489616870884085e-09,-4.423702391699811e-09,7.252592953885977e-10,1.0833077546960041e-08,7.281493759396944e-09,0.0
revisions,56,premium_up_persistent,myopic,Equity A,18.569722190614858,-0.27294919916118765,18.29677299145367,-0.2612297445969224,1.3906643762800512e-09,0.0
revisions,56,premium_up_persistent,myopic,Equity B,8.045921510289954,-0.20164739999469772,7.844274110295258,-0.11207437178523624,1.3906643762800512e-09,0.0
revisions,56,premium_up_persistent,myopic,Duration A,12.222599191706534,-9.447219472791337,2.7753797189151963,0.6614741069249487,1.3906643762800512e-09,0.0
revisions,56,premium_up_persistent,myopic,Duration B,1.671954994475588e-08,4.6345330628141285e-08,6.306488057289717e-08,0.21077822375254224,1.3906643762800512e-09,0.0
revisions,56,premium_up_persistent,myopic,Credit A,30.68817585535889,-0.8797567050776667,29.808419150281225,-0.38789257896101814,1.3906643762800512e-09,0.0
revisions,56,premium_up_persistent,myopic,Credit B,10.0060433183636,-0.7840983242740753,9.221944994089524,0.24131958102553414,1.3906643762800512e-09,0.0
revisions,56,premium_up_persistent,myopic,Equity ETF,20.467537907926193,11.585671022323913,32.05320893025011,-0.3523751967600363,1.3906643762800512e-09,0.0
revisions,56,premium_up_persistent,myopic,Duration ETF,3.513153509685196e-09,1.7197392698486537e-08,2.0710546208171734e-08,-1.0814952170386005e-08,1.3906643762800512e-09,0.0
revisions,56,premium_up_persistent,myopic,Credit ETF,5.1489616870884085e-09,1.4399968314024511e-08,1.9548930001112918e-08,-8.13434176599009e-09,1.3906643762800512e-09,0.0
revisions,56,premium_up_persistent,dynamic,Equity A,18.569722190614858,-0.24054001026896366,18.329182180345892,-0.2941213011290347,6.604519085163866e-12,0.0
revisions,56,premium_up_persistent,dynamic,Equity B,8.045921510289954,-0.18906564122369712,7.8568558690662575,-0.12483063286171116,6.604519085163866e-12,0.0
revisions,56,premium_up_persistent,dynamic,Duration A,12.222599191706534,-9.531795633504748,2.6908035582017864,0.746969851065815,6.604519085163866e-12,0.0
revisions,56,premium_up_persistent,dynamic,Duration B,1.671954994475588e-08,-1.6531409282821034e-08,1.8814066193484737e-10,0.21079903747280868,6.604519085163866e-12,0.0
revisions,56,premium_up_persistent,dynamic,Credit A,30.68817585535889,-0.8636417690521314,29.82453408630676,-0.4040708509862286,6.604519085163866e-12,0.0
revisions,56,premium_up_persistent,dynamic,Credit B,10.0060433183636,-0.7758301348386745,9.230213183524926,0.23297139387280225,6.604519085163866e-12,0.0
revisions,56,premium_up_persistent,dynamic,Equity ETF,20.467537907926193,11.600873214060542,32.068411121986735,-0.3677175182130015,6.604519085163866e-12,0.0
revisions,56,premium_up_persistent,dynamic,Duration ETF,3.513153509685196e-09,-3.380921839406337e-09,1.3223167027885924e-10,8.552998251139662e-09,6.604519085163866e-12,0.0
revisions,56,premium_up_persistent,dynamic,Credit ETF,5.1489616870884085e-09,-4.908297459514023e-09,2.406642275743856e-10,1.133337418628404e-08,6.604519085163866e-12,0.0
revisions,57,premium_down_reverting,etf_only,Equity A,18.569722190614858,-2.7755575615628914e-14,18.56972219061483,0.005037926240203318,7.675421583031028e-09,0.0
revisions,57,premium_down_reverting,etf_only,Equity B,8.045921510289954,3.219646771412954e-13,8.045921510290277,0.07665011138581232,7.675421583031028e-09,0.0
revisions,57,premium_down_reverting,etf_only,Duration A,12.222599191706534,3.176625629208729e-12,12.222599191709712,7.499026620905583,7.675421583031028e-09,0.0
revisions,57,premium_down_reverting,etf_only,Duration B,1.671954994475588e-08,-1.5299917538351637e-08,1.4196324064042423e-09,0.44303915437523533,7.675421583031028e-09,0.0
revisions,57,premium_down_reverting,etf_only,Credit A,30.68817585535889,2.0372592501871623e-12,30.688175855360928,0.40441698302561263,7.675421583031028e-09,0.0
revisions,57,premium_down_reverting,etf_only,Credit B,10.0060433183636,2.2676305277968822e-12,10.006043318365867,0.9491854165152623,7.675421583031028e-09,0.0
revisions,57,premium_down_reverting,etf_only,Equity ETF,20.467537907926193,-9.190464467012264,11.277073440913927,-0.1531040762710471,7.675421583031028e-09,0.0
revisions,57,premium_down_reverting,etf_only,Duration ETF,3.513153509685196e-09,8.08608345458536,8.086083458098514,-8.113576137592604,7.675421583031028e-09,0.0
revisions,57,premium_down_reverting,etf_only,Credit ETF,5.1489616870884085e-09,1.1043810204019266,1.1043810255508884,-1.110675991284367,7.675421583031028e-09,0.0
revisions,57,premium_down_reverting,myopic,Equity A,18.569722190614858,0.2729492002147338,18.84267139082959,-0.27088332425485456,3.120417013640279e-10,0.0
revisions,57,premium_down_reverting,myopic,Equity B,8.045921510289954,0.201647402734767,8.247568913024722,-0.1270668014136777,3.120417013640279e-10,0.0
revisions,57,premium_down_reverting,myopic,Duration A,12.222599191706534,9.447219426543969,21.669818618250503,-1.9884636696584272,3.120417013640279e-10,0.0
revisions,57,premium_down_reverting,myopic,Duration B,1.671954994475588e-08,-3.146125767219564e-09,1.3573424177536317e-08,0.44257060877190824,3.120417013640279e-10,0.0
revisions,57,premium_down_reverting,myopic,Credit A,30.68817585535889,0.8797566959026615,31.567932551261553,-0.4825528419416778,3.120417013640279e-10,0.0
revisions,57,premium_down_reverting,myopic,Credit B,10.0060433183636,0.7840983097804843,10.790141628144085,0.16017651095814722,3.120417013640279e-10,0.0
revisions,57,premium_down_reverting,myopic,Equity ETF,20.467537907926193,-11.585671030766276,8.881866877159917,2.2662195148861315,3.120417013640279e-10,0.0
revisions,57,premium_down_reverting,myopic,Duration ETF,3.513153509685196e-09,-7.73886379671599e-11,3.435764871718036e-09,7.757527708098887e-10,3.120417013640279e-10,0.0
revisions,57,premium_down_reverting,myopic,Credit ETF,5.1489616870884085e-09,-1.140563674614701e-09,4.008398012473707e-09,1.8284555090929534e-09,3.120417013640279e-10,0.0
revisions,57,premium_down_reverting,dynamic,Equity A,18.569722190614858,0.315329144279633,18.88505133489449,-0.3137604591324233,2.2698397935450188e-11,0.0
revisions,57,premium_down_reverting,dynamic,Equity B,8.045921510289954,0.21868427141339963,8.264605781703354,-0.14428443091056836,2.2698397935450188e-11,0.0
revisions,57,premium_down_reverting,dynamic,Duration A,12.222599191706534,9.367664730149409,21.590263921855943,-1.9083192139146035,2.2698397935450188e-11,0.0
revisions,57,premium_down_reverting,dynamic,Duration B,1.671954994475588e-08,-1.4435915055889815e-08,2.2836348888660673e-09,0.44258145627226647,2.2698397935450188e-11,0.0
revisions,57,premium_down_reverting,dynamic,Credit A,30.68817585535889,0.9051289498124171,31.593304805171307,-0.5080165690464054,2.2698397935450188e-11,0.0
revisions,57,premium_down_reverting,dynamic,Credit B,10.0060433183636,0.7850334137438533,10.791076732107454,0.15929709592778082,2.2698397935450188e-11,0.0
revisions,57,premium_down_reverting,dynamic,Equity ETF,20.467537907926193,-11.591840486684788,8.875697421241403,2.2725021047313674,2.2698397935450188e-11,0.0
revisions,57,premium_down_reverting,dynamic,Duration ETF,3.513153509685196e-09,-3.314877361510057e-09,1.9827614817513927e-10,6.648117988186018e-09,2.2698397935450188e-11,0.0
revisions,57,premium_down_reverting,dynamic,Credit ETF,5.1489616870884085e-09,-4.627526028252227e-09,5.214356588361815e-10,8.856863923712614e-09,2.2698397935450188e-11,0.0
revisions,58,premium_up_reverting,etf_only,Equity A,18.569722190614858,8.942846463355636e-12,18.5697221906238,-0.4912005203424876,7.281493759396944e-09,0.0
revisions,58,premium_up_reverting,etf_only,Equity B,8.045921510289954,-2.0886070650760757e-11,8.04592151026907,-0.27089292650397284,7.281493759396944e-09,0.0
revisions,58,premium_up_reverting,etf_only,Duration A,12.222599191706534,-2.80871159663576e-10,12.222599191425664,-7.275084194272593,7.281493759396944e-09,0.0
revisions,58,premium_up_reverting,etf_only,Duration B,1.671954994475588e-08,-1.5323504973142895e-08,1.396044971612986e-09,0.2844824825860623,7.281493759396944e-09,0.0
revisions,58,premium_up_reverting,etf_only,Credit A,30.68817585535889,-1.8210988272926443e-10,30.68817585517678,-1.0368882267941089,7.281493759396944e-09,0.0
revisions,58,premium_up_reverting,etf_only,Credit B,10.0060433183636,-2.0427826097346724e-10,10.006043318159321,-0.28141913037230076,7.281493759396944e-09,0.0
revisions,58,premium_up_reverting,etf_only,Equity ETF,20.467537907926193,1.6622309084723952e-08,20.467537924548502,9.071002499461423,7.281493759396944e-09,0.0
revisions,58,premium_up_reverting,etf_only,Duration ETF,3.513153509685196e-09,-3.1190906749871986e-09,3.940628346979973e-10,1.0825061773734206e-08,7.281493759396944e-09,0.0
revisions,58,premium_up_reverting,etf_only,Credit ETF,5.1489616870884085e-09,-4.423702391699811e-09,7.252592953885977e-10,1.1867128571524257e-08,7.281493759396944e-09,0.0
revisions,58,premium_up_reverting,myopic,Equity A,18.569722190614858,-0.27294919916118765,18.29677299145367,-0.2137894570048166,1.3906643762800512e-09,0.0
revisions,58,premium_up_reverting,myopic,Equity B,8.045921510289954,-0.20164739999469772,7.844274110295258,-0.06929372044145396,1.3906643762800512e-09,0.0
revisions,58,premium_up_reverting,myopic,Duration A,12.222599191706534,-9.447219472791337,2.7753797189151963,2.3372321227643136,1.3906643762800512e-09,0.0
revisions,58,premium_up_reverting,myopic,Duration B,1.671954994475588e-08,4.6345330628141285e-08,6.306488057289717e-08,0.2874049348641336,1.3906643762800512e-09,0.0
revisions,58,premium_up_reverting,myopic,Credit A,30.68817585535889,-0.8797567050776667,29.808419150281225,-0.1571865729439033,1.3906643762800512e-09,0.0
revisions,58,premium_up_reverting,myopic,Credit B,10.0060433183636,-0.7840983242740753,9.221944994089524,0.4782237597567061,1.3906643762800512e-09,0.0
revisions,58,premium_up_reverting,myopic,Equity ETF,20.467537907926193,11.585671022323913,32.05320893025011,-2.6625910480538812,1.3906643762800512e-09,0.0
revisions,58,premium_up_reverting,myopic,Duration ETF,3.513153509685196e-09,1.7197392698486537e-08,2.0710546208171734e-08,-1.0388088036082988e-08,1.3906643762800512e-09,0.0
revisions,58,premium_up_reverting,myopic,Credit ETF,5.1489616870884085e-09,1.4399968314024511e-08,1.9548930001112918e-08,-7.95810779215416e-09,1.3906643762800512e-09,0.0
revisions,58,premium_up_reverting,dynamic,Equity A,18.569722190614858,-0.23957127240017417,18.330150918214684,-0.24765299107784178,1.8591479508714362e-11,0.0
revisions,58,premium_up_reverting,dynamic,Equity B,8.045921510289954,-0.188576079550333,7.857345430739622,-0.08251244716711281,1.8591479508714362e-11,0.0
revisions,58,premium_up_reverting,dynamic,Duration A,12.222599191706534,-9.535095775839054,2.6875034158674813,2.4263430950721387,1.8591479508714362e-11,0.0
revisions,58,premium_up_reverting,dynamic,Duration B,1.671954994475588e-08,-1.6177550544452304e-08,5.419994003035782e-10,0.28742612402800066,1.8591479508714362e-11,0.0
revisions,58,premium_up_reverting,dynamic,Credit A,30.68817585535889,-0.8597335510593662,29.828442304299525,-0.17738056671533675,1.8591479508714362e-11,0.0
revisions,58,premium_up_reverting,dynamic,Credit B,10.0060433183636,-0.7836295271586982,9.222413791204902,0.4775687609444832,1.8591479508714362e-11,0.0
revisions,58,premium_up_reverting,dynamic,Equity ETF,20.467537907926193,11.606606230497473,32.07414413842366,-2.6837920230332935,1.8591479508714362e-11,0.0
revisions,58,premium_up_reverting,dynamic,Duration ETF,3.513153509685196e-09,-3.1434775234208804e-09,3.6967598626431606e-10,1.8485415326690863e-08,1.8591479508714362e-11,0.0
revisions,58,premium_up_reverting,dynamic,Credit ETF,5.1489616870884085e-09,-4.829110129597794e-09,3.1985155749061465e-10,2.7320747876790008e-08,1.8591479508714362e-11,0.0
revisions,59,alpha_up,etf_only,Equity A,18.569722190614858,5.470623953840459e-12,18.56972219062033,12.19602407876797,7.674473534187223e-09,0.0
revisions,59,alpha_up,etf_only,Equity B,8.045921510289954,9.159339953157541e-14,8.045921510290047,-0.10587944633797669,7.674473534187223e-09,0.0
revisions,59,alpha_up,etf_only,Duration A,12.222599191706534,-7.632783294297951e-14,12.222599191706458,0.44126448134450313,7.674473534187223e-09,0.0
revisions,59,alpha_up,etf_only,Duration B,1.671954994475588e-08,-1.5296166337106705e-08,1.4233836076491734e-09,0.39342151591759583,7.674473534187223e-09,0.0
revisions,59,alpha_up,etf_only,Credit A,30.68817585535889,-1.1102230246251565e-14,30.688175855358878,-0.1816980260432345,7.674473534187223e-09,0.0
revisions,59,alpha_up,etf_only,Credit B,10.0060433183636,-3.7470027081099033e-14,10.006043318363563,0.45172402254506533,7.674473534187223e-09,0.0
revisions,59,alpha_up,etf_only,Equity ETF,20.467537907926193,1.5181997325974805e-08,20.46753792310819,-13.194856628976861,7.674473534187223e-09,0.0
revisions,59,alpha_up,etf_only,Duration ETF,3.513153509685196e-09,-2.935286769128503e-09,5.778667405566928e-10,4.1690363879762325e-09,7.674473534187223e-09,0.0
revisions,59,alpha_up,etf_only,Credit ETF,5.1489616870884085e-09,-4.272152794452642e-09,8.768088926357661e-10,5.843067203650986e-09,7.674473534187223e-09,0.0
revisions,59,alpha_up,myopic,Equity A,18.569722190614858,12.442730881979664,31.01245307259452,-0.41515955065613747,3.8337960485271534e-10,0.0
revisions,59,alpha_up,myopic,Equity B,8.045921510289954,-0.009480802267758381,8.036440708022196,-0.09641698031897146,3.8337960485271534e-10,0.0
revisions,59,alpha_up,myopic,Duration A,12.222599191706534,0.3816741464991058,12.60427333820564,0.06847795371381452,3.8337960485271534e-10,0.0
revisions,59,alpha_up,myopic,Duration B,1.671954994475588e-08,1.1868317971270291e-09,1.790638174188291e-08,0.39366349171526077,3.8337960485271534e-10,0.0
revisions,59,alpha_up,myopic,Credit A,30.68817585535889,0.10763504684297431,30.795810902201865,-0.28709947625202004,3.8337960485271534e-10,0.0
revisions,59,alpha_up,myopic,Credit B,10.0060433183636,0.08604864131967899,10.092091959683279,0.36744721366392147,3.8337960485271534e-10,0.0
revisions,59,alpha_up,myopic,Equity ETF,20.467537907926193,-13.008607916167492,7.458929991758702,-0.03091265428311436,3.8337960485271534e-10,0.0
revisions,59,alpha_up,myopic,Duration ETF,3.513153509685196e-09,8.801275840417703e-11,3.6011662680893733e-09,1.0414265895575137e-09,3.8337960485271534e-10,0.0
revisions,59,alpha_up,myopic,Credit ETF,5.1489616870884085e-09,4.939047514182756e-10,5.6428664385066845e-09,1.3021420641211076e-09,3.8337960485271534e-10,0.0
revisions,59,alpha_up,dynamic,Equity A,18.569722190614858,12.502056674168616,31.07177886478347,-0.475306945876436,4.960806085729556e-12,0.0
revisions,59,alpha_up,dynamic,Equity B,8.045921510289954,0.005410918727484504,8.051332429017439,-0.1114888050587539,4.960806085729556e-12,0.0
revisions,59,alpha_up,dynamic,Duration A,12.222599191706534,0.29422667114204215,12.516825862848577,0.15666259302542632,4.960806085729556e-12,0.0
revisions,59,alpha_up,dynamic,Duration B,1.671954994475588e-08,-1.6683322317876332e-08,3.6227626879549546e-11,0.3936739525444684,4.960806085729556e-12,0.0
revisions,59,alpha_up,dynamic,Credit A,30.68817585535889,0.1290847217836344,30.817260577142523,-0.3085674034355635,4.960806085729556e-12,0.0
revisions,59,alpha_up,dynamic,Credit B,10.0060433183636,0.08606575458711407,10.092109072950715,0.36752623913408183,4.960806085729556e-12,0.0
revisions,59,alpha_up,dynamic,Equity ETF,20.467537907926193,-13.016844715284554,7.45069319264164,-0.022499641705319567,4.960806085729556e-12,0.0
revisions,59,alpha_up,dynamic,Duration ETF,3.513153509685196e-09,-3.463301351370893e-09,4.985215831430307e-11,3.988947855341155e-09,4.960806085729556e-12,0.0
revisions,59,alpha_up,dynamic,Credit ETF,5.1489616870884085e-09,-4.624371215830958e-09,5.245904712574508e-10,6.89522973241564e-09,4.960806085729556e-12,0.0
revisions,60,alpha_down,etf_only,Equity A,18.569722190614858,-5.437317263101704e-12,18.56972219060942,-12.659678538344659,7.673295568706254e-09,0.0
revisions,60,alpha_down,etf_only,Equity B,8.045921510289954,7.355227538141662e-14,8.045921510290029,-0.08688308870818844,7.673295568706254e-09,0.0
revisions,60,alpha_down,etf_only,Duration A,12.222599191706534,-5.412337245047638e-14,12.22259919170648,-0.32077536229373976,7.673295568706254e-09,0.0
revisions,60,alpha_down,etf_only,Duration B,1.671954994475588e-08,-1.529537521062159e-08,1.4241747341342899e-09,0.37543219814638706,7.673295568706254e-09,0.0
revisions,60,alpha_down,etf_only,Credit A,30.68817585535889,-5.551115123125783e-15,30.688175855358885,-0.4036479897976045,7.673295568706254e-09,0.0
revisions,60,alpha_down,etf_only,Credit B,10.0060433183636,-2.0816681711721685e-14,10.006043318363579,0.28550228203327915,7.673295568706254e-09,0.0
revisions,60,alpha_down,etf_only,Equity ETF,20.467537907926193,1.5263229569129066e-08,20.467537923189422,12.81005049608361,7.673295568706254e-09,0.0
revisions,60,alpha_down,etf_only,Duration ETF,3.513153509685196e-09,-2.9625066106727645e-09,5.506468990124317e-10,4.185191385311883e-09,7.673295568706254e-09,0.0
revisions,60,alpha_down,etf_only,Credit ETF,5.1489616870884085e-09,-4.3148967836466826e-09,8.340649034417259e-10,5.889026055822923e-09,7.673295568706254e-09,0.0
revisions,60,alpha_down,myopic,Equity A,18.569722190614858,-12.442730880867824,6.126991309747031,-0.059267082760750316,4.2393141391606025e-10,0.0
revisions,60,alpha_down,myopic,Equity B,8.045921510289954,0.009480799298197673,8.055402309588153,-0.09644198095721819,4.2393141391606025e-10,0.0
revisions,60,alpha_down,myopic,Duration A,12.222599191706534,-0.3816741481578387,11.840925043548696,0.05957619351804541,4.2393141391606025e-10,0.0
revisions,60,alpha_down,myopic,Duration B,1.671954994475588e-08,6.683520405642276e-11,1.6786385148812303e-08,0.37536818724306037,4.2393141391606025e-10,0.0
revisions,60,alpha_down,myopic,Credit A,30.68817585535889,-0.10763504800393453,30.580540807354957,-0.296014786592068,4.2393141391606025e-10,0.0
revisions,60,alpha_down,myopic,Credit B,10.0060433183636,-0.08604864185262212,9.919994676510978,0.3714349211425765,4.2393141391606025e-10,0.0
revisions,60,alpha_down,myopic,Equity ETF,20.467537907926193,13.008607918697612,33.47614582662381,-0.3546554540384112,4.2393141391606025e-10,0.0
revisions,60,alpha_down,myopic,Duration ETF,3.513153509685196e-09,3.808183593097975e-10,3.8939718689949935e-09,8.253764088532065e-10,4.2393141391606025e-10,0.0
revisions,60,alpha_down,myopic,Credit ETF,5.1489616870884085e-09,3.731282265955168e-10,5.522089913683925e-09,1.5410633926297696e-09,4.2393141391606025e-10,0.0
revisions,60,alpha_down,dynamic,Equity A,18.569722190614858,-12.426432689701317,6.143289500913539,-0.07578963186319629,9.37825307874999e-13,0.0
revisions,60,alpha_down,dynamic,Equity B,8.045921510289954,0.02466284114893552,8.07058435143889,-0.11180738830717737,9.37825307874999e-13,0.0
revisions,60,alpha_down,dynamic,Duration A,12.222599191706534,-0.47185170189946307,11.750747489807072,0.1504617631911059,9.37825307874999e-13,0.0
revisions,60,alpha_down,dynamic,Duration B,1.671954994475588e-08,-1.6702028475194108e-08,1.7521469561771664e-11,0.37537771199211134,9.37825307874999e-13,0.0
revisions,60,alpha_down,dynamic,Credit A,30.68817585535889,-0.08611174669506116,30.60206410866383,-0.3175679635425028,9.37825307874999e-13,0.0
revisions,60,alpha_down,dynamic,Credit B,10.0060433183636,-0.08655020839125754,9.919493109972342,0.3720269836842267,9.37825307874999e-13,0.0
revisions,60,alpha_down,dynamic,Equity ETF,20.467537907926193,13.04628353122801,33.5138214391542,-0.39270147767782193,9.37825307874999e-13,0.0
revisions,60,alpha_down,dynamic,Duration ETF,3.513153509685196e-09,-3.5005125667577854e-09,1.264094292741108e-11,8.91568766384458e-10,9.37825307874999e-13,0.0
revisions,60,alpha_down,dynamic,Credit ETF,5.1489616870884085e-09,-5.129937827798488e-09,1.9023859289920214e-11,1.5238043140147962e-09,9.37825307874999e-13,0.0
revisions,61,anticipated_down,etf_only,Equity A,18.569722190614858,3.0808688933348094e-13,18.569722190615163,0.026916738152946585,7.686671874061996e-09,0.0
revisions,61,anticipated_down,etf_only,Equity B,8.045921510289954,2.3314683517128287e-13,8.045921510290189,0.10537381228371157,7.686671874061996e-09,0.0
revisions,61,anticipated_down,etf_only,Duration A,12.222599191706534,-2.0400348077487251e-13,12.222599191706331,9.461877521411942,7.686671874061996e-09,0.0
revisions,61,anticipated_down,etf_only,Duration B,1.671954994475588e-08,-1.529246292638433e-08,1.4270870183715513e-09,0.4606601417760427,7.686671874061996e-09,0.0
revisions,61,anticipated_down,etf_only,Credit A,30.68817585535889,-4.9960036108132044e-14,30.68817585535884,0.6038952442791633,7.686671874061996e-09,0.0
revisions,61,anticipated_down,etf_only,Credit B,10.0060433183636,-1.0130785099704553e-13,10.0060433183635,1.1160759623289156,7.686671874061996e-09,0.0
revisions,61,anticipated_down,etf_only,Equity ETF,20.467537907926193,1.4996170971670608e-08,20.467537922922364,-11.77479942021977,7.686671874061996e-09,0.0
revisions,61,anticipated_down,etf_only,Duration ETF,3.513153509685196e-09,-2.8651654734122654e-09,6.479880362729307e-10,2.98774109339129e-09,7.686671874061996e-09,0.0
revisions,61,anticipated_down,etf_only,Credit ETF,5.1489616870884085e-09,-4.167098131555357e-09,9.818635555330513e-10,4.368348916184897e-09,7.686671874061996e-09,0.0
revisions,61,anticipated_down,myopic,Equity A,18.569722190614858,-7.571721027943568e-12,18.569722190607287,0.02691673816415313,2.3676663633146083e-10,0.0
revisions,61,anticipated_down,myopic,Equity B,8.045921510289954,-5.404593439450878e-10,8.045921509749496,0.10537381283098748,2.3676663633146083e-10,0.0
revisions,61,anticipated_down,myopic,Duration A,12.222599191706534,6.982610323280625e-09,12.222599198689146,9.461877514245366,2.3676663633146083e-10,0.0
revisions,61,anticipated_down,myopic,Duration B,1.671954994475588e-08,-6.240879610988173e-09,1.0478670333767708e-08,0.46066013282739005,2.3676663633146083e-10,0.0
revisions,61,anticipated_down,myopic,Credit A,30.68817585535889,1.6975088001913718e-09,30.6881758570564,0.6038952425459756,2.3676663633146083e-10,0.0
revisions,61,anticipated_down,myopic,Credit B,10.0060433183636,4.357361693685391e-10,10.006043318799335,1.1160759618701823,2.3676663633146083e-10,0.0
revisions,61,anticipated_down,myopic,Equity ETF,20.467537907926193,1.0117517934560283e-09,20.467537908937945,-11.774799406088329,2.3676663633146083e-10,0.0
revisions,61,anticipated_down,myopic,Duration ETF,3.513153509685196e-09,-1.3899958230913122e-09,2.123157686593884e-09,1.5083519496631676e-09,2.3676663633146083e-10,0.0
revisions,61,anticipated_down,myopic,Credit ETF,5.1489616870884085e-09,-1.8271649468382318e-09,3.321796740250177e-09,2.0150890241633407e-09,2.3676663633146083e-10,0.0
revisions,61,anticipated_down,dynamic,Equity A,18.569722190614858,0.04274905811344487,18.6124712487283,-0.016409848367811133,1.886410822184947e-12,0.0
revisions,61,anticipated_down,dynamic,Equity B,8.045921510289954,0.017014059974539142,8.062935570264495,0.08815419506212811,1.886410822184947e-12,0.0
revisions,61,anticipated_down,dynamic,Duration A,12.222599191706534,-0.10000071154587786,12.122598480160656,9.562677998380959,1.886410822184947e-12,0.0
revisions,61,anticipated_down,dynamic,Duration B,1.671954994475588e-08,-1.669771060717757e-08,2.183933757831122e-11,0.46068144976884917,1.886410822184947e-12,0.0
revisions,61,anticipated_down,dynamic,Credit A,30.68817585535889,0.02414535751441571,30.712321212873306,0.5797209169939589,1.886410822184947e-12,0.0
revisions,61,anticipated_down,dynamic,Credit B,10.0060433183636,-0.0006345273785915428,10.005408790985008,1.1168155321127324,1.886410822184947e-12,0.0
revisions,61,anticipated_down,dynamic,Equity ETF,20.467537907926193,0.01672678888033352,20.484264696806527,-11.791640252984365,1.886410822184947e-12,0.0
revisions,61,anticipated_down,dynamic,Duration ETF,3.513153509685196e-09,-3.464706012003958e-09,4.844749768123803e-11,2.9192755309459278e-09,1.886410822184947e-12,0.0
revisions,61,anticipated_down,dynamic,Credit ETF,5.1489616870884085e-09,-5.039431363399443e-09,1.0953032368896564e-10,5.79509472998306e-09,1.886410822184947e-12,0.0
revisions,62,anticipated_up,etf_only,Equity A,18.569722190614858,3.0808688933348094e-13,18.569722190615163,-0.5056629882105967,7.686671874061996e-09,0.0
revisions,62,anticipated_up,etf_only,Equity B,8.045921510289954,2.3314683517128287e-13,8.045921510290189,-0.30353593188828637,7.686671874061996e-09,0.0
revisions,62,anticipated_up,etf_only,Duration A,12.222599191706534,-2.0400348077487251e-13,12.222599191706331,-8.957584565863247,7.686671874061996e-09,0.0
revisions,62,anticipated_up,etf_only,Duration B,1.671954994475588e-08,-1.529246292638433e-08,1.4270870183715513e-09,0.2059872167092591,7.686671874061996e-09,0.0
revisions,62,anticipated_up,etf_only,Credit A,30.68817585535889,-4.9960036108132044e-14,30.68817585535884,-1.290648902273487,7.686671874061996e-09,0.0
revisions,62,anticipated_up,etf_only,Credit B,10.0060433183636,-1.0130785099704553e-13,10.0060433183635,-0.5504547877253536,7.686671874061996e-09,0.0
revisions,62,anticipated_up,etf_only,Equity ETF,20.467537907926193,1.4996170971670608e-08,20.467537922922364,11.401899946015167,7.686671874061996e-09,0.0
revisions,62,anticipated_up,etf_only,Duration ETF,3.513153509685196e-09,-2.8651654734122654e-09,6.479880362729307e-10,9.636720570459943e-09,7.686671874061996e-09,0.0
revisions,62,anticipated_up,etf_only,Credit ETF,5.1489616870884085e-09,-4.167098131555357e-09,9.818635555330513e-10,1.0559091626576448e-08,7.686671874061996e-09,0.0
revisions,62,anticipated_up,myopic,Equity A,18.569722190614858,-7.571721027943568e-12,18.569722190607287,-0.50566298845665,2.3676663633146083e-10,0.0
revisions,62,anticipated_up,myopic,Equity B,8.045921510289954,-5.404593439450878e-10,8.045921509749496,-0.3035359312046573,2.3676663633146083e-10,0.0
revisions,62,anticipated_up,myopic,Duration A,12.222599191706534,6.982610323280625e-09,12.222599198689146,-8.95758457815685,2.3676663633146083e-10,0.0
revisions,62,anticipated_up,myopic,Duration B,1.671954994475588e-08,-6.240879610988173e-09,1.0478670333767708e-08,0.2059872076263456,2.3676663633146083e-10,0.0
revisions,62,anticipated_up,myopic,Credit A,30.68817585535889,1.6975088001913718e-09,30.6881758570564,-1.2906489021335736,2.3676663633146083e-10,0.0
revisions,62,anticipated_up,myopic,Credit B,10.0060433183636,4.357361693685391e-10,10.006043318799335,-0.5504547850871437,2.3676663633146083e-10,0.0
revisions,62,anticipated_up,myopic,Equity ETF,20.467537907926193,1.0117517934560283e-09,20.467537908937945,11.401899960560907,2.3676663633146083e-10,0.0
revisions,62,anticipated_up,myopic,Duration ETF,3.513153509685196e-09,-1.3899958230913122e-09,2.123157686593884e-09,8.156060142459564e-09,2.3676663633146083e-10,0.0
revisions,62,anticipated_up,myopic,Credit ETF,5.1489616870884085e-09,-1.8271649468382318e-09,3.321796740250177e-09,8.205194866514437e-09,2.3676663633146083e-10,0.0
revisions,62,anticipated_up,dynamic,Equity A,18.569722190614858,0.0328979184992223,18.602620109114078,-0.5389991720977274,3.946468942894055e-12,0.0
revisions,62,anticipated_up,dynamic,Equity B,8.045921510289954,0.012900052357193992,8.058821562647148,-0.3165941810789041,3.946468942894055e-12,0.0
revisions,62,anticipated_up,dynamic,Duration A,12.222599191706534,-0.07483974811253319,12.147759443594001,-8.882094725950399,3.946468942894055e-12,0.0
revisions,62,anticipated_up,dynamic,Duration B,1.671954994475588e-08,-1.670635951421347e-08,1.319043054241184e-11,0.20600160057182199,3.946468942894055e-12,0.0
revisions,62,anticipated_up,dynamic,Credit A,30.68817585535889,0.01724388094539453,30.705419736304286,-1.3079525263695924,3.946468942894055e-12,0.0
revisions,62,anticipated_up,dynamic,Credit B,10.0060433183636,0.009589483508802565,10.015632801872403,-0.5600766844941307,3.946468942894055e-12,0.0
revisions,62,anticipated_up,dynamic,Equity ETF,20.467537907926193,0.002208438429929238,20.46974634635612,11.399715685914947,3.946468942894055e-12,0.0
revisions,62,anticipated_up,dynamic,Duration ETF,3.513153509685196e-09,-3.491171681164884e-09,2.1981828520312687e-11,1.4572842920938622e-09,3.946468942894055e-12,0.0
revisions,62,anticipated_up,dynamic,Credit ETF,5.1489616870884085e-09,-5.076122432686533e-09,7.28392544018757e-11,1.8994765858359476e-09,3.946468942894055e-12,0.0
revisions,63,unchanged,etf_only,Equity A,18.569722190614858,-6.564915278062244e-10,18.569722189958366,-0.34321794611202866,-3.461229173678076e-09,2.800667436638032e-10
revisions,63,unchanged,etf_only,Equity B,8.045921510289954,-6.564970789213476e-10,8.045921509633459,-0.15019926000421394,-3.461229173678076e-09,2.800667436638032e-10
revisions,63,unchanged,etf_only,Duration A,12.222599191706534,-6.564929155850052e-10,12.222599191050042,0.05778510014886047,-3.461229173678076e-09,2.800667436638032e-10
revisions,63,unchanged,etf_only,Duration B,1.671954994475588e-08,-6.904132107834952e-09,9.815417836920928e-09,0.3813939037036078,-3.461229173678076e-09,2.800667436638032e-10
revisions,63,unchanged,etf_only,Credit A,30.68817585535889,-6.564970789213476e-10,30.688175854702394,-0.3103574028481246,-3.461229173678076e-09,2.800667436638032e-10
revisions,63,unchanged,etf_only,Credit B,10.0060433183636,-6.564956911425668e-10,10.006043317707105,0.3645956118833985,-3.461229173678076e-09,2.800667436638032e-10
revisions,63,unchanged,etf_only,Equity ETF,20.467537907926193,4.2867542848767926e-09,20.467537912212947,1.877038288175028e-09,-3.461229173678076e-09,2.800667436638032e-10
revisions,63,unchanged,etf_only,Duration ETF,3.513153509685196e-09,2.4939092058015415e-09,6.007062715486737e-09,-2.5632189214949916e-09,-3.461229173678076e-09,2.800667436638032e-10
revisions,63,unchanged,etf_only,Credit ETF,5.1489616870884085e-09,7.222673692511825e-09,1.2371635379600233e-08,-7.436459424437498e-09,-3.461229173678076e-09,2.800667436638032e-10
revisions,63,unchanged,myopic,Equity A,18.569722190614858,-1.1136647160014945e-10,18.56972219050349,-0.3432179452117838,6.765403094726063e-10,1.2535572844007643e-10
revisions,63,unchanged,myopic,Equity B,8.045921510289954,-9.686265678432449e-10,8.045921509321328,-0.15019925952463384,6.765403094726063e-10,1.2535572844007643e-10
revisions,63,unchanged,myopic,Duration A,12.222599191706534,9.658512878374381e-09,12.222599201365048,0.05778509736497246,6.765403094726063e-10,1.2535572844007643e-10
revisions,63,unchanged,myopic,Duration B,1.671954994475588e-08,-9.855514817843993e-09,6.864035126911888e-09,0.3813938981307428,6.765403094726063e-10,1.2535572844007643e-10
revisions,63,unchanged,myopic,Credit A,30.68817585535889,2.8169577781511634e-09,30.688175858175846,-0.31035740327740935,6.765403094726063e-10,1.2535572844007643e-10
revisions,63,unchanged,myopic,Credit B,10.0060433183636,7.198547313791437e-10,10.006043319083455,0.3645956108409812,6.765403094726063e-10,1.2535572844007643e-10
revisions,63,unchanged,myopic,Equity ETF,20.467537907926193,1.844238650683394e-09,20.46753790977043,2.7377394975533047e-09,6.765403094726063e-10,1.2535572844007643e-10
revisions,63,unchanged,myopic,Duration ETF,3.513153509685196e-09,-1.6514702140373875e-09,1.8616832956478086e-09,-3.0280093967349333e-10,6.765403094726063e-10,1.2535572844007643e-10
revisions,63,unchanged,myopic,Credit ETF,5.1489616870884085e-09,-2.7720775572830385e-09,2.37688412980537e-09,-4.800334048667008e-10,6.765403094726063e-10,1.2535572844007643e-10
revisions,63,unchanged,dynamic,Equity A,18.569722190614858,0.046034279530596245,18.615756470145453,-0.3898288903133555,2.8439769570907397e-09,1.5513228630504157e-10
revisions,63,unchanged,dynamic,Equity B,8.045921510289954,0.02065160632214319,8.066573116612098,-0.17107609108466343,2.8439769570907397e-09,1.5513228630504157e-10
revisions,63,unchanged,dynamic,Duration A,12.222599191706534,-0.0893566307606189,12.133242560945916,0.1478655645461574,2.8439769570907397e-09,1.5513228630504157e-10
revisions,63,unchanged,dynamic,Duration B,1.671954994475588e-08,-1.621023948566024e-08,5.093104590956399e-10,0.3814041419046172,2.8439769570907397e-09,1.5513228630504157e-10
revisions,63,unchanged,dynamic,Credit A,30.68817585535889,0.02271426054059056,30.71089011589948,-0.3330972911348452,2.8439769570907397e-09,1.5513228630504157e-10
revisions,63,unchanged,dynamic,Credit B,10.0060433183636,-4.349415308330107e-05,10.005999824210516,0.3647325165342731,2.8439769570907397e-09,1.5513228630504157e-10
revisions,63,unchanged,dynamic,Equity ETF,20.467537907926193,-7.587541706044476e-11,20.467537907850318,-2.0117770810860307e-09,2.8439769570907397e-09,1.5513228630504157e-10
revisions,63,unchanged,dynamic,Duration ETF,3.513153509685196e-09,-3.2349889866020186e-09,2.7816452308317736e-10,2.079755796589936e-08,2.8439769570907397e-09,1.5513228630504157e-10
revisions,63,unchanged,dynamic,Credit ETF,5.1489616870884085e-09,-4.445749911589615e-09,7.032117754987928e-10,2.7479061706159245e-08,2.8439769570907397e-09,1.5513228630504157e-10
revisions,64,premium_down_persistent,etf_only,Equity A,18.569722190614858,-2.300937218535637e-12,18.569722190612556,-2.5648956808029517,5.665849664031374e-09,0.26818631369486173
revisions,64,premium_down_persistent,etf_only,Equity B,8.045921510289954,-1.2545520178264269e-12,8.0459215102887,-1.3276328469542455,5.665849664031374e-09,0.26818631369486173
revisions,64,premium_down_persistent,etf_only,Duration A,12.222599191706534,7.374656441072602e-12,12.22259919171391,9.14917303400839,5.665849664031374e-09,0.26818631369486173
revisions,64,premium_down_persistent,etf_only,Duration B,1.671954994475588e-08,-1.5282075849773994e-08,1.4374740949818868e-09,0.43425424603018137,5.665849664031374e-09,0.26818631369486173
revisions,64,premium_down_persistent,etf_only,Credit A,30.68817585535889,4.113376306236205e-12,30.688175855363003,0.0932137587948711,5.665849664031374e-09,0.26818631369486173
revisions,64,premium_down_persistent,etf_only,Credit B,10.0060433183636,4.823919041996305e-12,10.006043318368423,0.987260246408519,5.665849664031374e-09,0.26818631369486173
revisions,64,premium_down_persistent,etf_only,Equity ETF,20.467537907926193,-6.705998768959132,13.761539138967061,-0.19689038497848085,5.665849664031374e-09,0.26818631369486173
revisions,64,premium_down_persistent,etf_only,Duration ETF,3.513153509685196e-09,6.703316896128008,6.7033168996411625,-6.575836899706417,5.665849664031374e-09,0.26818631369486173
revisions,64,premium_down_persistent,etf_only,Credit ETF,5.1489616870884085e-09,1.9655946249655196e-08,2.4804907936743603e-08,-1.4497013737378732e-08,5.665849664031374e-09,0.26818631369486173
revisions,64,premium_down_persistent,myopic,Equity A,18.569722190614858,-4.945723597127419,13.623998593487437,0.22535625813273896,7.362512949836159e-10,0.04147081717492738
revisions,64,premium_down_persistent,myopic,Equity B,8.045921510289954,-2.6679716615803684,5.377949848709586,0.1774199772256972,7.362512949836159e-10,0.04147081717492738
revisions,64,premium_down_persistent,myopic,Duration A,12.222599191706534,9.204830743855293,21.42742993556183,-0.061090637168946506,7.362512949836159e-10,0.04147081717492738
revisions,64,premium_down_persistent,myopic,Duration B,1.671954994475588e-08,-1.3231179767976348e-08,3.488370176779531e-09,0.4181459458314626,7.362512949836159e-10,0.04147081717492738
revisions,64,premium_down_persistent,myopic,Credit A,30.68817585535889,-0.08343906175596327,30.604736793602928,-0.23040447772166556,7.362512949836159e-10,0.04147081717492738
revisions,64,premium_down_persistent,myopic,Credit B,10.0060433183636,0.5654297400363064,10.571473058399906,0.33771342698427415,7.362512949836159e-10,0.04147081717492738
revisions,64,premium_down_persistent,myopic,Equity ETF,20.467537907926193,-2.0735408528149426,18.39399705511125,-0.8673139552985704,7.362512949836159e-10,0.04147081717492738
revisions,64,premium_down_persistent,myopic,Duration ETF,3.513153509685196e-09,-2.4738015446793836e-09,1.0393519650058125e-09,-1.6667527250719574e-10,7.362512949836159e-10,0.04147081717492738
revisions,64,premium_down_persistent,myopic,Credit ETF,5.1489616870884085e-09,-3.457625052791256e-09,1.6913366342971526e-09,-3.321221882530535e-10,7.362512949836159e-10,0.04147081717492738
revisions,64,premium_down_persistent,dynamic,Equity A,18.569722190614858,-2.316224641290221,16.253497549324635,-0.1764748608552062,2.829975879864151e-09,0.13587245353041152
revisions,64,premium_down_persistent,dynamic,Equity B,8.045921510289954,-1.2275462158581134,6.818375294431841,-0.06152829903335682,2.829975879864151e-09,0.13587245353041152
revisions,64,premium_down_persistent,dynamic,Duration A,12.222599191706534,9.241877802223744,21.46447699393028,-0.0048717744504205235,2.829975879864151e-09,0.13587245353041152
revisions,64,premium_down_persistent,dynamic,Duration B,1.671954994475588e-08,-1.5803879337445216e-08,9.156706073106666e-10,0.43460280946095653,2.829975879864151e-09,0.13587245353041152
revisions,64,premium_down_persistent,dynamic,Credit A,30.68817585535889,0.4197493503397487,31.10792520569864,-0.3174543531981322,2.829975879864151e-09,0.13587245353041152
revisions,64,premium_down_persistent,dynamic,Credit B,10.0060433183636,0.6744076699023188,10.68045098826592,0.3177796749868538,2.829975879864151e-09,0.13587245353041152
revisions,64,premium_down_persistent,dynamic,Equity ETF,20.467537907926193,-6.793622668513876,13.673915239412315,-0.19209161967968638,2.829975879864151e-09,0.13587245353041152
revisions,64,premium_down_persistent,dynamic,Duration ETF,3.513153509685196e-09,-3.281640058358744e-09,2.315134513264524e-10,1.887147925786538e-09,2.829975879864151e-09,0.13587245353041152
revisions,64,premium_down_persistent,dynamic,Credit ETF,5.1489616870884085e-09,-4.7250588069073236e-09,4.239028801810853e-10,2.280479569270705e-09,2.829975879864151e-09,0.13587245353041152
revisions,65,premium_up_persistent,etf_only,Equity A,18.569722190614858,-7.610773122834757e-10,18.56972218985378,4.4517267040374495,2.015432185287888e-09,7.257783843851281e-10
revisions,65,premium_up_persistent,etf_only,Equity B,8.045921510289954,-7.614422981028213e-10,8.045921509528513,2.4280011766721112,2.015432185287888e-09,7.257783843851281e-10
revisions,65,premium_up_persistent,etf_only,Duration A,12.222599191706534,-8.139752760705221e-10,12.22259919089256,-8.72605969569991,2.015432185287888e-09,7.257783843851281e-10
revisions,65,premium_up_persistent,etf_only,Duration B,1.671954994475588e-08,-1.5388842470930654e-08,1.3307074738252264e-09,0.2270667922573528,2.015432185287888e-09,7.257783843851281e-10
revisions,65,premium_up_persistent,etf_only,Credit A,30.68817585535889,-7.702227744488255e-10,30.688175854588668,-0.3442619983082172,2.015432185287888e-09,7.257783843851281e-10
revisions,65,premium_up_persistent,etf_only,Credit B,10.0060433183636,-7.754352715494406e-10,10.006043317588166,-0.32328732371545577,2.015432185287888e-09,7.257783843851281e-10
revisions,65,premium_up_persistent,etf_only,Equity ETF,20.467537907926193,2.6947763465123842e-08,20.467537934873956,2.2863570698626074,2.015432185287888e-09,7.257783843851281e-10
revisions,65,premium_up_persistent,etf_only,Duration ETF,3.513153509685196e-09,-3.785385613719423e-09,-2.722321040342273e-10,2.7916525320275982e-09,2.015432185287888e-09,7.257783843851281e-10
revisions,65,premium_up_persistent,etf_only,Credit ETF,5.1489616870884085e-09,-5.55577014041314e-09,-4.0680845332473184e-10,2.4888570958465226e-09,2.015432185287888e-09,7.257783843851281e-10
revisions,65,premium_up_persistent,myopic,Equity A,18.569722190614858,4.943177491685128,23.512899682299985,-0.8479447539699666,9.357737675019795e-10,0.04156267228074739
revisions,65,premium_up_persistent,myopic,Equity B,8.045921510289954,2.6665651360026827,10.712486646292637,-0.4312177381065558,9.357737675019795e-10,0.04156267228074739
revisions,65,premium_up_persistent,myopic,Duration A,12.222599191706534,-9.205458800050422,3.017140391656111,0.5964939128880997,9.357737675019795e-10,0.04156267228074739
revisions,65,premium_up_persistent,myopic,Duration B,1.671954994475588e-08,-1.086881730553997e-08,5.850732639215911e-09,0.2287262135224447,9.357737675019795e-10,0.04156267228074739
revisions,65,premium_up_persistent,myopic,Credit A,30.68817585535889,0.08281940812588373,30.770995263484775,-0.4753935295345653,9.357737675019795e-10,0.04156267228074739
revisions,65,premium_up_persistent,myopic,Credit B,10.0060433183636,-0.5656524568337595,9.44039086152984,0.22356463929476145,9.357737675019795e-10,0.04156267228074739
revisions,65,premium_up_persistent,myopic,Equity ETF,20.467537907926193,2.078133609338198,22.545671517264392,0.7056301296917404,9.357737675019795e-10,0.04156267228074739
revisions,65,premium_up_persistent,myopic,Duration ETF,3.513153509685196e-09,-1.4282645553654107e-09,2.0848889543197852e-09,3.467034935988031e-10,9.357737675019795e-10,0.04156267228074739
revisions,65,premium_up_persistent,myopic,Credit ETF,5.1489616870884085e-09,-3.270906901000119e-09,1.87805478608829e-09,2.4908318271608035e-10,9.357737675019795e-10,0.04156267228074739
revisions,65,premium_up_persistent,dynamic,Equity A,18.569722190614858,2.50390541082631,21.073627601441167,-0.5969555799498408,1.8235024547199469e-09,0.13198043876327728
revisions,65,premium_up_persistent,dynamic,Equity B,8.045921510289954,1.321020412063796,9.366941922353751,-0.29203206121601744,1.8235024547199469e-09,0.13198043876327728
revisions,65,premium_up_persistent,dynamic,Duration A,12.222599191706534,-9.405909370242561,2.816689821463973,0.7121842363721679,1.8235024547199469e-09,0.13198043876327728
revisions,65,premium_up_persistent,dynamic,Duration B,1.671954994475588e-08,-1.6482367876683474e-08,2.371820680724067e-10,0.21952674834786845,1.8235024547199469e-09,0.13198043876327728
revisions,65,premium_up_persistent,dynamic,Credit A,30.68817585535889,-0.357562615658652,30.330613239700238,-0.44794091040349077,1.8235024547199469e-09,0.13198043876327728
revisions,65,premium_up_persistent,dynamic,Credit B,10.0060433183636,-0.6617955540224527,9.344247764341148,0.22602135452549185,1.8235024547199469e-09,0.13198043876327728
revisions,65,premium_up_persistent,dynamic,Equity ETF,20.467537907926193,6.599021932913479,27.06655984083967,0.1791603760448779,1.8235024547199469e-09,0.13198043876327728
revisions,65,premium_up_persistent,dynamic,Duration ETF,3.513153509685196e-09,-3.2839985059831497e-09,2.2915500370204618e-10,3.199223691638719e-09,1.8235024547199469e-09,0.13198043876327728
revisions,65,premium_up_persistent,dynamic,Credit ETF,5.1489616870884085e-09,-1.966385638050369e-09,3.1825760490380394e-09,5.31281733579081e-10,1.8235024547199469e-09,0.13198043876327728
revisions,66,premium_down_reverting,etf_only,Equity A,18.569722190614858,-2.300937218535637e-12,18.569722190612556,-1.4516339180904159,5.665849664031374e-09,0.26818631369486173
revisions,66,premium_down_reverting,etf_only,Equity B,8.045921510289954,-1.2545520178264269e-12,8.0459215102887,-0.7253766586003478,5.665849664031374e-09,0.26818631369486173
revisions,66,premium_down_reverting,etf_only,Duration A,12.222599191706534,7.374656441072602e-12,12.22259919171391,7.351209403660497,5.665849664031374e-09,0.26818631369486173
revisions,66,premium_down_reverting,etf_only,Duration B,1.671954994475588e-08,-1.5282075849773994e-08,1.4374740949818868e-09,0.42885711172428714,5.665849664031374e-09,0.26818631369486173
revisions,66,premium_down_reverting,etf_only,Credit A,30.68817585535889,4.113376306236205e-12,30.688175855363003,0.1320244766298901,5.665849664031374e-09,0.26818631369486173
revisions,66,premium_down_reverting,etf_only,Credit B,10.0060433183636,4.823919041996305e-12,10.006043318368423,0.8862047154839773,5.665849664031374e-09,0.26818631369486173
revisions,66,premium_down_reverting,etf_only,Equity ETF,20.467537907926193,-6.705998768959132,13.761539138967061,-0.006654531168640739,5.665849664031374e-09,0.26818631369486173
revisions,66,premium_down_reverting,etf_only,Duration ETF,3.513153509685196e-09,6.703316896128008,6.7033168996411625,-6.615955103967605,5.665849664031374e-09,0.26818631369486173
revisions,66,premium_down_reverting,etf_only,Credit ETF,5.1489616870884085e-09,1.9655946249655196e-08,2.4804907936743603e-08,-1.3373528728583434e-08,5.665849664031374e-09,0.26818631369486173
revisions,66,premium_down_reverting,myopic,Equity A,18.569722190614858,-4.945723597127419,13.623998593487437,1.1985845669145723,7.362512949836159e-10,0.04147081717492738
revisions,66,premium_down_reverting,myopic,Equity B,8.045921510289954,-2.6679716615803684,5.377949848709586,0.6772174658571652,7.362512949836159e-10,0.04147081717492738
revisions,66,premium_down_reverting,myopic,Duration A,12.222599191706534,9.204830743855293,21.42742993556183,-1.897897435891374,7.362512949836159e-10,0.04147081717492738
revisions,66,premium_down_reverting,myopic,Duration B,1.671954994475588e-08,-1.3231179767976348e-08,3.488370176779531e-09,0.4096540260148801,7.362512949836159e-10,0.04147081717492738
revisions,66,premium_down_reverting,myopic,Credit A,30.68817585535889,-0.08343906175596327,30.604736793602928,-0.21791775793467233,7.362512949836159e-10,0.04147081717492738
revisions,66,premium_down_reverting,myopic,Credit B,10.0060433183636,0.5654297400363064,10.571473058399906,0.22935316839038442,7.362512949836159e-10,0.04147081717492738
revisions,66,premium_down_reverting,myopic,Equity ETF,20.467537907926193,-2.0735408528149426,18.39399705511125,-0.3990738497758618,7.362512949836159e-10,0.04147081717492738
revisions,66,premium_down_reverting,myopic,Duration ETF,3.513153509685196e-09,-2.4738015446793836e-09,1.0393519650058125e-09,9.369659193223953e-10,7.362512949836159e-10,0.04147081717492738
revisions,66,premium_down_reverting,myopic,Credit ETF,5.1489616870884085e-09,-3.457625052791256e-09,1.6913366342971526e-09,9.478189075219117e-10,7.362512949836159e-10,0.04147081717492738
revisions,66,premium_down_reverting,dynamic,Equity A,18.569722190614858,-2.9233455228491856,15.646376667765672,0.9882526484481338,2.676010012742764e-09,0.11377321864379873
revisions,66,premium_down_reverting,dynamic,Equity B,8.045921510289954,-1.5611479168524511,6.484773593437504,0.5681211327250609,2.676010012742764e-09,0.11377321864379873
revisions,66,premium_down_reverting,dynamic,Duration A,12.222599191706534,9.215722419577144,21.43832161128368,-1.834577614360686,2.676010012742764e-09,0.11377321864379873
revisions,66,premium_down_reverting,dynamic,Duration B,1.671954994475588e-08,-1.6073316099572365e-08,6.462338451835168e-10,0.4244492748810545,2.676010012742764e-09,0.11377321864379873
revisions,66,premium_down_reverting,dynamic,Credit A,30.68817585535889,0.30721547782471825,30.99539133318361,-0.271329441522156,2.676010012742764e-09,0.11377321864379873
revisions,66,premium_down_reverting,dynamic,Credit B,10.0060433183636,0.6490787560588823,10.655122074422483,0.21762522330475784,2.676010012742764e-09,0.11377321864379873
revisions,66,premium_down_reverting,dynamic,Equity ETF,20.467537907926193,-5.68866092430213,14.778876983624063,-0.09255974022652748,2.676010012742764e-09,0.11377321864379873
revisions,66,premium_down_reverting,dynamic,Duration ETF,3.513153509685196e-09,-3.2796347943256734e-09,2.3351871535952263e-10,2.0712736184418254e-09,2.676010012742764e-09,0.11377321864379873
revisions,66,premium_down_reverting,dynamic,Credit ETF,5.1489616870884085e-09,-4.608171840903238e-09,5.407898461851708e-10,2.4161526135487045e-09,2.676010012742764e-09,0.11377321864379873
revisions,67,premium_up_reverting,etf_only,Equity A,18.569722190614858,-7.610773122834757e-10,18.56972218985378,4.133979742869351,2.015432185287888e-09,7.257783843851281e-10
revisions,67,premium_up_reverting,etf_only,Equity B,8.045921510289954,-7.614422981028213e-10,8.045921509528513,2.2720889700394014,2.015432185287888e-09,7.257783843851281e-10
revisions,67,premium_up_reverting,etf_only,Duration A,12.222599191706534,-8.139752760705221e-10,12.22259919089256,-7.077304745608395,2.015432185287888e-09,7.257783843851281e-10
revisions,67,premium_up_reverting,etf_only,Duration B,1.671954994475588e-08,-1.5388842470930654e-08,1.3307074738252264e-09,0.30208169078434993,2.015432185287888e-09,7.257783843851281e-10
revisions,67,premium_up_reverting,etf_only,Credit A,30.68817585535889,-7.702227744488255e-10,30.688175854588668,-0.17677240169930084,2.015432185287888e-09,7.257783843851281e-10
revisions,67,premium_up_reverting,etf_only,Credit B,10.0060433183636,-7.754352715494406e-10,10.006043317588166,-0.09459061203740045,2.015432185287888e-09,7.257783843851281e-10
revisions,67,premium_up_reverting,etf_only,Equity ETF,20.467537907926193,2.6947763465123842e-08,20.467537934873956,0.6403892760923432,2.015432185287888e-09,7.257783843851281e-10
revisions,67,premium_up_reverting,etf_only,Duration ETF,3.513153509685196e-09,-3.785385613719423e-09,-2.722321040342273e-10,1.822773458173977e-09,2.015432185287888e-09,7.257783843851281e-10
revisions,67,premium_up_reverting,etf_only,Credit ETF,5.1489616870884085e-09,-5.55577014041314e-09,-4.0680845332473184e-10,1.7489211779715065e-09,2.015432185287888e-09,7.257783843851281e-10
revisions,67,premium_up_reverting,myopic,Equity A,18.569722190614858,4.943177491685128,23.512899682299985,-1.8815416833525858,9.357737675019795e-10,0.04156267228074739
revisions,67,premium_up_reverting,myopic,Equity B,8.045921510289954,2.6665651360026827,10.712486646292637,-0.9822925668412971,9.357737675019795e-10,0.04156267228074739
revisions,67,premium_up_reverting,myopic,Duration A,12.222599191706534,-9.205458800050422,3.017140391656111,2.2389175155127714,9.357737675019795e-10,0.04156267228074739
revisions,67,premium_up_reverting,myopic,Duration B,1.671954994475588e-08,-1.086881730553997e-08,5.850732639215911e-09,0.30071957027095264,9.357737675019795e-10,0.04156267228074739
revisions,67,premium_up_reverting,myopic,Credit A,30.68817585535889,0.08281940812588373,30.770995263484775,-0.4503410379112608,9.357737675019795e-10,0.04156267228074739
revisions,67,premium_up_reverting,myopic,Credit B,10.0060433183636,-0.5656524568337595,9.44039086152984,0.40945362257573065,9.357737675019795e-10,0.04156267228074739
revisions,67,premium_up_reverting,myopic,Equity ETF,20.467537907926193,2.078133609338198,22.545671517264392,0.3650115770146358,9.357737675019795e-10,0.04156267228074739
revisions,67,premium_up_reverting,myopic,Duration ETF,3.513153509685196e-09,-1.4282645553654107e-09,2.0848889543197852e-09,3.606134848086481e-10,9.357737675019795e-10,0.04156267228074739
revisions,67,premium_up_reverting,myopic,Credit ETF,5.1489616870884085e-09,-3.270906901000119e-09,1.87805478608829e-09,5.201043269653853e-10,9.357737675019795e-10,0.04156267228074739
revisions,67,premium_up_reverting,dynamic,Equity A,18.569722190614858,3.1113228532286956,21.681045043843554,-1.7671385326806246,2.948803113547846e-09,0.1099895388610597
revisions,67,premium_up_reverting,dynamic,Equity B,8.045921510289954,1.6550681370306062,9.700989647320561,-0.9172903222136408,2.948803113547846e-09,0.1099895388610597
revisions,67,premium_up_reverting,dynamic,Duration A,12.222599191706534,-9.381339446464763,2.841259745241773,2.344097179062221,2.948803113547846e-09,0.1099895388610597
revisions,67,premium_up_reverting,dynamic,Duration B,1.671954994475588e-08,-1.6695015767580833e-08,2.45341771750488e-11,0.29376402656060413,2.948803113547846e-09,0.1099895388610597
revisions,67,premium_up_reverting,dynamic,Credit A,30.68817585535889,-0.24202564149448103,30.44615021386441,-0.44790723666062116,2.948803113547846e-09,0.1099895388610597
revisions,67,premium_up_reverting,dynamic,Credit B,10.0060433183636,-0.6436027103500539,9.362440608013546,0.41637227073389904,2.948803113547846e-09,0.1099895388610597
revisions,67,premium_up_reverting,dynamic,Equity ETF,20.467537907926193,5.499476934909442,25.967014842835635,0.07808699062338106,2.948803113547846e-09,0.1099895388610597
revisions,67,premium_up_reverting,dynamic,Duration ETF,3.513153509685196e-09,-3.282705701301783e-09,2.3044780838341307e-10,2.7882579792611202e-09,2.948803113547846e-09,0.1099895388610597
revisions,67,premium_up_reverting,dynamic,Credit ETF,5.1489616870884085e-09,-4.860836719788017e-09,2.881249673003913e-10,3.858673642605621e-09,2.948803113547846e-09,0.1099895388610597
revisions,68,alpha_up,etf_only,Equity A,18.569722190614858,-9.106798648517156e-10,18.569722189704176,7.076520024684036,-1.1657072702684726e-09,3.3635544946803664e-10
revisions,68,alpha_up,etf_only,Equity B,8.045921510289954,-9.260606170791164e-10,8.045921509363895,-2.8234855867620965,-1.1657072702684726e-09,3.3635544946803664e-10
revisions,68,alpha_up,etf_only,Duration A,12.222599191706534,-9.260592293003356e-10,12.222599190780475,0.22926021477863928,-1.1657072702684726e-09,3.3635544946803664e-10
revisions,68,alpha_up,etf_only,Duration B,1.671954994475588e-08,-7.233646074055542e-09,9.485903870700338e-09,0.3546003807078774,-1.1657072702684726e-09,3.3635544946803664e-10
revisions,68,alpha_up,etf_only,Credit A,30.68817585535889,-9.260592293003356e-10,30.68817585443283,-1.1343548371810193,-1.1657072702684726e-09,3.3635544946803664e-10
revisions,68,alpha_up,etf_only,Credit B,10.0060433183636,-9.260592293003356e-10,10.006043317437541,0.24605060549711907,-1.1657072702684726e-09,3.3635544946803664e-10
revisions,68,alpha_up,etf_only,Equity ETF,20.467537907926193,1.2836476326327784e-08,20.46753792076267,-3.949380678579262,-1.1657072702684726e-09,3.3635544946803664e-10
revisions,68,alpha_up,etf_only,Duration ETF,3.513153509685196e-09,-1.724281118501691e-09,1.7888723911835051e-09,2.218310880251728e-09,-1.1657072702684726e-09,3.3635544946803664e-10
revisions,68,alpha_up,etf_only,Credit ETF,5.1489616870884085e-09,2.2570150285723567e-09,7.405976715660765e-09,-2.3238968068142287e-09,-1.1657072702684726e-09,3.3635544946803664e-10
revisions,68,alpha_up,myopic,Equity A,18.569722190614858,7.225310266344753,25.79503245695961,0.021994288560392213,9.251962407934538e-10,0.0699755325091479
revisions,68,alpha_up,myopic,Equity B,8.045921510289954,-2.8784135390951473,5.167507971194808,0.17462222517974083,9.251962407934538e-10,0.0699755325091479
revisions,68,alpha_up,myopic,Duration A,12.222599191706534,0.1391684876967933,12.361767679403329,0.11345422265739433,9.251962407934538e-10,0.0699755325091479
revisions,68,alpha_up,myopic,Duration B,1.671954994475588e-08,1.2366178927389415e-09,1.7956167837494823e-08,0.3548324908972302,9.251962407934538e-10,0.0699755325091479
revisions,68,alpha_up,myopic,Credit A,30.68817585535889,-0.8553810370609094,29.83279481829798,-0.2176596029691199,9.251962407934538e-10,0.0699755325091479
revisions,68,alpha_up,myopic,Credit B,10.0060433183636,-0.1326073180079712,9.873436000355628,0.39439681338996085,9.251962407934538e-10,0.0699755325091479
revisions,68,alpha_up,myopic,Equity ETF,20.467537907926193,-3.4987766212317584,16.968761286694434,-0.8418087921391719,9.251962407934538e-10,0.0699755325091479
revisions,68,alpha_up,myopic,Duration ETF,3.513153509685196e-09,2.4648939332302537e-09,5.9780474429154496e-09,-3.6792356257230577e-09,9.251962407934538e-10,0.0699755325091479
revisions,68,alpha_up,myopic,Credit ETF,5.1489616870884085e-09,1.760742451774712e-09,6.909704138863121e-09,-4.126271101410022e-09,9.251962407934538e-10,0.0699755325091479
revisions,68,alpha_up,dynamic,Equity A,18.569722190614858,9.865522163334994,28.43524435394985,-0.38087617801054674,2.5597172036200206e-09,0.16422612267270958
revisions,68,alpha_up,dynamic,Equity B,8.045921510289954,-1.4434669529494681,6.6024545573404865,-0.06426547150581793,2.5597172036200206e-09,0.16422612267270958
revisions,68,alpha_up,dynamic,Duration A,12.222599191706534,0.16996333306827233,12.392562524774807,0.17706741875251242,2.5597172036200206e-09,0.16422612267270958
revisions,68,alpha_up,dynamic,Duration B,1.671954994475588e-08,-1.6388226847010948e-08,3.3132309774493345e-10,0.3714831599924625,2.5597172036200206e-09,0.16422612267270958
revisions,68,alpha_up,dynamic,Credit A,30.68817585535889,-0.3576395556427192,30.330536299716172,-0.29584399456750743,2.5597172036200206e-09,0.16422612267270958
revisions,68,alpha_up,dynamic,Credit B,10.0060433183636,-0.02471510121551529,9.981328217148084,0.3765894514101607,2.5597172036200206e-09,0.16422612267270958
revisions,68,alpha_up,dynamic,Equity ETF,20.467537907926193,-8.211306126062084,12.256231781864107,-0.18419123466348364,2.5597172036200206e-09,0.16422612267270958
revisions,68,alpha_up,dynamic,Duration ETF,3.513153509685196e-09,-3.2181612095905156e-09,2.9499230009468074e-10,4.290531390391556e-09,2.5597172036200206e-09,0.16422612267270958
revisions,68,alpha_up,dynamic,Credit ETF,5.1489616870884085e-09,-4.3552327535769355e-09,7.937289335114731e-10,5.386547190266336e-09,2.5597172036200206e-09,0.16422612267270958
revisions,69,alpha_down,etf_only,Equity A,18.569722190614858,6.655787032627813e-11,18.569722190681414,-7.631316639653911,-8.190608446549919e-10,4.885378360459293e-11
revisions,69,alpha_down,etf_only,Equity B,8.045921510289954,9.546391455117487e-11,8.04592151038542,2.6948270309034035,-8.190608446549919e-10,4.885378360459293e-11
revisions,69,alpha_down,etf_only,Duration A,12.222599191706534,9.546669010873643e-11,12.222599191802,-0.11594297688310262,-8.190608446549919e-10,4.885378360459293e-11
revisions,69,alpha_down,etf_only,Duration B,1.671954994475588e-08,9.916688418597131e-10,1.7711218786615595e-08,0.4142332470991721,-8.190608446549919e-10,4.885378360459293e-11
revisions,69,alpha_down,etf_only,Credit A,30.68817585535889,9.547362900264034e-11,30.688175855454364,0.5326375102948332,-8.190608446549919e-10,4.885378360459293e-11
revisions,69,alpha_down,etf_only,Credit B,10.0060433183636,9.546946566629799e-11,10.006043318459069,0.48534493644204174,-8.190608446549919e-10,4.885378360459293e-11
revisions,69,alpha_down,etf_only,Equity ETF,20.467537907926193,1.2153056339059276e-10,20.467537908047724,3.619492992068818,-8.190608446549919e-10,4.885378360459293e-11
revisions,69,alpha_down,etf_only,Duration ETF,3.513153509685196e-09,-1.3529575040941322e-09,2.160196005591064e-09,1.3528471472668948e-09,-8.190608446549919e-10,4.885378360459293e-11
revisions,69,alpha_down,etf_only,Credit ETF,5.1489616870884085e-09,9.682011127449213e-10,6.11716279983333e-09,-9.994925554272906e-10,-8.190608446549919e-10,4.885378360459293e-11
revisions,69,alpha_down,myopic,Equity A,18.569722190614858,-7.225352127574578,11.34437006304028,-0.6859894571336758,7.741236765212978e-10,0.0699754378186446
revisions,69,alpha_down,myopic,Equity B,8.045921510289954,2.8783796002679147,10.92430111055787,-0.4211631964990786,7.741236765212978e-10,0.0699754378186446
revisions,69,alpha_down,myopic,Duration A,12.222599191706534,-0.14002994245120304,12.082569249255332,0.004561944701363205,7.741236765212978e-10,0.0699754378186446
revisions,69,alpha_down,myopic,Duration B,1.671954994475588e-08,4.4685891215086e-09,2.118813906626448e-08,0.4107082219300534,7.741236765212978e-10,0.0699754378186446
revisions,69,alpha_down,myopic,Credit A,30.68817585535889,0.8551208738503291,31.54329672920922,-0.3982342691356621,7.741236765212978e-10,0.0699754378186446
revisions,69,alpha_down,myopic,Credit B,10.0060433183636,0.13240994571270953,10.13845326407631,0.3357596598335217,7.741236765212978e-10,0.0699754378186446
revisions,69,alpha_down,myopic,Equity ETF,20.467537907926193,3.4987718893062763,23.96630979723247,0.754206260207913,7.741236765212978e-10,0.0699754378186446
revisions,69,alpha_down,myopic,Duration ETF,3.513153509685196e-09,7.45503287379679e-10,4.258656797064875e-09,-2.231517735129039e-09,7.741236765212978e-10,0.0699754378186446
revisions,69,alpha_down,myopic,Credit ETF,5.1489616870884085e-09,8.804504175388346e-10,6.029412104627243e-09,-3.204992589469341e-09,7.741236765212978e-10,0.0699754378186446
revisions,69,alpha_down,dynamic,Equity A,18.569722190614858,-9.669818111232368,8.899904079382488,-0.4097526673114706,2.5793657015366024e-09,0.1604408092736575
revisions,69,alpha_down,dynamic,Equity B,8.045921510289954,1.5413972131321785,9.587318723422133,-0.27803835080785444,2.5793657015366024e-09,0.1604408092736575
revisions,69,alpha_down,dynamic,Duration A,12.222599191706534,-0.34576825232714437,11.87683093937939,0.12384960555846261,2.5793657015366024e-09,0.1604408092736575
revisions,69,alpha_down,dynamic,Duration B,1.671954994475588e-08,-1.5751279323482008e-08,9.682706212738719e-10,0.39219554125543954,2.5793657015366024e-09,0.1604408092736575
revisions,69,alpha_down,dynamic,Credit A,30.68817585535889,0.4219317615914209,31.110107616950312,-0.3689568231145254,2.5793657015366024e-09,0.1604408092736575
revisions,69,alpha_down,dynamic,Credit B,10.0060433183636,0.028612546105036274,10.034655864468636,0.353830548008227,2.5793657015366024e-09,0.1604408092736575
revisions,69,alpha_down,dynamic,Equity ETF,20.467537907926193,8.022040455925616,28.48957836385181,0.18683476636282345,2.5793657015366024e-09,0.1604408092736575
revisions,69,alpha_down,dynamic,Duration ETF,3.513153509685196e-09,-3.190043411805826e-09,3.231100978793698e-10,5.231482630228197e-09,2.5793657015366024e-09,0.1604408092736575
revisions,69,alpha_down,dynamic,Credit ETF,5.1489616870884085e-09,-4.567215563747796e-09,5.817461233406126e-10,6.991293091548267e-09,2.5793657015366024e-09,0.1604408092736575
revisions,70,anticipated_down,etf_only,Equity A,18.569722190614858,-6.564915278062244e-10,18.569722189958366,-5.010580603675012,-3.461229173678076e-09,2.800667436638032e-10
revisions,70,anticipated_down,etf_only,Equity B,8.045921510289954,-6.564970789213476e-10,8.045921509633459,-2.6032868031795555,-3.461229173678076e-09,2.800667436638032e-10
revisions,70,anticipated_down,etf_only,Duration A,12.222599191706534,-6.564929155850052e-10,12.222599191050042,9.256203711244376,-3.461229173678076e-09,2.800667436638032e-10
revisions,70,anticipated_down,etf_only,Duration B,1.671954994475588e-08,-6.904132107834952e-09,9.815417836920928e-09,0.42003308456443933,-3.461229173678076e-09,2.800667436638032e-10
revisions,70,anticipated_down,etf_only,Credit A,30.68817585535889,-6.564970789213476e-10,30.688175854702394,-0.3318292316781908,-3.461229173678076e-09,2.800667436638032e-10
revisions,70,anticipated_down,etf_only,Credit B,10.0060433183636,-6.564956911425668e-10,10.006043317707105,0.9150487733162855,-3.461229173678076e-09,2.800667436638032e-10
revisions,70,anticipated_down,etf_only,Equity ETF,20.467537907926193,4.2867542848767926e-09,20.467537912212947,-2.6461181436694727,-3.461229173678076e-09,2.800667436638032e-10
revisions,70,anticipated_down,etf_only,Duration ETF,3.513153509685196e-09,2.4939092058015415e-09,6.007062715486737e-09,-3.821387647490579e-09,-3.461229173678076e-09,2.800667436638032e-10
revisions,70,anticipated_down,etf_only,Credit ETF,5.1489616870884085e-09,7.222673692511825e-09,1.2371635379600233e-08,-8.285779997171942e-09,-3.461229173678076e-09,2.800667436638032e-10
revisions,70,anticipated_down,myopic,Equity A,18.569722190614858,-1.1136647160014945e-10,18.56972219050349,-5.010580632724546,6.765403094726063e-10,1.2535572844007643e-10
revisions,70,anticipated_down,myopic,Equity B,8.045921510289954,-9.686265678432449e-10,8.045921509321328,-2.60328681809817,6.765403094726063e-10,1.2535572844007643e-10
revisions,70,anticipated_down,myopic,Duration A,12.222599191706534,9.658512878374381e-09,12.222599201365048,9.25620370920862,6.765403094726063e-10,1.2535572844007643e-10
revisions,70,anticipated_down,myopic,Duration B,1.671954994475588e-08,-9.855514817843993e-09,6.864035126911888e-09,0.42003307501226694,6.765403094726063e-10,1.2535572844007643e-10
revisions,70,anticipated_down,myopic,Credit A,30.68817585535889,2.8169577781511634e-09,30.688175858175846,-0.3318292388430317,6.765403094726063e-10,1.2535572844007643e-10
revisions,70,anticipated_down,myopic,Credit B,10.0060433183636,7.198547313791437e-10,10.006043319083455,0.9150487720361875,6.765403094726063e-10,1.2535572844007643e-10
revisions,70,anticipated_down,myopic,Equity ETF,20.467537907926193,1.844238650683394e-09,20.46753790977043,-2.6461180890755323,6.765403094726063e-10,1.2535572844007643e-10
revisions,70,anticipated_down,myopic,Duration ETF,3.513153509685196e-09,-1.6514702140373875e-09,1.8616832956478086e-09,-5.736751871603754e-10,6.765403094726063e-10,1.2535572844007643e-10
revisions,70,anticipated_down,myopic,Credit ETF,5.1489616870884085e-09,-2.7720775572830385e-09,2.37688412980537e-09,-3.744302423712567e-10,6.765403094726063e-10,1.2535572844007643e-10
revisions,70,anticipated_down,dynamic,Equity A,18.569722190614858,0.052662625289306986,18.622384815904162,-5.063975931816213,2.908704872217981e-09,3.871105376853212e-10
revisions,70,anticipated_down,dynamic,Equity B,8.045921510289954,0.02253370098154739,8.068455211271502,-2.6261010720942535,2.908704872217981e-09,3.871105376853212e-10
revisions,70,anticipated_down,dynamic,Duration A,12.222599191706534,-0.10059394138887401,12.122005250317661,9.357610418007987,2.908704872217981e-09,3.871105376853212e-10
revisions,70,anticipated_down,dynamic,Duration B,1.671954994475588e-08,-1.652673163414492e-08,1.928183106109606e-10,0.4200446220202328,2.908704872217981e-09,3.871105376853212e-10
revisions,70,anticipated_down,dynamic,Credit A,30.68817585535889,0.0259341935461177,30.714110048905006,-0.3578078259261007,2.908704872217981e-09,3.871105376853212e-10
revisions,70,anticipated_down,dynamic,Credit B,10.0060433183636,-0.0005365451001132504,10.005506773263487,0.9156902814578504,2.908704872217981e-09,3.871105376853212e-10
revisions,70,anticipated_down,dynamic,Equity ETF,20.467537907926193,-1.1548692557816764e-08,20.4675378963775,-2.6459897005704436,2.908704872217981e-09,3.871105376853212e-10
revisions,70,anticipated_down,dynamic,Duration ETF,3.513153509685196e-09,-3.2156594711191145e-09,2.9749403856608197e-10,4.651108563805394e-09,2.908704872217981e-09,3.871105376853212e-10
revisions,70,anticipated_down,dynamic,Credit ETF,5.1489616870884085e-09,-4.5911748553301805e-09,5.57786831758228e-10,5.6863294784685255e-09,2.908704872217981e-09,3.871105376853212e-10
revisions,71,anticipated_up,etf_only,Equity A,18.569722190614858,-6.564915278062244e-10,18.569722189958366,4.484221326208905,-3.461229173678076e-09,2.800667436638032e-10
revisions,71,anticipated_up,etf_only,Equity B,8.045921510289954,-6.564970789213476e-10,8.045921509633459,2.439652163019333,-3.461229173678076e-09,2.800667436638032e-10
revisions,71,anticipated_up,etf_only,Duration A,12.222599191706534,-6.564929155850052e-10,12.222599191050042,-8.766073109527664,-3.461229173678076e-09,2.800667436638032e-10
revisions,71,anticipated_up,etf_only,Duration B,1.671954994475588e-08,-6.904132107834952e-09,9.815417836920928e-09,0.22527764513201148,-3.461229173678076e-09,2.800667436638032e-10
revisions,71,anticipated_up,etf_only,Credit A,30.68817585535889,-6.564970789213476e-10,30.688175854702394,-0.3552734869694688,-3.461229173678076e-09,2.800667436638032e-10
revisions,71,anticipated_up,etf_only,Credit B,10.0060433183636,-6.564956911425668e-10,10.006043317707105,-0.3357690477134195,-3.461229173678076e-09,2.800667436638032e-10
revisions,71,anticipated_up,etf_only,Equity ETF,20.467537907926193,4.2867542848767926e-09,20.467537912212947,2.307503015903246,-3.461229173678076e-09,2.800667436638032e-10
revisions,71,anticipated_up,etf_only,Duration ETF,3.513153509685196e-09,2.4939092058015415e-09,6.007062715486737e-09,-1.1411694998830143e-09,-3.461229173678076e-09,2.800667436638032e-10
revisions,71,anticipated_up,etf_only,Credit ETF,5.1489616870884085e-09,7.222673692511825e-09,1.2371635379600233e-08,-7.1234254863328805e-09,-3.461229173678076e-09,2.800667436638032e-10
revisions,71,anticipated_up,myopic,Equity A,18.569722190614858,-1.1136647160014945e-10,18.56972219050349,4.484221371851111,6.765403094726063e-10,1.2535572844007643e-10
revisions,71,anticipated_up,myopic,Equity B,8.045921510289954,-9.686265678432449e-10,8.045921509321328,2.439652189057141,6.765403094726063e-10,1.2535572844007643e-10
revisions,71,anticipated_up,myopic,Duration A,12.222599191706534,9.658512878374381e-09,12.222599201365048,-8.766073135950267,6.765403094726063e-10,1.2535572844007643e-10
revisions,71,anticipated_up,myopic,Duration B,1.671954994475588e-08,-9.855514817843993e-09,6.864035126911888e-09,0.22527764618251078,6.765403094726063e-10,1.2535572844007643e-10
revisions,71,anticipated_up,myopic,Credit A,30.68817585535889,2.8169577781511634e-09,30.688175858175846,-0.3552734731608136,6.765403094726063e-10,1.2535572844007643e-10
revisions,71,anticipated_up,myopic,Credit B,10.0060433183636,7.198547313791437e-10,10.006043319083455,-0.3357690349029627,6.765403094726063e-10,1.2535572844007643e-10
revisions,71,anticipated_up,myopic,Equity ETF,20.467537907926193,1.844238650683394e-09,20.46753790977043,2.3075029346636216,6.765403094726063e-10,1.2535572844007643e-10
revisions,71,anticipated_up,myopic,Duration ETF,3.513153509685196e-09,-1.6514702140373875e-09,1.8616832956478086e-09,1.35490040585003e-09,6.765403094726063e-10,1.2535572844007643e-10
revisions,71,anticipated_up,myopic,Credit ETF,5.1489616870884085e-09,-2.7720775572830385e-09,2.37688412980537e-09,4.701264267525638e-10,6.765403094726063e-10,1.2535572844007643e-10
revisions,71,anticipated_up,dynamic,Equity A,18.569722190614858,0.03388984603349687,18.603612036648354,4.449903538979884,2.9595679668426506e-09,1.649434375927698e-10
revisions,71,anticipated_up,dynamic,Equity B,8.045921510289954,0.013934283434390016,8.059855793724346,2.4255588366329395,2.9595679668426506e-09,1.649434375927698e-10
revisions,71,anticipated_up,dynamic,Duration A,12.222599191706534,-0.073273818520736,12.149325373185798,-8.692122827558475,2.9595679668426506e-09,1.649434375927698e-10
revisions,71,anticipated_up,dynamic,Duration B,1.671954994475588e-08,-1.6693598423970905e-08,2.5951520784977557e-11,0.22529194326184757,2.9595679668426506e-09,1.649434375927698e-10
revisions,71,anticipated_up,dynamic,Credit A,30.68817585535889,0.01724093762215939,30.70541679298105,-0.3725820245097687,2.9595679668426506e-09,1.649434375927698e-10
revisions,71,anticipated_up,dynamic,Credit B,10.0060433183636,0.008208772844894852,10.014252091208494,-0.34402181605631604,2.9595679668426506e-09,1.649434375927698e-10
revisions,71,anticipated_up,dynamic,Equity ETF,20.467537907926193,4.618250226684495e-10,20.467537908388017,2.3075108431277704,2.9595679668426506e-09,1.649434375927698e-10
revisions,71,anticipated_up,dynamic,Duration ETF,3.513153509685196e-09,-3.175964371522262e-09,3.3718913816293417e-10,1.5139124088490189e-09,2.9595679668426506e-09,1.649434375927698e-10
revisions,71,anticipated_up,dynamic,Credit ETF,5.1489616870884085e-09,-4.609382485447778e-09,5.395792016406301e-10,2.111193470824395e-09,2.9595679668426506e-09,1.649434375927698e-10
revisions,72,unchanged,etf_only,Equity A,18.569722190614858,-6.012329523130688e-10,18.569722190013625,-5.526349054300421e-11,-2.208538103156722e-09,3.175871413029907e-09
revisions,72,unchanged,etf_only,Equity B,8.045921510289954,-6.012274011979457e-10,8.045921509688728,-2.2606411984141342e-11,-2.208538103156722e-09,3.175871413029907e-09
revisions,72,unchanged,etf_only,Duration A,12.222599191706534,-6.012260134191649e-10,12.222599191105308,4.4032096641672453e-10,-2.208538103156722e-09,3.175871413029907e-09
revisions,72,unchanged,etf_only,Duration B,1.671954994475588e-08,-1.0989846235459476e-08,5.7297037092964055e-09,-3.8090780629809185e-09,-2.208538103156722e-09,3.175871413029907e-09
revisions,72,unchanged,etf_only,Credit A,30.68817585535889,-6.012357278706304e-10,30.688175854757656,2.2561254562100982e-10,-2.208538103156722e-09,3.175871413029907e-09
revisions,72,unchanged,etf_only,Credit B,10.0060433183636,-6.012274011979457e-10,10.006043317762373,3.634269422183423e-10,-2.208538103156722e-09,3.175871413029907e-09
revisions,72,unchanged,etf_only,Equity ETF,20.467537907926193,-1.1512679698455486e-09,20.467537906774925,-0.22069366542814803,-2.208538103156722e-09,3.175871413029907e-09
revisions,72,unchanged,etf_only,Duration ETF,3.513153509685196e-09,1.1783209765863156e-08,1.5296363275548354e-08,0.220605392179329,-2.208538103156722e-09,3.175871413029907e-09
revisions,72,unchanged,etf_only,Credit ETF,5.1489616870884085e-09,5.8991356012043235e-09,1.1048097288292733e-08,1.4473758734238056e-08,-2.208538103156722e-09,3.175871413029907e-09
revisions,72,unchanged,myopic,Equity A,18.569722190614858,7.791739475848658e-10,18.569722191394032,3.3498679653232964e-11,1.6339573356921746e-09,3.9157787191676516e-09
revisions,72,unchanged,myopic,Equity B,8.045921510289954,7.914308097767275e-10,8.045921511081385,4.20252358504411e-11,1.6339573356921746e-09,3.9157787191676516e-09
revisions,72,unchanged,myopic,Duration A,12.222599191706534,9.221443053597511e-10,12.222599192628678,1.2848371736396275e-10,1.6339573356921746e-09,3.9157787191676516e-09
revisions,72,unchanged,myopic,Duration B,1.671954994475588e-08,-1.442948325813629e-08,2.2900666866195913e-09,-9.746388521364641e-10,1.6339573356921746e-09,3.9157787191676516e-09
revisions,72,unchanged,myopic,Credit A,30.68817585535889,8.598566303419375e-10,30.68817585621875,1.8177603198386186e-10,1.6339573356921746e-09,3.9157787191676516e-09
revisions,72,unchanged,myopic,Credit B,10.0060433183636,8.998427003525933e-10,10.006043319263442,3.0726927239739164e-10,1.6339573356921746e-09,3.9157787191676516e-09
revisions,72,unchanged,myopic,Equity ETF,20.467537907926193,-5.369871214355726e-11,20.467537907872494,-0.22069366678970018,1.6339573356921746e-09,3.9157787191676516e-09
revisions,72,unchanged,myopic,Duration ETF,3.513153509685196e-09,3.36418613076248e-09,6.877339640447676e-09,0.22060539851409336,1.6339573356921746e-09,3.9157787191676516e-09
revisions,72,unchanged,myopic,Credit ETF,5.1489616870884085e-09,5.5517345999549175e-09,1.0700696287043326e-08,9.381615177352422e-09,1.6339573356921746e-09,3.9157787191676516e-09
revisions,72,unchanged,dynamic,Equity A,18.569722190614858,1.5582785062306925e-09,18.569722192173135,-1.3869971914819915e-10,3.408456923956546e-09,4.430454404630332e-09
revisions,72,unchanged,dynamic,Equity B,8.045921510289954,1.5675821751770513e-09,8.045921511857538,-9.424210062028112e-11,3.408456923956546e-09,4.430454404630332e-09
revisions,72,unchanged,dynamic,Duration A,12.222599191706534,1.559767592862471e-09,12.222599193266301,-4.562155373128073e-11,3.408456923956546e-09,4.430454404630332e-09
revisions,72,unchanged,dynamic,Duration B,1.671954994475588e-08,-1.3714320462736249e-08,3.005229482019632e-09,1.2442460162555657e-09,3.408456923956546e-09,4.430454404630332e-09
revisions,72,unchanged,dynamic,Credit A,30.68817585535889,1.4540868509271831e-09,30.688175856812975,4.243882765784811e-11,3.408456923956546e-09,4.430454404630332e-09
revisions,72,unchanged,dynamic,Credit B,10.0060433183636,1.5645054696200589e-09,10.006043319928105,3.253930047219688e-11,3.408456923956546e-09,4.430454404630332e-09
revisions,72,unchanged,dynamic,Equity ETF,20.467537907926193,9.528516864421022e-10,20.467537908879045,-0.22069368938173714,3.408456923956546e-09,4.430454404630332e-09
revisions,72,unchanged,dynamic,Duration ETF,3.513153509685196e-09,-2.2108344896631554e-09,1.3023190200220405e-09,0.22060539688445135,3.408456923956546e-09,4.430454404630332e-09
revisions,72,unchanged,dynamic,Credit ETF,5.1489616870884085e-09,4.173623479874273e-09,9.322585166962681e-09,2.8485404193905326e-08,3.408456923956546e-09,4.430454404630332e-09
revisions,73,premium_down_persistent,etf_only,Equity A,18.569722190614858,9.71445146547012e-13,18.569722190615828,-8.05413863175025e-11,5.985449131432909e-09,0.26818631673092924
revisions,73,premium_down_persistent,etf_only,Equity B,8.045921510289954,5.35682609381638e-13,8.04592151029049,9.999368552821222e-12,5.985449131432909e-09,0.26818631673092924
revisions,73,premium_down_persistent,etf_only,Duration A,12.222599191706534,-2.6381674622655282e-12,12.222599191703896,1.1809529370356677e-10,5.985449131432909e-09,0.26818631673092924
revisions,73,premium_down_persistent,etf_only,Duration B,1.671954994475588e-08,-1.5270968911941044e-08,1.4485810328148392e-09,-8.582290955037718e-10,5.985449131432909e-09,0.26818631673092924
revisions,73,premium_down_persistent,etf_only,Credit A,30.68817585535889,-1.6653345369377348e-12,30.688175855357226,8.087916910278398e-11,5.985449131432909e-09,0.26818631673092924
revisions,73,premium_down_persistent,etf_only,Credit B,10.0060433183636,-1.9109713811360507e-12,10.006043318361689,1.0984332977657681e-10,5.985449131432909e-09,0.26818631673092924
revisions,73,premium_down_persistent,etf_only,Equity ETF,20.467537907926193,-6.705998768639168,13.761539139287024,-0.7790172550391107,5.985449131432909e-09,0.26818631673092924
revisions,73,premium_down_persistent,etf_only,Duration ETF,3.513153509685196e-09,6.703316896883529,6.703316900396683,0.6891266634245642,5.985449131432909e-09,0.26818631673092924
revisions,73,premium_down_persistent,etf_only,Credit ETF,5.1489616870884085e-09,1.823685883091655e-08,2.3385820518004958e-08,0.08949240721928063,5.985449131432909e-09,0.26818631673092924
revisions,73,premium_down_persistent,myopic,Equity A,18.569722190614858,-2.285671651947041e-11,18.569722190592,-1.3093994124565618e-10,4.229277315186998e-09,0.26818631612570987
revisions,73,premium_down_persistent,myopic,Equity B,8.045921510289954,-1.0628997682005092e-11,8.045921510279326,-8.33598236734308e-12,4.229277315186998e-09,0.26818631612570987
revisions,73,premium_down_persistent,myopic,Duration A,12.222599191706534,6.450118217316003e-11,12.222599191771035,1.3770445689081716e-10,4.229277315186998e-09,0.26818631612570987
revisions,73,premium_down_persistent,myopic,Duration B,1.671954994475588e-08,-1.2778383207121706e-08,3.941166737634175e-09,-2.8448157873938237e-09,4.229277315186998e-09,0.26818631612570987
revisions,73,premium_down_persistent,myopic,Credit A,30.68817585535889,3.863021014183232e-11,30.68817585539752,8.675663068605334e-11,4.229277315186998e-09,0.26818631612570987
revisions,73,premium_down_persistent,myopic,Credit B,10.0060433183636,4.4997339188057595e-11,10.006043318408597,1.222090426541051e-10,4.229277315186998e-09,0.26818631612570987
revisions,73,premium_down_persistent,myopic,Equity ETF,20.467537907926193,-6.705998765527005,13.761539142399187,-0.7790172784720624,4.229277315186998e-09,0.26818631612570987
revisions,73,premium_down_persistent,myopic,Duration ETF,3.513153509685196e-09,6.703316905252371,6.703316908765525,0.6891266660741675,4.229277315186998e-09,0.26818631612570987
revisions,73,premium_down_persistent,myopic,Credit ETF,5.1489616870884085e-09,5.906141737875247e-09,1.1055103424963656e-08,0.0894924277833075,4.229277315186998e-09,0.26818631612570987
revisions,73,premium_down_persistent,dynamic,Equity A,18.569722190614858,-4.551914400963142e-13,18.569722190614403,-1.248045134317055e-10,3.411859857138655e-09,0.3144376783317629
revisions,73,premium_down_persistent,dynamic,Equity B,8.045921510289954,-1.6514567491299204e-13,8.04592151028979,-5.7688039659006705e-11,3.411859857138655e-09,0.3144376783317629
revisions,73,premium_down_persistent,dynamic,Duration A,12.222599191706534,2.6506574712925612e-12,12.222599191709186,4.4766382923142367e-10,3.411859857138655e-09,0.3144376783317629
revisions,73,premium_down_persistent,dynamic,Duration B,1.671954994475588e-08,-1.0883414048052932e-08,5.8361358967029495e-09,1.2690858770946884e-09,3.411859857138655e-09,0.3144376783317629
revisions,73,premium_down_persistent,dynamic,Credit A,30.68817585535889,1.4710455076283324e-12,30.68817585536036,2.7667531331831156e-10,3.411859857138655e-09,0.3144376783317629
revisions,73,premium_down_persistent,dynamic,Credit B,10.0060433183636,1.7416623698807143e-12,10.006043318365341,3.246242138268243e-10,3.411859857138655e-09,0.3144376783317629
revisions,73,premium_down_persistent,dynamic,Equity ETF,20.467537907926193,-7.862514088323936,12.605023819602257,-0.2532209066321871,3.411859857138655e-09,0.3144376783317629
revisions,73,premium_down_persistent,dynamic,Duration ETF,3.513153509685196e-09,7.859369664195951,7.859369667709104,0.2119184966500086,3.411859857138655e-09,0.3144376783317629
revisions,73,premium_down_persistent,dynamic,Credit ETF,5.1489616870884085e-09,5.516928068991641e-08,6.031824237700481e-08,0.041084947051757956,3.411859857138655e-09,0.3144376783317629
revisions,74,premium_up_persistent,etf_only,Equity A,18.569722190614858,-3.7282121834181225e-10,18.569722190242036,7.57069818358292e-11,3.655892018131331e-09,4.037154032111229e-09
revisions,74,premium_up_persistent,etf_only,Equity B,8.045921510289954,-3.63729879548913e-10,8.045921509926226,3.735844259973228e-12,3.655892018131331e-09,4.037154032111229e-09
revisions,74,premium_up_persistent,etf_only,Duration A,12.222599191706534,-2.937830534399666e-10,12.222599191412751,-0.3351004249540398,3.655892018131331e-09,4.037154032111229e-09
revisions,74,premium_up_persistent,etf_only,Duration B,1.671954994475588e-08,-1.5333078104681123e-08,1.3864718400747558e-09,-1.2135507868722624e-09,3.655892018131331e-09,4.037154032111229e-09
revisions,74,premium_up_persistent,etf_only,Credit A,30.68817585535889,-3.1695757130023594e-10,30.688175855041933,-9.661477122450918e-10,3.655892018131331e-09,4.037154032111229e-09
revisions,74,premium_up_persistent,etf_only,Credit B,10.0060433183636,-3.113148627775786e-10,10.006043318052285,-2.734164550501945e-09,3.655892018131331e-09,4.037154032111229e-09
revisions,74,premium_up_persistent,etf_only,Equity ETF,20.467537907926193,2.2797289056519787e-08,20.46753793072348,0.33436335900051256,3.655892018131331e-09,4.037154032111229e-09
revisions,74,premium_up_persistent,etf_only,Duration ETF,3.513153509685196e-09,-3.923672234856834e-09,-4.105187251716387e-10,5.027039153776099e-10,3.655892018131331e-09,4.037154032111229e-09
revisions,74,premium_up_persistent,etf_only,Credit ETF,5.1489616870884085e-09,-5.219893413288488e-09,-7.093172620007963e-11,1.952836346440538e-10,3.655892018131331e-09,4.037154032111229e-09
revisions,74,premium_up_persistent,myopic,Equity A,18.569722190614858,1.6866230634349222e-10,18.56972219078352,7.880109887659903e-11,3.977152567949598e-09,2.3998238596534726e-08
revisions,74,premium_up_persistent,myopic,Equity B,8.045921510289954,9.348077867343818e-12,8.045921510299303,3.44652772113999e-12,3.977152567949598e-09,2.3998238596534726e-08
revisions,74,premium_up_persistent,myopic,Duration A,12.222599191706534,-8.577638876960947e-08,12.222599105930145,-0.3351004184630318,3.977152567949598e-09,2.3998238596534726e-08
revisions,74,premium_up_persistent,myopic,Duration B,1.671954994475588e-08,-1.5458445823107878e-08,1.261104121648003e-09,-1.0904298622285635e-09,3.977152567949598e-09,2.3998238596534726e-08
revisions,74,premium_up_persistent,myopic,Credit A,30.68817585535889,-2.443489854897507e-09,30.6881758529154,-1.014051085899713e-09,3.977152567949598e-09,2.3998238596534726e-08
revisions,74,premium_up_persistent,myopic,Credit B,10.0060433183636,-4.0434489090301895e-09,10.00604331432015,-2.8011842973786044e-09,3.977152567949598e-09,2.3998238596534726e-08
revisions,74,premium_up_persistent,myopic,Equity ETF,20.467537907926193,1.1229951135671712e-07,20.467538020225703,0.33436335331999867,3.977152567949598e-09,2.3998238596534726e-08
revisions,74,premium_up_persistent,myopic,Duration ETF,3.513153509685196e-09,-3.4990173207144634e-09,1.4136188970732382e-11,9.494552719780263e-11,3.977152567949598e-09,2.3998238596534726e-08
revisions,74,premium_up_persistent,myopic,Credit ETF,5.1489616870884085e-09,-5.115563740746116e-09,3.339794634229298e-11,9.945659311587544e-11,3.977152567949598e-09,2.3998238596534726e-08
revisions,74,premium_up_persistent,dynamic,Equity A,18.569722190614858,2.498001805406602e-13,18.569722190615106,-3.967155179465768e-11,-3.228161053086317e-09,0.9923607523658297
revisions,74,premium_up_persistent,dynamic,Equity B,8.045921510289954,3.0531133177191805e-14,8.045921510289986,-9.470244965026766e-11,-3.228161053086317e-09,0.9923607523658297
revisions,74,premium_up_persistent,dynamic,Duration A,12.222599191706534,-4.511632820000086,7.710966371706449,-0.15118396004840232,-3.228161053086317e-09,0.9923607523658297
revisions,74,premium_up_persistent,dynamic,Duration B,1.671954994475588e-08,-1.627580345900758e-08,4.437464857482989e-10,1.0169456960090017e-10,-3.228161053086317e-09,0.9923607523658297
revisions,74,premium_up_persistent,dynamic,Credit A,30.68817585535889,-4.39648317751562e-12,30.688175855354494,-5.045770514374345e-10,-3.228161053086317e-09,0.9923607523658297
revisions,74,premium_up_persistent,dynamic,Credit B,10.0060433183636,-3.717859353713493e-12,10.006043318359882,-6.216415692391246e-10,-3.228161053086317e-09,0.9923607523658297
revisions,74,premium_up_persistent,dynamic,Equity ETF,20.467537907926193,4.5017092438975865,24.96924715182378,0.1447539455143703,-3.228161053086317e-09,0.9923607523658297
revisions,74,premium_up_persistent,dynamic,Duration ETF,3.513153509685196e-09,-5.194900125078639e-09,-1.6817466153934425e-09,0.006095028853888851,-3.228161053086317e-09,0.9923607523658297
revisions,74,premium_up_persistent,dynamic,Credit ETF,5.1489616870884085e-09,-6.356157659294664e-09,-1.2071959722062557e-09,2.6595976684228594e-09,-3.228161053086317e-09,0.9923607523658297
revisions,75,premium_down_reverting,etf_only,Equity A,18.569722190614858,9.71445146547012e-13,18.569722190615828,3.199351341981254e-10,5.985449131432909e-09,0.26818631673092924
revisions,75,premium_down_reverting,etf_only,Equity B,8.045921510289954,5.35682609381638e-13,8.04592151029049,4.2266318563647344e-10,5.985449131432909e-09,0.26818631673092924
revisions,75,premium_down_reverting,etf_only,Duration A,12.222599191706534,-2.6381674622655282e-12,12.222599191703896,5.245760005648349e-10,5.985449131432909e-09,0.26818631673092924
revisions,75,premium_down_reverting,etf_only,Duration B,1.671954994475588e-08,-1.5270968911941044e-08,1.4485810328148392e-09,-6.716141054923607e-10,5.985449131432909e-09,0.26818631673092924
revisions,75,premium_down_reverting,etf_only,Credit A,30.68817585535889,-1.6653345369377348e-12,30.688175855357226,4.657515242820107e-10,5.985449131432909e-09,0.26818631673092924
revisions,75,premium_down_reverting,etf_only,Credit B,10.0060433183636,-1.9109713811360507e-12,10.006043318361689,5.439722489325655e-10,5.985449131432909e-09,0.26818631673092924
revisions,75,premium_down_reverting,etf_only,Equity ETF,20.467537907926193,-6.705998768639168,13.761539139287024,-0.05769338369841924,5.985449131432909e-09,0.26818631673092924
revisions,75,premium_down_reverting,etf_only,Duration ETF,3.513153509685196e-09,6.703316896883529,6.703316900396683,0.05671261813255017,5.985449131432909e-09,0.26818631673092924
revisions,75,premium_down_reverting,etf_only,Credit ETF,5.1489616870884085e-09,1.823685883091655e-08,2.3385820518004958e-08,0.0007979537512688456,5.985449131432909e-09,0.26818631673092924
revisions,75,premium_down_reverting,myopic,Equity A,18.569722190614858,-2.285671651947041e-11,18.569722190592,-1.2662795195122415e-10,4.229277315186998e-09,0.26818631612570987
revisions,75,premium_down_reverting,myopic,Equity B,8.045921510289954,-1.0628997682005092e-11,8.045921510279326,-2.5605554520826936e-11,4.229277315186998e-09,0.26818631612570987
revisions,75,premium_down_reverting,myopic,Duration A,12.222599191706534,6.450118217316003e-11,12.222599191771035,7.285312399648212e-11,4.229277315186998e-09,0.26818631612570987
revisions,75,premium_down_reverting,myopic,Duration B,1.671954994475588e-08,-1.2778383207121706e-08,3.941166737634175e-09,-2.920198329778473e-09,4.229277315186998e-09,0.26818631612570987
revisions,75,premium_down_reverting,myopic,Credit A,30.68817585535889,3.863021014183232e-11,30.68817585539752,2.2470991117234316e-11,4.229277315186998e-09,0.26818631612570987
revisions,75,premium_down_reverting,myopic,Credit B,10.0060433183636,4.4997339188057595e-11,10.006043318408597,9.080167173713957e-11,4.229277315186998e-09,0.26818631612570987
revisions,75,premium_down_reverting,myopic,Equity ETF,20.467537907926193,-6.705998765527005,13.761539142399187,-0.05769339708989276,4.229277315186998e-09,0.26818631612570987
revisions,75,premium_down_reverting,myopic,Duration ETF,3.513153509685196e-09,6.703316905252371,6.703316908765525,0.05671261336786964,4.229277315186998e-09,0.26818631612570987
revisions,75,premium_down_reverting,myopic,Credit ETF,5.1489616870884085e-09,5.906141737875247e-09,1.1055103424963656e-08,0.0007979748008657265,4.229277315186998e-09,0.26818631612570987
revisions,75,premium_down_reverting,dynamic,Equity A,18.569722190614858,-2.1371793224034263e-13,18.569722190614645,-1.4842101313404653e-12,-3.3874487911152596e-09,0.2749091405615225
revisions,75,premium_down_reverting,dynamic,Equity B,8.045921510289954,-7.355227538141662e-14,8.045921510289881,1.989196487569608e-11,-3.3874487911152596e-09,0.2749091405615225
revisions,75,premium_down_reverting,dynamic,Duration A,12.222599191706534,1.1685097334179773e-12,12.222599191707703,1.728199277357185e-10,-3.3874487911152596e-09,0.2749091405615225
revisions,75,premium_down_reverting,dynamic,Duration B,1.671954994475588e-08,-1.4018392363320973e-08,2.7011575814349083e-09,5.012110045429634e-10,-3.3874487911152596e-09,0.2749091405615225
revisions,75,premium_down_reverting,dynamic,Credit A,30.68817585535889,6.550315845288424e-13,30.688175855359546,1.2385510569820515e-10,-3.3874487911152596e-09,0.2749091405615225
revisions,75,premium_down_reverting,dynamic,Credit B,10.0060433183636,7.716050021144838e-13,10.006043318364371,1.3785193087343131e-10,-3.3874487911152596e-09,0.2749091405615225
revisions,75,premium_down_reverting,dynamic,Equity ETF,20.467537907926193,-6.874102980753577,13.593434927172614,-0.03536851290162051,-3.3874487911152596e-09,0.2749091405615225
revisions,75,premium_down_reverting,dynamic,Duration ETF,3.513153509685196e-09,6.871353884902817,6.871353888415971,0.03499301823159172,-3.3874487911152596e-09,0.2749091405615225
revisions,75,premium_down_reverting,dynamic,Credit ETF,5.1489616870884085e-09,2.2206980105646232e-08,2.735594179273464e-08,0.00019689352099238025,-3.3874487911152596e-09,0.2749091405615225
revisions,76,premium_up_reverting,etf_only,Equity A,18.569722190614858,-3.7282121834181225e-10,18.569722190242036,1.2255162805345447e-10,3.655892018131331e-09,4.037154032111229e-09
revisions,76,premium_up_reverting,etf_only,Equity B,8.045921510289954,-3.63729879548913e-10,8.045921509926226,-1.4468571980939973e-11,3.655892018131331e-09,4.037154032111229e-09
revisions,76,premium_up_reverting,etf_only,Duration A,12.222599191706534,-2.937830534399666e-10,12.222599191412751,-0.20955523507917564,3.655892018131331e-09,4.037154032111229e-09
revisions,76,premium_up_reverting,etf_only,Duration B,1.671954994475588e-08,-1.5333078104681123e-08,1.3864718400747558e-09,-1.138756312472526e-09,3.655892018131331e-09,4.037154032111229e-09
revisions,76,premium_up_reverting,etf_only,Credit A,30.68817585535889,-3.1695757130023594e-10,30.688175855041933,-9.281624080426095e-10,3.655892018131331e-09,4.037154032111229e-09
revisions,76,premium_up_reverting,etf_only,Credit B,10.0060433183636,-3.113148627775786e-10,10.006043318052285,-1.7394066800328442e-09,3.655892018131331e-09,4.037154032111229e-09
revisions,76,premium_up_reverting,etf_only,Equity ETF,20.467537907926193,2.2797289056519787e-08,20.46753793072348,0.2090943111434263,3.655892018131331e-09,4.037154032111229e-09
revisions,76,premium_up_reverting,etf_only,Duration ETF,3.513153509685196e-09,-3.923672234856834e-09,-4.105187251716387e-10,9.813552451475887e-10,3.655892018131331e-09,4.037154032111229e-09
revisions,76,premium_up_reverting,etf_only,Credit ETF,5.1489616870884085e-09,-5.219893413288488e-09,-7.093172620007963e-11,7.44538957475746e-10,3.655892018131331e-09,4.037154032111229e-09
revisions,76,premium_up_reverting,myopic,Equity A,18.569722190614858,1.6866230634349222e-10,18.56972219078352,1.428093497367076e-10,3.977152567949598e-09,2.3998238596534726e-08
revisions,76,premium_up_reverting,myopic,Equity B,8.045921510289954,9.348077867343818e-12,8.045921510299303,4.125691236690197e-12,3.977152567949598e-09,2.3998238596534726e-08
revisions,76,premium_up_reverting,myopic,Duration A,12.222599191706534,-8.577638876960947e-08,12.222599105930145,-0.20955523218795058,3.977152567949598e-09,2.3998238596534726e-08
revisions,76,premium_up_reverting,myopic,Duration B,1.671954994475588e-08,-1.5458445823107878e-08,1.261104121648003e-09,-1.0174090102054084e-09,3.977152567949598e-09,2.3998238596534726e-08
revisions,76,premium_up_reverting,myopic,Credit A,30.68817585535889,-2.443489854897507e-09,30.6881758529154,-9.23119965241854e-10,3.977152567949598e-09,2.3998238596534726e-08
revisions,76,premium_up_reverting,myopic,Credit B,10.0060433183636,-4.0434489090301895e-09,10.00604331432015,-1.736188726223046e-09,3.977152567949598e-09,2.3998238596534726e-08
revisions,76,premium_up_reverting,myopic,Equity ETF,20.467537907926193,1.1229951135671712e-07,20.467538020225703,0.20909430891133568,3.977152567949598e-09,2.3998238596534726e-08
revisions,76,premium_up_reverting,myopic,Duration ETF,3.513153509685196e-09,-3.4990173207144634e-09,1.4136188970732382e-11,5.678440701281534e-10,3.977152567949598e-09,2.3998238596534726e-08
revisions,76,premium_up_reverting,myopic,Credit ETF,5.1489616870884085e-09,-5.115563740746116e-09,3.339794634229298e-11,6.453867296331911e-10,3.977152567949598e-09,2.3998238596534726e-08
revisions,76,premium_up_reverting,dynamic,Equity A,18.569722190614858,1.9706458687096529e-13,18.569722190615053,-3.1808307274125325e-11,-2.1165008574951585e-09,0.7690135102280575
revisions,76,premium_up_reverting,dynamic,Equity B,8.045921510289954,2.6367796834847468e-14,8.04592151028998,-6.556877276213759e-11,-2.1165008574951585e-09,0.7690135102280575
revisions,76,premium_up_reverting,dynamic,Duration A,12.222599191706534,-3.4962150400905765,8.726384151615958,-0.09566952217909956,-2.1165008574951585e-09,0.7690135102280575
revisions,76,premium_up_reverting,dynamic,Duration B,1.671954994475588e-08,-1.6398940963840605e-08,3.206089809152752e-10,1.1970228227912134e-10,-2.1165008574951585e-09,0.7690135102280575
revisions,76,premium_up_reverting,dynamic,Credit A,30.68817585535889,-3.2085445411667024e-12,30.68817585535568,-2.9884901138117386e-10,-2.1165008574951585e-09,0.7690135102280575
revisions,76,premium_up_reverting,dynamic,Credit B,10.0060433183636,-2.6825763832505345e-12,10.006043318360918,-3.597917809876697e-10,-2.1165008574951585e-09,0.7690135102280575
revisions,76,premium_up_reverting,dynamic,Equity ETF,20.467537907926193,3.488524935157131,23.956062843083323,0.052443532379446496,-2.1165008574951585e-09,0.7690135102280575
revisions,76,premium_up_reverting,dynamic,Duration ETF,3.513153509685196e-09,-5.0412243686733805e-09,-1.5280708589881842e-09,0.04299834746232633,-2.1165008574951585e-09,0.7690135102280575
revisions,76,premium_up_reverting,dynamic,Credit ETF,5.1489616870884085e-09,-6.248198396777264e-09,-1.0992367096888556e-09,2.199218469180816e-09,-2.1165008574951585e-09,0.7690135102280575
revisions,77,alpha_up,etf_only,Equity A,18.569722190614858,-1.078692690725802e-09,18.569722189536165,-9.063397537622671e-11,-2.2722634399241957e-09,1.5943409195695491e-09
revisions,77,alpha_up,etf_only,Equity B,8.045921510289954,-1.0837594710544352e-09,8.045921509206195,-2.320094781802875e-10,-2.2722634399241957e-09,1.5943409195695491e-09
revisions,77,alpha_up,etf_only,Duration A,12.222599191706534,-1.083760858833216e-09,12.222599190622773,-2.464118543983646e-10,-2.2722634399241957e-09,1.5943409195695491e-09
revisions,77,alpha_up,etf_only,Duration B,1.671954994475588e-08,-9.796301427836307e-10,1.573991980197225e-08,-1.3421493991612394e-08,-2.2722634399241957e-09,1.5943409195695491e-09
revisions,77,alpha_up,etf_only,Credit A,30.68817585535889,-1.083760858833216e-09,30.68817585427513,-1.7355566572374167e-10,-2.2722634399241957e-09,1.5943409195695491e-09
revisions,77,alpha_up,etf_only,Credit B,10.0060433183636,-1.0837580832756544e-09,10.006043317279842,-8.754583349409633e-11,-2.2722634399241957e-09,1.5943409195695491e-09
revisions,77,alpha_up,etf_only,Equity ETF,20.467537907926193,1.0956771601122739e-08,20.467537918882964,-0.2210497577798716,-2.2722634399241957e-09,1.5943409195695491e-09
revisions,77,alpha_up,etf_only,Duration ETF,3.513153509685196e-09,-3.3877202552230873e-09,1.2543325446210856e-10,0.22096135308414092,-2.2722634399241957e-09,1.5943409195695491e-09
revisions,77,alpha_up,etf_only,Credit ETF,5.1489616870884085e-09,1.4389330670720798e-09,6.587894754160488e-09,1.5791829570891093e-08,-2.2722634399241957e-09,1.5943409195695491e-09
revisions,77,alpha_up,myopic,Equity A,18.569722190614858,9.107770093663703e-10,18.569722191525635,2.416715747275175e-10,1.8722037857953276e-09,3.981457354203839e-09
revisions,77,alpha_up,myopic,Equity B,8.045921510289954,8.369444026712358e-10,8.045921511126899,2.212129013918265e-11,1.8722037857953276e-09,3.981457354203839e-09
revisions,77,alpha_up,myopic,Duration A,12.222599191706534,9.87021575582503e-10,12.222599192693556,1.5940217895638055e-10,1.8722037857953276e-09,3.981457354203839e-09
revisions,77,alpha_up,myopic,Duration B,1.671954994475588e-08,-1.4420854571289002e-08,2.2986953734668787e-09,-1.004632718215687e-09,1.8722037857953276e-09,3.981457354203839e-09
revisions,77,alpha_up,myopic,Credit A,30.68817585535889,9.044154314352681e-10,30.688175856263307,1.4752101289510296e-10,1.8722037857953276e-09,3.981457354203839e-09
revisions,77,alpha_up,myopic,Credit B,10.0060433183636,9.653861043901202e-10,10.006043319328986,3.402048318982646e-10,1.8722037857953276e-09,3.981457354203839e-09
revisions,77,alpha_up,myopic,Equity ETF,20.467537907926193,-2.781413988017789e-10,20.46753790764805,-0.22104976733556364,1.8722037857953276e-09,3.981457354203839e-09
revisions,77,alpha_up,myopic,Duration ETF,3.513153509685196e-09,3.2613215714931245e-09,6.774475081178321e-09,0.22096135673151568,1.8722037857953276e-09,3.981457354203839e-09
revisions,77,alpha_up,myopic,Credit ETF,5.1489616870884085e-09,5.279413792552069e-09,1.0428375479640478e-08,9.332993528922871e-09,1.8722037857953276e-09,3.981457354203839e-09
revisions,77,alpha_up,dynamic,Equity A,18.569722190614858,1.6098150590337923e-09,18.56972219222467,8.450929899288611e-10,1.2790800755914653e-09,4.566435430940805e-09
revisions,77,alpha_up,dynamic,Equity B,8.045921510289954,1.6047385642536938e-09,8.045921511894694,-1.3764168399436837e-10,1.2790800755914653e-09,4.566435430940805e-09
revisions,77,alpha_up,dynamic,Duration A,12.222599191706534,1.6045748063575616e-09,12.22259919331111,-1.702360185688403e-10,1.2790800755914653e-09,4.566435430940805e-09
revisions,77,alpha_up,dynamic,Duration B,1.671954994475588e-08,-1.3543140177754669e-08,3.1764097670012124e-09,1.6539383144937312e-09,1.2790800755914653e-09,4.566435430940805e-09
revisions,77,alpha_up,dynamic,Credit A,30.68817585535889,1.5975609723994921e-09,30.688175856956452,-8.593349797180057e-11,1.2790800755914653e-09,4.566435430940805e-09
revisions,77,alpha_up,dynamic,Credit B,10.0060433183636,1.6048759543529911e-09,10.006043319968477,-9.13236885804716e-11,1.2790800755914653e-09,4.566435430940805e-09
revisions,77,alpha_up,dynamic,Equity ETF,20.467537907926193,1.502872826186774e-09,20.467537909429065,-0.22104977606293338,1.2790800755914653e-09,4.566435430940805e-09
revisions,77,alpha_up,dynamic,Duration ETF,3.513153509685196e-09,-4.059791768662364e-09,-5.466382589771671e-10,0.2209613595729465,1.2790800755914653e-09,4.566435430940805e-09
revisions,77,alpha_up,dynamic,Credit ETF,5.1489616870884085e-09,7.11205161066913e-09,1.2261013297757539e-08,8.842924518466997e-09,1.2790800755914653e-09,4.566435430940805e-09
revisions,78,alpha_down,etf_only,Equity A,18.569722190614858,-1.164859875224522e-09,18.569722189449998,-6.892683440467911e-10,-4.139914855697482e-09,2.442547342675156e-09
revisions,78,alpha_down,etf_only,Equity B,8.045921510289954,-1.1636622221367077e-09,8.045921509126293,-5.97275251376547e-10,-4.139914855697482e-09,2.442547342675156e-09
revisions,78,alpha_down,etf_only,Duration A,12.222599191706534,-1.1636622221367077e-09,12.222599190542873,-4.880194435292258e-10,-4.139914855697482e-09,2.442547342675156e-09
revisions,78,alpha_down,etf_only,Duration B,1.671954994475588e-08,4.863964162019779e-09,2.158351410677566e-08,-8.680181474595305e-09,-4.139914855697482e-09,2.442547342675156e-09
revisions,78,alpha_down,etf_only,Credit A,30.68817585535889,-1.1636691610306116e-09,30.688175854195222,-5.381228127707855e-10,-4.139914855697482e-09,2.442547342675156e-09
revisions,78,alpha_down,etf_only,Credit B,10.0060433183636,-1.1636608343579269e-09,10.00604331719994,-5.13763022608399e-10,-4.139914855697482e-09,2.442547342675156e-09
revisions,78,alpha_down,etf_only,Equity ETF,20.467537907926193,1.0360962088284964e-08,20.467537918287153,-0.22033755312708989,-4.139914855697482e-09,2.442547342675156e-09
revisions,78,alpha_down,etf_only,Duration ETF,3.513153509685196e-09,-6.233696193874206e-11,3.450816547746454e-09,0.2202494390442524,-4.139914855697482e-09,2.442547342675156e-09
revisions,78,alpha_down,etf_only,Credit ETF,5.1489616870884085e-09,-4.869283314471517e-09,2.796783726168912e-10,8.897927316535067e-09,-4.139914855697482e-09,2.442547342675156e-09
revisions,78,alpha_down,myopic,Equity A,18.569722190614858,6.454142775780269e-10,18.569722191260272,-2.527387828342596e-10,1.4445913600932581e-09,3.8625789910075775e-09
revisions,78,alpha_down,myopic,Equity B,8.045921510289954,7.606582030916798e-10,8.045921511050613,8.026389962904016e-11,1.4445913600932581e-09,3.8625789910075775e-09
revisions,78,alpha_down,myopic,Duration A,12.222599191706534,8.63961679975489e-10,12.222599192570497,1.0461275300240102e-10,1.4445913600932581e-09,3.8625789910075775e-09
revisions,78,alpha_down,myopic,Duration B,1.671954994475588e-08,-1.4442098783209376e-08,2.277451161546505e-09,-9.60202156102605e-10,1.4445913600932581e-09,3.8625789910075775e-09
revisions,78,alpha_down,myopic,Credit A,30.68817585535889,8.189116051937617e-10,30.6881758561778,2.0215231237934522e-10,1.4445913600932581e-09,3.8625789910075775e-09
revisions,78,alpha_down,myopic,Credit B,10.0060433183636,8.4336287953235e-10,10.006043319206963,2.8739362034727154e-10,1.4445913600932581e-09,3.8625789910075775e-09
revisions,78,alpha_down,myopic,Equity ETF,20.467537907926193,1.2368717161592713e-10,20.46753790804988,-0.22033756590108886,1.4445913600932581e-09,3.8625789910075775e-09
revisions,78,alpha_down,myopic,Duration ETF,3.513153509685196e-09,3.4529560731029548e-09,6.966109582788151e-09,0.2202494401826083,1.4445913600932581e-09,3.8625789910075775e-09
revisions,78,alpha_down,myopic,Credit ETF,5.1489616870884085e-09,5.808232019853131e-09,1.095719370694154e-08,9.296009506440173e-09,1.4445913600932581e-09,3.8625789910075775e-09
revisions,78,alpha_down,dynamic,Equity A,18.569722190614858,-1.7257947848570154e-08,18.569722173356908,-1.279891130064922e-09,-1.2927617551674624e-08,2.306391578407375e-08
revisions,78,alpha_down,dynamic,Equity B,8.045921510289954,-1.7252227424435773e-08,8.045921493037728,-2.0995727019108478e-10,-1.2927617551674624e-08,2.306391578407375e-08
revisions,78,alpha_down,dynamic,Duration A,12.222599191706534,-1.725230791560506e-08,12.222599174454226,-2.5565033950388815e-10,-1.2927617551674624e-08,2.306391578407375e-08
revisions,78,alpha_down,dynamic,Duration B,1.671954994475588e-08,-1.6370121831079997e-08,3.4942811367588276e-10,2.496535095853169e-09,-1.2927617551674624e-08,2.306391578407375e-08
revisions,78,alpha_down,dynamic,Credit A,30.68817585535889,-1.725447562606064e-08,30.688175838104414,-1.737365395581702e-10,-1.2927617551674624e-08,2.306391578407375e-08
revisions,78,alpha_down,dynamic,Credit B,10.0060433183636,-1.7252119177690872e-08,10.00604330111148,-1.7795945401456177e-10,-1.2927617551674624e-08,2.306391578407375e-08
revisions,78,alpha_down,dynamic,Equity ETF,20.467537907926193,1.212491357316381e-07,20.467538029175326,-0.22033758076572016,-1.2927617551674624e-08,2.306391578407375e-08
revisions,78,alpha_down,dynamic,Duration ETF,3.513153509685196e-09,-1.203915187059165e-09,2.309238322626031e-09,0.2202494418820735,-1.2927617551674624e-08,2.306391578407375e-08
revisions,78,alpha_down,dynamic,Credit ETF,5.1489616870884085e-09,-4.3507400505652665e-09,7.982216365231424e-10,1.3009913763031562e-08,-1.2927617551674624e-08,2.306391578407375e-08
revisions,79,anticipated_down,etf_only,Equity A,18.569722190614858,-6.012329523130688e-10,18.569722190013625,-1.6168961103141053e-10,-2.208538103156722e-09,3.175871413029907e-09
revisions,79,anticipated_down,etf_only,Equity B,8.045921510289954,-6.012274011979457e-10,8.045921509688728,1.638933169991176e-11,-2.208538103156722e-09,3.175871413029907e-09
revisions,79,anticipated_down,etf_only,Duration A,12.222599191706534,-6.012260134191649e-10,12.222599191105308,2.899944527053931e-10,-2.208538103156722e-09,3.175871413029907e-09
revisions,79,anticipated_down,etf_only,Duration B,1.671954994475588e-08,-1.0989846235459476e-08,5.7297037092964055e-09,-3.972744654662893e-09,-2.208538103156722e-09,3.175871413029907e-09
revisions,79,anticipated_down,etf_only,Credit A,30.68817585535889,-6.012357278706304e-10,30.688175854757656,2.1995724429089724e-10,-2.208538103156722e-09,3.175871413029907e-09
revisions,79,anticipated_down,etf_only,Credit B,10.0060433183636,-6.012274011979457e-10,10.006043317762373,2.696397535549308e-10,-2.208538103156722e-09,3.175871413029907e-09
revisions,79,anticipated_down,etf_only,Equity ETF,20.467537907926193,-1.1512679698455486e-09,20.467537906774925,-7.349611227596729,-2.208538103156722e-09,3.175871413029907e-09
revisions,79,anticipated_down,etf_only,Duration ETF,3.513153509685196e-09,1.1783209765863156e-08,1.5296363275548354e-08,7.158854672005516,-2.208538103156722e-09,3.175871413029907e-09
revisions,79,anticipated_down,etf_only,Credit ETF,5.1489616870884085e-09,5.8991356012043235e-09,1.1048097288292733e-08,0.18781730084927148,-2.208538103156722e-09,3.175871413029907e-09
revisions,79,anticipated_down,myopic,Equity A,18.569722190614858,7.791739475848658e-10,18.569722191394032,-1.264894439190201e-10,1.6339573356921746e-09,3.9157787191676516e-09
revisions,79,anticipated_down,myopic,Equity B,8.045921510289954,7.914308097767275e-10,8.045921511081385,1.946742664191045e-11,1.6339573356921746e-09,3.9157787191676516e-09
revisions,79,anticipated_down,myopic,Duration A,12.222599191706534,9.221443053597511e-10,12.222599192628678,2.3111302609334223e-10,1.6339573356921746e-09,3.9157787191676516e-09
revisions,79,anticipated_down,myopic,Duration B,1.671954994475588e-08,-1.442948325813629e-08,2.2900666866195913e-09,-1.3181748477167945e-09,1.6339573356921746e-09,3.9157787191676516e-09
revisions,79,anticipated_down,myopic,Credit A,30.68817585535889,8.598566303419375e-10,30.68817585621875,1.7318798144565577e-10,1.6339573356921746e-09,3.9157787191676516e-09
revisions,79,anticipated_down,myopic,Credit B,10.0060433183636,8.998427003525933e-10,10.006043319263442,2.099626092844498e-10,1.6339573356921746e-09,3.9157787191676516e-09
revisions,79,anticipated_down,myopic,Equity ETF,20.467537907926193,-5.369871214355726e-11,20.467537907872494,-7.349611214133311,1.6339573356921746e-09,3.9157787191676516e-09
revisions,79,anticipated_down,myopic,Duration ETF,3.513153509685196e-09,3.36418613076248e-09,6.877339640447676e-09,7.1588547245522705,1.6339573356921746e-09,3.9157787191676516e-09
revisions,79,anticipated_down,myopic,Credit ETF,5.1489616870884085e-09,5.5517345999549175e-09,1.0700696287043326e-08,0.1878172347552022,1.6339573356921746e-09,3.9157787191676516e-09
revisions,79,anticipated_down,dynamic,Equity A,18.569722190614858,-2.5720259255734845e-10,18.569722190357655,-2.7082465000029503e-10,-1.4007312067451783e-09,3.660784572482856e-09
revisions,79,anticipated_down,dynamic,Equity B,8.045921510289954,-2.5685703564093387e-10,8.045921510033098,-1.5146529221184206e-10,-1.4007312067451783e-09,3.660784572482856e-09
revisions,79,anticipated_down,dynamic,Duration A,12.222599191706534,-2.5472679521243435e-10,12.222599191451808,7.632563562657662e-10,-1.4007312067451783e-09,3.660784572482856e-09
revisions,79,anticipated_down,dynamic,Duration B,1.671954994475588e-08,-1.513379545651922e-08,1.585754488236662e-09,2.0955592644924884e-09,-1.4007312067451783e-09,3.660784572482856e-09
revisions,79,anticipated_down,dynamic,Credit A,30.68817585535889,-2.5589530494585233e-10,30.688175855102994,4.3448583208626903e-10,-1.4007312067451783e-09,3.660784572482856e-09
revisions,79,anticipated_down,dynamic,Credit B,10.0060433183636,-2.5531660119426647e-10,10.006043318108283,5.221150672301494e-10,-1.4007312067451783e-09,3.660784572482856e-09
revisions,79,anticipated_down,dynamic,Equity ETF,20.467537907926193,-3.825356698072824e-10,20.467537907543658,-7.349611199442313,-1.4007312067451783e-09,3.660784572482856e-09
revisions,79,anticipated_down,dynamic,Duration ETF,3.513153509685196e-09,1.4544557902476045e-08,1.8057711412161242e-08,7.158854757501869,-1.4007312067451783e-09,3.660784572482856e-09
revisions,79,anticipated_down,dynamic,Credit ETF,5.1489616870884085e-09,3.974197191158918e-09,9.123158878247326e-09,0.18781718093272842,-1.4007312067451783e-09,3.660784572482856e-09
revisions,80,anticipated_up,etf_only,Equity A,18.569722190614858,-6.012329523130688e-10,18.569722190013625,-1.1193990628979959e-09,-2.208538103156722e-09,3.175871413029907e-09
revisions,80,anticipated_up,etf_only,Equity B,8.045921510289954,-6.012274011979457e-10,8.045921509688728,-1.234786069367682e-09,-2.208538103156722e-09,3.175871413029907e-09
revisions,80,anticipated_up,etf_only,Duration A,12.222599191706534,-6.012260134191649e-10,12.222599191105308,-0.34042515222081643,-2.208538103156722e-09,3.175871413029907e-09
revisions,80,anticipated_up,etf_only,Duration B,1.671954994475588e-08,-1.0989846235459476e-08,5.7297037092964055e-09,-5.265891971007224e-09,-2.208538103156722e-09,3.175871413029907e-09
revisions,80,anticipated_up,etf_only,Credit A,30.68817585535889,-6.012357278706304e-10,30.688175854757656,-2.457588453729109e-09,-2.208538103156722e-09,3.175871413029907e-09
revisions,80,anticipated_up,etf_only,Credit B,10.0060433183636,-6.012274011979457e-10,10.006043317762373,-3.5316030032214642e-09,-2.208538103156722e-09,3.175871413029907e-09
revisions,80,anticipated_up,etf_only,Equity ETF,20.467537907926193,-1.1512679698455486e-09,20.467537906774925,0.33967640280622985,-2.208538103156722e-09,3.175871413029907e-09
revisions,80,anticipated_up,etf_only,Duration ETF,3.513153509685196e-09,1.1783209765863156e-08,1.5296363275548354e-08,-1.465336348737083e-08,-2.208538103156722e-09,3.175871413029907e-09
revisions,80,anticipated_up,etf_only,Credit ETF,5.1489616870884085e-09,5.8991356012043235e-09,1.1048097288292733e-08,-1.0462499457152782e-08,-2.208538103156722e-09,3.175871413029907e-09
revisions,80,anticipated_up,myopic,Equity A,18.569722190614858,7.791739475848658e-10,18.569722191394032,-3.577018825173393e-10,1.6339573356921746e-09,3.9157787191676516e-09
revisions,80,anticipated_up,myopic,Equity B,8.045921510289954,7.914308097767275e-10,8.045921511081385,-4.831652358940936e-10,1.6339573356921746e-09,3.9157787191676516e-09
revisions,80,anticipated_up,myopic,Duration A,12.222599191706534,9.221443053597511e-10,12.222599192628678,-0.34042516484391916,1.6339573356921746e-09,3.9157787191676516e-09
revisions,80,anticipated_up,myopic,Duration B,1.671954994475588e-08,-1.442948325813629e-08,2.2900666866195913e-09,-1.9986140705144506e-09,1.6339573356921746e-09,3.9157787191676516e-09
revisions,80,anticipated_up,myopic,Credit A,30.68817585535889,8.598566303419375e-10,30.68817585621875,-2.038684845939719e-09,1.6339573356921746e-09,3.9157787191676516e-09
revisions,80,anticipated_up,myopic,Credit B,10.0060433183636,8.998427003525933e-10,10.006043319263442,-5.661696606653447e-09,1.6339573356921746e-09,3.9157787191676516e-09
revisions,80,anticipated_up,myopic,Equity ETF,20.467537907926193,-5.369871214355726e-11,20.467537907872494,0.3396764066647792,1.6339573356921746e-09,3.9157787191676516e-09
revisions,80,anticipated_up,myopic,Duration ETF,3.513153509685196e-09,3.36418613076248e-09,6.877339640447676e-09,-6.533506576325914e-09,1.6339573356921746e-09,3.9157787191676516e-09
revisions,80,anticipated_up,myopic,Credit ETF,5.1489616870884085e-09,5.5517345999549175e-09,1.0700696287043326e-08,-1.0204124255505715e-08,1.6339573356921746e-09,3.9157787191676516e-09
revisions,80,anticipated_up,dynamic,Equity A,18.569722190614858,-4.500130823537063e-09,18.569722186114728,1.3081636468514899e-10,2.857275719271595e-09,8.873178032632407e-09
revisions,80,anticipated_up,dynamic,Equity B,8.045921510289954,-4.496689132160725e-09,8.045921505793267,5.583327974339407e-12,2.857275719271595e-09,8.873178032632407e-09
revisions,80,anticipated_up,dynamic,Duration A,12.222599191706534,-4.513123208482739e-09,12.222599187193412,-0.34042608065560476,2.857275719271595e-09,8.873178032632407e-09
revisions,80,anticipated_up,dynamic,Duration B,1.671954994475588e-08,-1.643318276617589e-08,2.863671785799899e-10,1.406996125570804e-10,2.857275719271595e-09,8.873178032632407e-09
revisions,80,anticipated_up,dynamic,Credit A,30.68817585535889,-4.622596749825902e-09,30.688175850736293,-1.5254808476088068e-09,2.857275719271595e-09,8.873178032632407e-09
revisions,80,anticipated_up,dynamic,Credit B,10.0060433183636,-4.502391515170956e-09,10.006043313861209,-6.212975626515055e-09,2.857275719271595e-09,8.873178032632407e-09
revisions,80,anticipated_up,dynamic,Equity ETF,20.467537907926193,4.47290843252901e-08,20.467537952655277,0.339677297136561,2.857275719271595e-09,8.873178032632407e-09
revisions,80,anticipated_up,dynamic,Duration ETF,3.513153509685196e-09,-3.456403218633145e-09,5.675029105205114e-11,4.5300307789885067e-10,2.857275719271595e-09,8.873178032632407e-09
revisions,80,anticipated_up,dynamic,Credit ETF,5.1489616870884085e-09,-4.792272134164323e-09,3.5668955292408563e-10,3.3487837994803947e-10,2.857275719271595e-09,8.873178032632407e-09
revisions,81,unchanged,etf_only,Equity A,18.569722190614858,6.661338147750939e-14,18.569722190614925,7.312557838063865e-11,7.682739477440295e-09,7.646235086263576e-10
revisions,81,unchanged,etf_only,Equity B,8.045921510289954,5.2735593669694936e-14,8.045921510290007,-2.8856214276987047e-09,7.682739477440295e-09,7.646235086263576e-10
revisions,81,unchanged,etf_only,Duration A,12.222599191706534,-1.3877787807814457e-15,12.222599191706534,-0.22646327675655448,7.682739477440295e-09,7.646235086263576e-10
revisions,81,unchanged,etf_only,Duration B,1.671954994475588e-08,-1.5292284210170527e-08,1.4272657345853551e-09,2.9668635533109886e-09,7.682739477440295e-09,7.646235086263576e-10
revisions,81,unchanged,etf_only,Credit A,30.68817585535889,4.440892098500626e-14,30.688175855358935,1.6609220429050261e-09,7.682739477440295e-09,7.646235086263576e-10
revisions,81,unchanged,etf_only,Credit B,10.0060433183636,2.0816681711721685e-14,10.00604331836362,0.028828367049260558,7.682739477440295e-09,7.646235086263576e-10
revisions,81,unchanged,etf_only,Equity ETF,20.467537907926193,1.5006748621537724e-08,20.46753792293294,-0.20715726577460922,7.682739477440295e-09,7.646235086263576e-10
revisions,81,unchanged,etf_only,Duration ETF,3.513153509685196e-09,-2.870726809442198e-09,6.424267002429981e-10,0.28483873229001505,7.682739477440295e-09,7.646235086263576e-10
revisions,81,unchanged,etf_only,Credit ETF,5.1489616870884085e-09,-4.176004224513343e-09,9.729574625750657e-10,0.11982524030915245,7.682739477440295e-09,7.646235086263576e-10
revisions,81,unchanged,myopic,Equity A,18.569722190614858,1.9659551764306116e-10,18.56972219081145,7.095072985919949e-11,2.480858042615014e-09,7.536747022090573e-10
revisions,81,unchanged,myopic,Equity B,8.045921510289954,-5.059008767460682e-10,8.045921509784055,-6.286206157272209e-09,2.480858042615014e-09,7.536747022090573e-10
revisions,81,unchanged,myopic,Duration A,12.222599191706534,1.5714998746751974e-09,12.222599193278034,-0.22646327555677234,2.480858042615014e-09,7.536747022090573e-10
revisions,81,unchanged,myopic,Duration B,1.671954994475588e-08,-6.63046165983907e-09,1.0089088284916812e-08,-7.997863513092607e-10,2.480858042615014e-09,7.536747022090573e-10
revisions,81,unchanged,myopic,Credit A,30.68817585535889,3.805861181760406e-09,30.68817585916475,2.4986876251203786e-09,2.480858042615014e-09,7.536747022090573e-10
revisions,81,unchanged,myopic,Credit B,10.0060433183636,2.3631749335173424e-09,10.006043320726775,0.02882836024256276,2.480858042615014e-09,7.536747022090573e-10
revisions,81,unchanged,myopic,Equity ETF,20.467537907926193,-1.8455789674298728e-08,20.467537889470403,-0.20715724634547072,2.480858042615014e-09,7.536747022090573e-10
revisions,81,unchanged,myopic,Duration ETF,3.513153509685196e-09,4.563198350908847e-09,8.076351860594044e-09,0.28483878463318574,2.480858042615014e-09,7.536747022090573e-10
revisions,81,unchanged,myopic,Credit ETF,5.1489616870884085e-09,1.0961729839479184e-08,1.6110691526567592e-08,0.11982517433615272,2.480858042615014e-09,7.536747022090573e-10
revisions,81,unchanged,dynamic,Equity A,18.569722190614858,-5.08759701034478e-12,18.56972219060977,-3.9228675606260435e-10,5.070225761200646e-09,7.77009288875758e-10
revisions,81,unchanged,dynamic,Equity B,8.045921510289954,5.393741009385167e-11,8.045921510343893,6.539373643282834e-10,5.070225761200646e-09,7.77009288875758e-10
revisions,81,unchanged,dynamic,Duration A,12.222599191706534,3.094746681142624e-13,12.222599191706845,-0.22646327064971764,5.070225761200646e-09,7.77009288875758e-10
revisions,81,unchanged,dynamic,Duration B,1.671954994475588e-08,-1.517271722193082e-08,1.5468327228250615e-09,1.0523963780145025e-08,5.070225761200646e-09,7.77009288875758e-10
revisions,81,unchanged,dynamic,Credit A,30.68817585535889,-3.000932835561798e-10,30.688175855058798,1.0185529888653558e-09,5.070225761200646e-09,7.77009288875758e-10
revisions,81,unchanged,dynamic,Credit B,10.0060433183636,8.040790255847696e-12,10.00604331837164,0.028828300508853166,5.070225761200646e-09,7.77009288875758e-10
revisions,81,unchanged,dynamic,Equity ETF,20.467537907926193,1.867168919478246e-08,20.46753792659788,-0.20715758875210233,5.070225761200646e-09,7.77009288875758e-10
revisions,81,unchanged,dynamic,Duration ETF,3.513153509685196e-09,-3.310354902995388e-09,2.0279860668980848e-10,0.2848596127457514,5.070225761200646e-09,7.77009288875758e-10
revisions,81,unchanged,dynamic,Credit ETF,5.1489616870884085e-09,-4.6654174416596676e-09,4.83544245428741e-10,0.11980472452193043,5.070225761200646e-09,7.77009288875758e-10
revisions,82,premium_down_persistent,etf_only,Equity A,18.569722190614858,-1.3877787807814457e-14,18.569722190614844,8.094903348455352e-11,7.670945179030371e-09,7.651641851084325e-10
revisions,82,premium_down_persistent,etf_only,Equity B,8.045921510289954,1.6237011735142914e-13,8.045921510290118,7.67390436817933e-10,7.670945179030371e-09,7.651641851084325e-10
revisions,82,premium_down_persistent,etf_only,Duration A,12.222599191706534,1.6237011735142914e-12,12.222599191708158,0.35729919358889173,7.670945179030371e-09,7.651641851084325e-10
revisions,82,premium_down_persistent,etf_only,Duration B,1.671954994475588e-08,-1.5299293838173903e-08,1.4202561065819777e-09,9.910987561977457e-09,7.670945179030371e-09,7.651641851084325e-10
revisions,82,premium_down_persistent,etf_only,Credit A,30.68817585535889,1.0380585280245214e-12,30.68817585535993,4.633901377327488e-09,7.670945179030371e-09,7.651641851084325e-10
revisions,82,premium_down_persistent,etf_only,Credit B,10.0060433183636,1.1518563880486e-12,10.006043318364751,0.2790408614497694,7.670945179030371e-09,7.651641851084325e-10
revisions,82,premium_down_persistent,etf_only,Equity ETF,20.467537907926193,-9.190464466951656,11.277073440974537,-0.48746883208941516,7.670945179030371e-09,7.651641851084325e-10
revisions,82,premium_down_persistent,etf_only,Duration ETF,3.513153509685196e-09,8.086083454748051,8.086083458261205,-0.33131290088997284,7.670945179030371e-09,7.651641851084325e-10
revisions,82,premium_down_persistent,etf_only,Credit ETF,5.1489616870884085e-09,1.104381020178642,1.1043810253276036,0.18212350000044142,7.670945179030371e-09,7.651641851084325e-10
revisions,82,premium_down_persistent,myopic,Equity A,18.569722190614858,-1.0927370119873103e-11,18.56972219060393,1.2326326302251438e-10,2.069288201837337e-09,6.803874193651788e-10
revisions,82,premium_down_persistent,myopic,Equity B,8.045921510289954,1.1726036808212825e-10,8.045921510407215,2.5636315006934795e-09,2.069288201837337e-09,6.803874193651788e-10
revisions,82,premium_down_persistent,myopic,Duration A,12.222599191706534,2.513300678685937e-09,12.222599194219836,0.35729919024489004,2.069288201837337e-09,6.803874193651788e-10
revisions,82,premium_down_persistent,myopic,Duration B,1.671954994475588e-08,-6.501446729070681e-09,1.02181032156852e-08,6.678779863628367e-09,2.069288201837337e-09,6.803874193651788e-10
revisions,82,premium_down_persistent,myopic,Credit A,30.68817585535889,2.4041768575955302e-09,30.688175857763067,7.076121234743329e-09,2.069288201837337e-09,6.803874193651788e-10
revisions,82,premium_down_persistent,myopic,Credit B,10.0060433183636,2.0606363837494257e-09,10.006043320424236,0.27904086199964356,2.069288201837337e-09,6.803874193651788e-10
revisions,82,premium_down_persistent,myopic,Equity ETF,20.467537907926193,-9.190464478074203,11.277073429851988,-0.48746883577941647,2.069288201837337e-09,6.803874193651788e-10
revisions,82,premium_down_persistent,myopic,Duration ETF,3.513153509685196e-09,8.086083418616376,8.08608342212953,-0.3313129035221372,2.069288201837337e-09,6.803874193651788e-10
revisions,82,premium_down_persistent,myopic,Credit ETF,5.1489616870884085e-09,1.1043810571570378,1.1043810623059993,0.18212350172697805,2.069288201837337e-09,6.803874193651788e-10
revisions,82,premium_down_persistent,dynamic,Equity A,18.569722190614858,-1.1185496973098452e-12,18.56972219061374,-1.6117401266493957e-10,1.3710161146293903e-09,0.45530438990073907
revisions,82,premium_down_persistent,dynamic,Equity B,8.045921510289954,3.709532681028804e-12,8.045921510293665,1.5924280878628455e-09,1.3710161146293903e-09,0.45530438990073907
revisions,82,premium_down_persistent,dynamic,Duration A,12.222599191706534,9.106087787446473,21.32868697915301,-0.08238114646943588,1.3710161146293903e-09,0.45530438990073907
revisions,82,premium_down_persistent,dynamic,Duration B,1.671954994475588e-08,-2.490295121318209e-09,1.4229254823437673e-08,6.200433108782446e-09,1.3710161146293903e-09,0.45530438990073907
revisions,82,premium_down_persistent,dynamic,Credit A,30.68817585535889,1.4664935932273693e-10,30.68817585550554,6.691188138542834e-09,1.3710161146293903e-09,0.45530438990073907
revisions,82,premium_down_persistent,dynamic,Credit B,10.0060433183636,7.92653581660474e-09,10.006043326290136,0.0989938031615091,1.3710161146293903e-09,0.45530438990073907
revisions,82,premium_down_persistent,dynamic,Equity ETF,20.467537907926193,-9.14757440559179,11.319963502334401,-0.8606899796275029,1.3710161146293903e-09,0.45530438990073907
revisions,82,premium_down_persistent,dynamic,Duration ETF,3.513153509685196e-09,-3.285300513254067e-09,2.2785299643112893e-10,0.34911722674520346,1.3710161146293903e-09,0.45530438990073907
revisions,82,premium_down_persistent,dynamic,Credit ETF,5.1489616870884085e-09,0.03693357093341646,0.03693357608237815,0.4948693933486632,1.3710161146293903e-09,0.45530438990073907
revisions,83,premium_up_persistent,etf_only,Equity A,18.569722190614858,6.480926906249351e-12,18.569722190621338,-1.4787831453194003e-10,7.354477140384447e-09,7.919469512197472e-10
revisions,83,premium_up_persistent,etf_only,Equity B,8.045921510289954,-1.5103196471244473e-11,8.045921510274852,-1.6932571310871394e-08,7.354477140384447e-09,7.919469512197472e-10
revisions,83,premium_up_persistent,etf_only,Duration A,12.222599191706534,-2.125605247371709e-10,12.222599191493973,-6.980742430592857,7.354477140384447e-09,7.919469512197472e-10
revisions,83,premium_up_persistent,etf_only,Duration B,1.671954994475588e-08,-1.5317901644486892e-08,1.4016483002689893e-09,-9.040457889523694e-10,7.354477140384447e-09,7.919469512197472e-10
revisions,83,premium_up_persistent,etf_only,Credit A,30.68817585535889,-1.3487544414658714e-10,30.688175855224014,-0.03730426153533374,7.354477140384447e-09,7.919469512197472e-10
revisions,83,premium_up_persistent,etf_only,Credit B,10.0060433183636,-1.5201728764679956e-10,10.006043318211583,-0.6254981441039473,7.354477140384447e-09,7.919469512197472e-10
revisions,83,premium_up_persistent,etf_only,Equity ETF,20.467537907926193,1.663971183063495e-08,20.467537924565903,7.63972308886571,7.354477140384447e-09,7.919469512197472e-10
revisions,83,premium_up_persistent,etf_only,Duration ETF,3.513153509685196e-09,-3.2173651428724797e-09,2.9578836681271655e-10,3.677141019993504e-11,7.354477140384447e-09,7.919469512197472e-10
revisions,83,premium_up_persistent,etf_only,Credit ETF,5.1489616870884085e-09,-4.600463850339398e-09,5.484978367490112e-10,-2.269931390028324e-10,7.354477140384447e-09,7.919469512197472e-10
revisions,83,premium_up_persistent,myopic,Equity A,18.569722190614858,9.953982083032997e-11,18.569722190714398,-1.839227715600889e-11,4.356777137952579e-09,0.4005816289990098
revisions,83,premium_up_persistent,myopic,Equity B,8.045921510289954,-1.4003659343231334e-09,8.04592150888959,-9.48684344494754e-09,4.356777137952579e-09,0.4005816289990098
revisions,83,premium_up_persistent,myopic,Duration A,12.222599191706534,-8.01163237605865,4.210966815647885,-0.3016158446220307,4.356777137952579e-09,0.4005816289990098
revisions,83,premium_up_persistent,myopic,Duration B,1.671954994475588e-08,-1.4135168578825592e-08,2.5843813659302886e-09,-1.526655674541421e-09,4.356777137952579e-09,0.4005816289990098
revisions,83,premium_up_persistent,myopic,Credit A,30.68817585535889,-4.527312968960473e-08,30.68817581008576,-0.03129879644420465,4.356777137952579e-09,0.4005816289990098
revisions,83,premium_up_persistent,myopic,Credit B,10.0060433183636,-1.4301334283484124e-07,10.006043175350257,-0.32572614222827534,4.356777137952579e-09,0.4005816289990098
revisions,83,premium_up_persistent,myopic,Equity ETF,20.467537907926193,8.007626766546426,28.47516467447262,0.3692295723168421,4.356777137952579e-09,0.4005816289990098
revisions,83,premium_up_persistent,myopic,Duration ETF,3.513153509685196e-09,-2.6515099210826766e-09,8.616435886025198e-10,0.26159947504791425,4.356777137952579e-09,0.4005816289990098
revisions,83,premium_up_persistent,myopic,Credit ETF,5.1489616870884085e-09,-4.402266099370871e-09,7.46695587717537e-10,0.027482430182940505,4.356777137952579e-09,0.4005816289990098
revisions,83,premium_up_persistent,dynamic,Equity A,18.569722190614858,-6.346145831059857e-10,18.569722189980244,-2.7076681945952816e-11,5.183310822654691e-09,0.4474955198370293
revisions,83,premium_up_persistent,dynamic,Equity B,8.045921510289954,1.796895965355816e-11,8.045921510307924,-7.7812242776329e-09,5.183310822654691e-09,0.4474955198370293
revisions,83,premium_up_persistent,dynamic,Duration A,12.222599191706534,-8.885175455984818,3.337423735721716,-0.16795291391974065,5.183310822654691e-09,0.4474955198370293
revisions,83,premium_up_persistent,dynamic,Duration B,1.671954994475588e-08,-1.5612925004519667e-08,1.1066249402362158e-09,2.0414258381947107e-09,5.183310822654691e-09,0.4474955198370293
revisions,83,premium_up_persistent,dynamic,Credit A,30.68817585535889,-1.511368807882718e-09,30.688175853847522,-0.027698003917727827,5.183310822654691e-09,0.4474955198370293
revisions,83,premium_up_persistent,dynamic,Credit B,10.0060433183636,-0.06473492297888878,9.941308395384711,-0.264435623055664,5.183310822654691e-09,0.4474955198370293
revisions,83,premium_up_persistent,dynamic,Equity ETF,20.467537907926193,8.945435445319704,29.412973353245896,0.12070833025255284,5.183310822654691e-09,0.4474955198370293
revisions,83,premium_up_persistent,dynamic,Duration ETF,3.513153509685196e-09,-3.5041820500371007e-09,8.971459648095106e-12,0.30706436468007087,5.183310822654691e-09,0.4474955198370293
revisions,83,premium_up_persistent,dynamic,Credit ETF,5.1489616870884085e-09,-5.1342553659111386e-09,1.4706321177270055e-11,0.03208380781972893,5.183310822654691e-09,0.4474955198370293
revisions,84,premium_down_reverting,etf_only,Equity A,18.569722190614858,-1.3877787807814457e-14,18.569722190614844,1.3974001996693897e-10,7.670945179030371e-09,7.651641851084325e-10
revisions,84,premium_down_reverting,etf_only,Equity B,8.045921510289954,1.6237011735142914e-13,8.045921510290118,5.205030898961268e-10,7.670945179030371e-09,7.651641851084325e-10
revisions,84,premium_down_reverting,etf_only,Duration A,12.222599191706534,1.6237011735142914e-12,12.222599191708158,0.2784709844101453,7.670945179030371e-09,7.651641851084325e-10
revisions,84,premium_down_reverting,etf_only,Duration B,1.671954994475588e-08,-1.5299293838173903e-08,1.4202561065819777e-09,9.1191141463515e-09,7.670945179030371e-09,7.651641851084325e-10
revisions,84,premium_down_reverting,etf_only,Credit A,30.68817585535889,1.0380585280245214e-12,30.68817585535993,3.761698206014883e-09,7.670945179030371e-09,7.651641851084325e-10
revisions,84,premium_down_reverting,etf_only,Credit B,10.0060433183636,1.1518563880486e-12,10.006043318364751,0.2725186043331747,7.670945179030371e-09,7.651641851084325e-10
revisions,84,premium_down_reverting,etf_only,Equity ETF,20.467537907926193,-9.190464466951656,11.277073440974537,1.7378683129394212,7.670945179030371e-09,7.651641851084325e-10
revisions,84,premium_down_reverting,etf_only,Duration ETF,3.513153509685196e-09,8.086083454748051,8.086083458261205,-2.3135208608279707,7.670945179030371e-09,7.651641851084325e-10
revisions,84,premium_down_reverting,etf_only,Credit ETF,5.1489616870884085e-09,1.104381020178642,1.1043810253276036,0.0243874583081531,7.670945179030371e-09,7.651641851084325e-10
revisions,84,premium_down_reverting,myopic,Equity A,18.569722190614858,-1.0927370119873103e-11,18.56972219060393,1.968239999995526e-10,2.069288201837337e-09,6.803874193651788e-10
revisions,84,premium_down_reverting,myopic,Equity B,8.045921510289954,1.1726036808212825e-10,8.045921510407215,2.0585039684916787e-09,2.069288201837337e-09,6.803874193651788e-10
revisions,84,premium_down_reverting,myopic,Duration A,12.222599191706534,2.513300678685937e-09,12.222599194219836,0.2784709806745879,2.069288201837337e-09,6.803874193651788e-10
revisions,84,premium_down_reverting,myopic,Duration B,1.671954994475588e-08,-6.501446729070681e-09,1.02181032156852e-08,6.5025525678570436e-09,2.069288201837337e-09,6.803874193651788e-10
revisions,84,premium_down_reverting,myopic,Credit A,30.68817585535889,2.4041768575955302e-09,30.688175857763067,6.847434425028e-09,2.069288201837337e-09,6.803874193651788e-10
revisions,84,premium_down_reverting,myopic,Credit B,10.0060433183636,2.0606363837494257e-09,10.006043320424236,0.2725186055196697,2.069288201837337e-09,6.803874193651788e-10
revisions,84,premium_down_reverting,myopic,Equity ETF,20.467537907926193,-9.190464478074203,11.277073429851988,1.7378682846079494,2.069288201837337e-09,6.803874193651788e-10
revisions,84,premium_down_reverting,myopic,Duration ETF,3.513153509685196e-09,8.086083418616376,8.08608342212953,-2.3135208596306667,2.069288201837337e-09,6.803874193651788e-10
revisions,84,premium_down_reverting,myopic,Credit ETF,5.1489616870884085e-09,1.1043810571570378,1.1043810623059993,0.02438747970232207,2.069288201837337e-09,6.803874193651788e-10
revisions,84,premium_down_reverting,dynamic,Equity A,18.569722190614858,-1.7483237080284653e-11,18.569722190597375,-3.644791708672051e-10,1.4270626814852447e-09,0.38894768794225115
revisions,84,premium_down_reverting,dynamic,Equity B,8.045921510289954,1.191269305422793e-11,8.045921510301868,3.343347049828477e-09,1.4270626814852447e-09,0.38894768794225115
revisions,84,premium_down_reverting,dynamic,Duration A,12.222599191706534,7.77895375398783,20.001552945694364,-0.1178872359691534,1.4270626814852447e-09,0.38894768794225115
revisions,84,premium_down_reverting,dynamic,Duration B,1.671954994475588e-08,-4.388451868185089e-09,1.2331098076570792e-08,1.5781294512760764e-08,1.4270626814852447e-09,0.38894768794225115
revisions,84,premium_down_reverting,dynamic,Credit A,30.68817585535889,1.202704602576432e-10,30.68817585547916,1.0100295933985676e-08,1.4270626814852447e-09,0.38894768794225115
revisions,84,premium_down_reverting,dynamic,Credit B,10.0060433183636,3.1907532171970843e-10,10.006043318682675,0.06601289900443374,1.4270626814852447e-09,0.38894768794225115
revisions,84,premium_down_reverting,dynamic,Equity ETF,20.467537907926193,-9.127273390720273,11.34026451720592,0.9287296780227698,1.4270626814852447e-09,0.38894768794225115
revisions,84,premium_down_reverting,dynamic,Duration ETF,3.513153509685196e-09,1.212166244816997e-07,1.247297779913849e-07,0.23731962992480593,1.4270626814852447e-09,0.38894768794225115
revisions,84,premium_down_reverting,dynamic,Credit ETF,5.1489616870884085e-09,1.344430041522312,1.3444300466712737,-1.1142669522614317,1.4270626814852447e-09,0.38894768794225115
revisions,85,premium_up_reverting,etf_only,Equity A,18.569722190614858,6.480926906249351e-12,18.569722190621338,3.154867056898571e-11,7.354477140384447e-09,7.919469512197472e-10
revisions,85,premium_up_reverting,etf_only,Equity B,8.045921510289954,-1.5103196471244473e-11,8.045921510274852,-7.5123820471338e-09,7.354477140384447e-09,7.919469512197472e-10
revisions,85,premium_up_reverting,etf_only,Duration A,12.222599191706534,-2.125605247371709e-10,12.222599191493973,-5.094196197249514,7.354477140384447e-09,7.919469512197472e-10
revisions,85,premium_up_reverting,etf_only,Duration B,1.671954994475588e-08,-1.5317901644486892e-08,1.4016483002689893e-09,-8.73110795327495e-10,7.354477140384447e-09,7.919469512197472e-10
revisions,85,premium_up_reverting,etf_only,Credit A,30.68817585535889,-1.3487544414658714e-10,30.688175855224014,-0.022391242783115235,7.354477140384447e-09,7.919469512197472e-10
revisions,85,premium_up_reverting,etf_only,Credit B,10.0060433183636,-1.5201728764679956e-10,10.006043318211583,-0.48321261562117285,7.354477140384447e-09,7.919469512197472e-10
revisions,85,premium_up_reverting,etf_only,Equity ETF,20.467537907926193,1.663971183063495e-08,20.467537924565903,5.597000170583211,7.354477140384447e-09,7.919469512197472e-10
revisions,85,premium_up_reverting,etf_only,Duration ETF,3.513153509685196e-09,-3.2173651428724797e-09,2.9578836681271655e-10,1.7865930505513036e-10,7.354477140384447e-09,7.919469512197472e-10
revisions,85,premium_up_reverting,etf_only,Credit ETF,5.1489616870884085e-09,-4.600463850339398e-09,5.484978367490112e-10,1.2772551713339205e-10,7.354477140384447e-09,7.919469512197472e-10
revisions,85,premium_up_reverting,myopic,Equity A,18.569722190614858,9.953982083032997e-11,18.569722190714398,-2.0346780459039269e-10,4.356777137952579e-09,0.4005816289990098
revisions,85,premium_up_reverting,myopic,Equity B,8.045921510289954,-1.4003659343231334e-09,8.04592150888959,-2.6367809845273538e-09,4.356777137952579e-09,0.4005816289990098
revisions,85,premium_up_reverting,myopic,Duration A,12.222599191706534,-8.01163237605865,4.210966815647885,-0.17595700582747495,4.356777137952579e-09,0.4005816289990098
revisions,85,premium_up_reverting,myopic,Duration B,1.671954994475588e-08,-1.4135168578825592e-08,2.5843813659302886e-09,1.4082065940812448e-09,4.356777137952579e-09,0.4005816289990098
revisions,85,premium_up_reverting,myopic,Credit A,30.68817585535889,-4.527312968960473e-08,30.68817581008576,-0.0015076590901268176,4.356777137952579e-09,0.4005816289990098
revisions,85,premium_up_reverting,myopic,Credit B,10.0060433183636,-1.4301334283484124e-07,10.006043175350257,-0.14595960653488002,4.356777137952579e-09,0.4005816289990098
revisions,85,premium_up_reverting,myopic,Equity ETF,20.467537907926193,8.007626766546426,28.47516467447262,-0.08114975923173831,4.356777137952579e-09,0.4005816289990098
revisions,85,premium_up_reverting,myopic,Duration ETF,3.513153509685196e-09,-2.6515099210826766e-09,8.616435886025198e-10,0.3582122130245038,4.356777137952579e-09,0.4005816289990098
revisions,85,premium_up_reverting,myopic,Credit ETF,5.1489616870884085e-09,-4.402266099370871e-09,7.46695587717537e-10,0.04619678546291688,4.356777137952579e-09,0.4005816289990098
revisions,85,premium_up_reverting,dynamic,Equity A,18.569722190614858,1.7846835120849391e-12,18.56972219061664,-1.1140855470669634e-10,5.045857682422009e-09,0.39814335848805876
revisions,85,premium_up_reverting,dynamic,Equity B,8.045921510289954,4.178601908932933e-12,8.045921510294134,-3.737576509862027e-10,5.045857682422009e-09,0.39814335848805876
revisions,85,premium_up_reverting,dynamic,Duration A,12.222599191706534,-7.962867147633515,4.25973204407302,-0.177994684851412,5.045857682422009e-09,0.39814335848805876
revisions,85,premium_up_reverting,dynamic,Duration B,1.671954994475588e-08,-1.5024877752269284e-08,1.6946721924865992e-09,6.166664782359869e-10,5.045857682422009e-09,0.39814335848805876
revisions,85,premium_up_reverting,dynamic,Credit A,30.68817585535889,-6.466915891678582e-09,30.688175848891973,-0.0014957932436694714,5.045857682422009e-09,0.39814335848805876
revisions,85,premium_up_reverting,dynamic,Credit B,10.0060433183636,-6.299030741452327e-10,10.006043317733697,-0.14856610373901238,5.045857682422009e-09,0.39814335848805876
revisions,85,premium_up_reverting,dynamic,Equity ETF,20.467537907926193,7.958885740065741,28.426423647991932,-0.07028702430224268,5.045857682422009e-09,0.39814335848805876
revisions,85,premium_up_reverting,dynamic,Duration ETF,3.513153509685196e-09,-3.5088563982423015e-09,4.297111442894506e-12,0.35371731444996457,5.045857682422009e-09,0.39814335848805876
revisions,85,premium_up_reverting,dynamic,Credit ETF,5.1489616870884085e-09,-5.080073333124717e-09,6.888835396369097e-11,0.044460163782313586,5.045857682422009e-09,0.39814335848805876
revisions,86,alpha_up,etf_only,Equity A,18.569722190614858,2.1149748619109232e-12,18.56972219061697,0.39940056735217544,7.672824057559608e-09,7.648713676612524e-10
revisions,86,alpha_up,etf_only,Equity B,8.045921510289954,3.469446951953614e-14,8.04592151028999,-1.4911300589343695e-09,7.672824057559608e-09,7.648713676612524e-10
revisions,86,alpha_up,etf_only,Duration A,12.222599191706534,-2.4980018054066022e-14,12.222599191706509,-0.21591767369033205,7.672824057559608e-09,7.648713676612524e-10
revisions,86,alpha_up,etf_only,Duration B,1.671954994475588e-08,-1.5295237438308973e-08,1.424312506446907e-09,4.021788777692869e-10,7.672824057559608e-09,7.648713676612524e-10
revisions,86,alpha_up,etf_only,Credit A,30.68817585535889,5.551115123125783e-15,30.688175855358896,7.624145913364021e-10,7.672824057559608e-09,7.648713676612524e-10
revisions,86,alpha_up,etf_only,Credit B,10.0060433183636,-9.71445146547012e-15,10.00604331836359,0.029199492387227362,7.672824057559608e-09,7.648713676612524e-10
revisions,86,alpha_up,etf_only,Equity ETF,20.467537907926193,1.5246512385935773e-08,20.467537923172703,-0.6258420963466442,7.672824057559608e-09,7.648713676612524e-10
revisions,86,alpha_up,etf_only,Duration ETF,3.513153509685196e-09,-2.9621763173641095e-09,5.509771923210869e-10,0.28989008864980764,7.672824057559608e-09,7.648713676612524e-10
revisions,86,alpha_up,etf_only,Credit ETF,5.1489616870884085e-09,-4.313389650738669e-09,8.355720363497401e-10,0.12294684499769468,7.672824057559608e-09,7.648713676612524e-10
revisions,86,alpha_up,myopic,Equity A,18.569722190614858,2.7304056238186547e-07,18.56972246365542,0.39940061603911026,4.25723205929678e-09,1.4274308026890462e-08
revisions,86,alpha_up,myopic,Equity B,8.045921510289954,8.423817199343375e-13,8.045921510290798,-7.673449163889429e-10,4.25723205929678e-09,1.4274308026890462e-08
revisions,86,alpha_up,myopic,Duration A,12.222599191706534,6.944445019030354e-12,12.22259919171348,-0.21591767261134606,4.25723205929678e-09,1.4274308026890462e-08
revisions,86,alpha_up,myopic,Duration B,1.671954994475588e-08,-1.241930946249943e-08,4.300240482256452e-09,-1.3727679897426798e-09,4.25723205929678e-09,1.4274308026890462e-08
revisions,86,alpha_up,myopic,Credit A,30.68817585535889,1.2700951401711791e-11,30.68817585537159,6.815939016894635e-10,4.25723205929678e-09,1.4274308026890462e-08
revisions,86,alpha_up,myopic,Credit B,10.0060433183636,5.800915303666443e-12,10.0060433183694,0.029199490760108242,4.25723205929678e-09,1.4274308026890462e-08
revisions,86,alpha_up,myopic,Equity ETF,20.467537907926193,-2.5731673458651017e-07,20.467537650609458,-0.6258421536517731,4.25723205929678e-09,1.4274308026890462e-08
revisions,86,alpha_up,myopic,Duration ETF,3.513153509685196e-09,-2.981025688595298e-09,5.321278210898977e-10,0.2898900964946831,4.25723205929678e-09,1.4274308026890462e-08
revisions,86,alpha_up,myopic,Credit ETF,5.1489616870884085e-09,-4.39145420053331e-09,7.575074865550991e-10,0.12294684355106887,4.25723205929678e-09,1.4274308026890462e-08
revisions,86,alpha_up,dynamic,Equity A,18.569722190614858,5.870844428731684,24.44056661934654,0.07269113995874713,5.1290012865925615e-09,0.2935422221955215
revisions,86,alpha_up,dynamic,Equity B,8.045921510289954,3.010230953393034e-11,8.045921510320058,1.0941954678999345e-09,5.1290012865925615e-09,0.2935422221955215
revisions,86,alpha_up,dynamic,Duration A,12.222599191706534,-8.100464743421298e-12,12.222599191698434,-0.2183832992259378,5.1290012865925615e-09,0.2935422221955215
revisions,86,alpha_up,dynamic,Duration B,1.671954994475588e-08,-1.5077162089416707e-08,1.6423878553391724e-09,1.0864253570436403e-08,5.1290012865925615e-09,0.2935422221955215
revisions,86,alpha_up,dynamic,Credit A,30.68817585535889,-4.7667425562281096e-11,30.688175855311222,1.7580215446979766e-09,5.1290012865925615e-09,0.2935422221955215
revisions,86,alpha_up,dynamic,Credit B,10.0060433183636,1.571381913478831e-11,10.006043318379314,0.04011845767001896,5.1290012865925615e-09,0.2935422221955215
revisions,86,alpha_up,dynamic,Equity ETF,20.467537907926193,-5.873779832203471,14.593758075722722,-0.380195665601421,5.1290012865925615e-09,0.2935422221955215
revisions,86,alpha_up,dynamic,Duration ETF,3.513153509685196e-09,-3.420624391464055e-09,9.252911822114105e-11,0.33110268270660687,5.1290012865925615e-09,0.2935422221955215
revisions,86,alpha_up,dynamic,Credit ETF,5.1489616870884085e-09,-5.013128159901157e-09,1.3583352718725142e-10,0.15450107308535355,5.1290012865925615e-09,0.2935422221955215
revisions,87,alpha_down,etf_only,Equity A,18.569722190614858,-1.9817480989559044e-12,18.569722190612875,-0.6740261284356384,7.671826806270382e-09,7.648131461134963e-10
revisions,87,alpha_down,etf_only,Equity B,8.045921510289954,1.6653345369377348e-14,8.045921510289972,-2.959922687609369e-11,7.671826806270382e-09,7.648131461134963e-10
revisions,87,alpha_down,etf_only,Duration A,12.222599191706534,-2.7755575615628914e-15,12.222599191706532,-0.2268003362670628,7.671826806270382e-09,7.648131461134963e-10
revisions,87,alpha_down,etf_only,Duration B,1.671954994475588e-08,-1.5294243704143888e-08,1.4253062406119938e-09,-7.229209420742867e-11,7.671826806270382e-09,7.648131461134963e-10
revisions,87,alpha_down,etf_only,Credit A,30.68817585535889,1.1102230246251565e-14,30.6881758553589,3.7702268005121763e-10,7.671826806270382e-09,7.648131461134963e-10
revisions,87,alpha_down,etf_only,Credit B,10.0060433183636,6.938893903907228e-15,10.006043318363607,0.028036899565521616,7.671826806270382e-09,7.648131461134963e-10
revisions,87,alpha_down,etf_only,Equity ETF,20.467537907926193,1.531857141134907e-08,20.467537923244763,0.48236428869626835,7.671826806270382e-09,7.648131461134963e-10
revisions,87,alpha_down,etf_only,Duration ETF,3.513153509685196e-09,-2.988643073527349e-09,5.245104361578468e-10,0.2753857482345319,7.671826806270382e-09,7.648131461134963e-10
revisions,87,alpha_down,etf_only,Credit ETF,5.1489616870884085e-09,-4.354907465485075e-09,7.940542216033331e-10,0.11457447744316075,7.671826806270382e-09,7.648131461134963e-10
revisions,87,alpha_down,myopic,Equity A,18.569722190614858,-1.5170907030626068e-07,18.569722038905788,-0.6740263798787512,4.21619320673878e-09,8.188372786754843e-09
revisions,87,alpha_down,myopic,Equity B,8.045921510289954,-5.606626274357041e-13,8.045921510289395,-1.7840862853415795e-10,4.21619320673878e-09,8.188372786754843e-09
revisions,87,alpha_down,myopic,Duration A,12.222599191706534,9.06219543850284e-13,12.222599191707442,-0.22680033570608352,4.21619320673878e-09,8.188372786754843e-09
revisions,87,alpha_down,myopic,Duration B,1.671954994475588e-08,-1.2053716941017632e-08,4.66583300373825e-09,-1.8737471326528033e-09,4.21619320673878e-09,8.188372786754843e-09
revisions,87,alpha_down,myopic,Credit A,30.68817585535889,2.1094237467877974e-12,30.688175855361,4.1874217570769377e-10,4.21619320673878e-09,8.188372786754843e-09
revisions,87,alpha_down,myopic,Credit B,10.0060433183636,1.0921819004749977e-12,10.006043318364693,0.02803689435556659,4.21619320673878e-09,8.188372786754843e-09
revisions,87,alpha_down,myopic,Equity ETF,20.467537907926193,1.672990690426701e-07,20.46753807522526,0.4823645412504075,4.21619320673878e-09,8.188372786754843e-09
revisions,87,alpha_down,myopic,Duration ETF,3.513153509685196e-09,-3.0241514350177025e-09,4.89002074667494e-10,0.2753856917041798,4.21619320673878e-09,8.188372786754843e-09
revisions,87,alpha_down,myopic,Credit ETF,5.1489616870884085e-09,-4.455452180806833e-09,6.935095062815749e-10,0.11457453527569376,4.21619320673878e-09,8.188372786754843e-09
revisions,87,alpha_down,dynamic,Equity A,18.569722190614858,-6.344530975305347,12.22519121530951,-5.9330803837296536e-09,5.086718525370128e-09,0.3172265494775729
revisions,87,alpha_down,dynamic,Equity B,8.045921510289954,5.980493877899562e-11,8.04592151034976,-5.999629965932787e-11,5.086718525370128e-09,0.3172265494775729
revisions,87,alpha_down,dynamic,Duration A,12.222599191706534,-7.734091145294997e-12,12.2225991916988,-0.23188318223483204,5.086718525370128e-09,0.3172265494775729
revisions,87,alpha_down,dynamic,Duration B,1.671954994475588e-08,-1.41563615325211e-08,2.5631884122347813e-09,2.9937499458171775e-09,5.086718525370128e-09,0.3172265494775729
revisions,87,alpha_down,dynamic,Credit A,30.68817585535889,-1.9911849946652183e-11,30.68817585533898,1.751174436940655e-10,5.086718525370128e-09,0.3172265494775729
revisions,87,alpha_down,dynamic,Credit B,10.0060433183636,-2.298161660974074e-12,10.006043318361302,0.012619797456735854,5.086718525370128e-09,0.3172265494775729
revisions,87,alpha_down,dynamic,Equity ETF,20.467537907926193,6.341358727546953,26.808896635473147,-0.10554891327301491,5.086718525370128e-09,0.3172265494775729
revisions,87,alpha_down,dynamic,Duration ETF,3.513153509685196e-09,-3.5026708711885008e-09,1.048263849669527e-11,0.265060707600779,5.086718525370128e-09,0.3172265494775729
revisions,87,alpha_down,dynamic,Credit ETF,5.1489616870884085e-09,-4.8356259906922165e-09,3.133356963961923e-10,0.059624127911758466,5.086718525370128e-09,0.3172265494775729
revisions,88,anticipated_down,etf_only,Equity A,18.569722190614858,6.661338147750939e-14,18.569722190614925,-1.8607183695075335e-11,7.682739477440295e-09,7.646235086263576e-10
revisions,88,anticipated_down,etf_only,Equity B,8.045921510289954,5.2735593669694936e-14,8.045921510290007,6.734986041732843e-10,7.682739477440295e-09,7.646235086263576e-10
revisions,88,anticipated_down,etf_only,Duration A,12.222599191706534,-1.3877787807814457e-15,12.222599191706534,0.3605535027745471,7.682739477440295e-09,7.646235086263576e-10
revisions,88,anticipated_down,etf_only,Duration B,1.671954994475588e-08,-1.5292284210170527e-08,1.4272657345853551e-09,1.1543278421285644e-08,7.682739477440295e-09,7.646235086263576e-10
revisions,88,anticipated_down,etf_only,Credit A,30.68817585535889,4.440892098500626e-14,30.688175855358935,5.3275691471568055e-09,7.682739477440295e-09,7.646235086263576e-10
revisions,88,anticipated_down,etf_only,Credit B,10.0060433183636,2.0816681711721685e-14,10.00604331836362,0.27984934609515455,7.682739477440295e-09,7.646235086263576e-10
revisions,88,anticipated_down,etf_only,Equity ETF,20.467537907926193,1.5006748621537724e-08,20.46753792293294,-9.838426606223369,7.682739477440295e-09,7.646235086263576e-10
revisions,88,anticipated_down,etf_only,Duration ETF,3.513153509685196e-09,-2.870726809442198e-09,6.424267002429981e-10,7.868665303151095,7.682739477440295e-09,7.646235086263576e-10
revisions,88,anticipated_down,etf_only,Credit ETF,5.1489616870884085e-09,-4.176004224513343e-09,9.729574625750657e-10,1.3290382427381342,7.682739477440295e-09,7.646235086263576e-10
revisions,88,anticipated_down,myopic,Equity A,18.569722190614858,1.9659551764306116e-10,18.56972219081145,-7.1678517031290855e-12,2.480858042615014e-09,7.536747022090573e-10
revisions,88,anticipated_down,myopic,Equity B,8.045921510289954,-5.059008767460682e-10,8.045921509784055,2.3414899745191326e-09,2.480858042615014e-09,7.536747022090573e-10
revisions,88,anticipated_down,myopic,Duration A,12.222599191706534,1.5714998746751974e-09,12.222599193278034,0.36055350012880527,2.480858042615014e-09,7.536747022090573e-10
revisions,88,anticipated_down,myopic,Duration B,1.671954994475588e-08,-6.63046165983907e-09,1.0089088284916812e-08,8.476457556679707e-09,2.480858042615014e-09,7.536747022090573e-10
revisions,88,anticipated_down,myopic,Credit A,30.68817585535889,3.805861181760406e-09,30.68817585916475,8.035160859721491e-09,2.480858042615014e-09,7.536747022090573e-10
revisions,88,anticipated_down,myopic,Credit B,10.0060433183636,2.3631749335173424e-09,10.006043320726775,0.27984934669283856,2.480858042615014e-09,7.536747022090573e-10
revisions,88,anticipated_down,myopic,Equity ETF,20.467537907926193,-1.8455789674298728e-08,20.467537889470403,-9.838426587024498,2.480858042615014e-09,7.536747022090573e-10
revisions,88,anticipated_down,myopic,Duration ETF,3.513153509685196e-09,4.563198350908847e-09,8.076351860594044e-09,7.868665276095979,2.480858042615014e-09,7.536747022090573e-10
revisions,88,anticipated_down,myopic,Credit ETF,5.1489616870884085e-09,1.0961729839479184e-08,1.6110691526567592e-08,1.3290382454309344,2.480858042615014e-09,7.536747022090573e-10
revisions,88,anticipated_down,dynamic,Equity A,18.569722190614858,-1.1335377081422848e-11,18.56972219060352,-7.788433671144605e-10,4.670987509619079e-09,7.241307142519389e-10
revisions,88,anticipated_down,dynamic,Equity B,8.045921510289954,3.7606029401615615e-11,8.045921510327561,5.402219746644778e-09,4.670987509619079e-09,7.241307142519389e-10
revisions,88,anticipated_down,dynamic,Duration A,12.222599191706534,5.184463969243325e-11,12.222599191758379,0.36055351393497703,4.670987509619079e-09,7.241307142519389e-10
revisions,88,anticipated_down,dynamic,Duration B,1.671954994475588e-08,-1.4177150297600976e-08,2.542399647154905e-09,8.262021945946387e-08,4.670987509619079e-09,7.241307142519389e-10
revisions,88,anticipated_down,dynamic,Credit A,30.68817585535889,-1.7039702981946903e-10,30.688175855188494,1.6019347589690406e-08,4.670987509619079e-09,7.241307142519389e-10
revisions,88,anticipated_down,dynamic,Credit B,10.0060433183636,3.428091144286327e-11,10.00604331839788,0.2798493567848005,4.670987509619079e-09,7.241307142519389e-10
revisions,88,anticipated_down,dynamic,Equity ETF,20.467537907926193,1.8516302380255922e-08,20.467537926442496,-9.838426713096187,4.670987509619079e-09,7.241307142519389e-10
revisions,88,anticipated_down,dynamic,Duration ETF,3.513153509685196e-09,-3.503950670341958e-09,9.202839343237883e-12,7.868665260633811,4.670987509619079e-09,7.241307142519389e-10
revisions,88,anticipated_down,dynamic,Credit ETF,5.1489616870884085e-09,-5.097127125973331e-09,5.1834561115077735e-11,1.3290382752469105,4.670987509619079e-09,7.241307142519389e-10
revisions,89,anticipated_up,etf_only,Equity A,18.569722190614858,6.661338147750939e-14,18.569722190614925,-1.709376017790922e-10,7.682739477440295e-09,7.646235086263576e-10
revisions,89,anticipated_up,etf_only,Equity B,8.045921510289954,5.2735593669694936e-14,8.045921510290007,-1.542073249572513e-08,7.682739477440295e-09,7.646235086263576e-10
revisions,89,anticipated_up,etf_only,Duration A,12.222599191706534,-1.3877787807814457e-15,12.222599191706534,-7.033832481549034,7.682739477440295e-09,7.646235086263576e-10
revisions,89,anticipated_up,etf_only,Duration B,1.671954994475588e-08,-1.5292284210170527e-08,1.4272657345853551e-09,-9.324174660489917e-10,7.682739477440295e-09,7.646235086263576e-10
revisions,89,anticipated_up,etf_only,Credit A,30.68817585535889,4.440892098500626e-14,30.688175855358935,-0.0381494958601904,7.682739477440295e-09,7.646235086263576e-10
revisions,89,anticipated_up,etf_only,Credit B,10.0060433183636,2.0816681711721685e-14,10.00604331836362,-0.6305370687838292,7.682739477440295e-09,7.646235086263576e-10
revisions,89,anticipated_up,etf_only,Equity ETF,20.467537907926193,1.5006748621537724e-08,20.46753792293294,7.698667811374513,7.682739477440295e-09,7.646235086263576e-10
revisions,89,anticipated_up,etf_only,Duration ETF,3.513153509685196e-09,-2.870726809442198e-09,6.424267002429981e-10,-3.1489130160230193e-10,7.682739477440295e-09,7.646235086263576e-10
revisions,89,anticipated_up,etf_only,Credit ETF,5.1489616870884085e-09,-4.176004224513343e-09,9.729574625750657e-10,-6.57672576027096e-10,7.682739477440295e-09,7.646235086263576e-10
revisions,89,anticipated_up,myopic,Equity A,18.569722190614858,1.9659551764306116e-10,18.56972219081145,-2.823450385528816e-10,2.480858042615014e-09,7.536747022090573e-10
revisions,89,anticipated_up,myopic,Equity B,8.045921510289954,-5.059008767460682e-10,8.045921509784055,-3.698393202414584e-09,2.480858042615014e-09,7.536747022090573e-10
revisions,89,anticipated_up,myopic,Duration A,12.222599191706534,1.5714998746751974e-09,12.222599193278034,-7.033832449194566,2.480858042615014e-09,7.536747022090573e-10
revisions,89,anticipated_up,myopic,Duration B,1.671954994475588e-08,-6.63046165983907e-09,1.0089088284916812e-08,-8.413516143614507e-09,2.480858042615014e-09,7.536747022090573e-10
revisions,89,anticipated_up,myopic,Credit A,30.68817585535889,3.805861181760406e-09,30.68817585916475,-0.038149499455509,2.480858042615014e-09,7.536747022090573e-10
revisions,89,anticipated_up,myopic,Credit B,10.0060433183636,2.3631749335173424e-09,10.006043320726775,-0.6305371272489735,2.480858042615014e-09,7.536747022090573e-10
revisions,89,anticipated_up,myopic,Equity ETF,20.467537907926193,-1.8455789674298728e-08,20.467537889470403,7.698667851525487,2.480858042615014e-09,7.536747022090573e-10
revisions,89,anticipated_up,myopic,Duration ETF,3.513153509685196e-09,4.563198350908847e-09,8.076351860594044e-09,-7.444154463503637e-09,2.480858042615014e-09,7.536747022090573e-10
revisions,89,anticipated_up,myopic,Credit ETF,5.1489616870884085e-09,1.0961729839479184e-08,1.6110691526567592e-08,-1.5503961619028478e-08,2.480858042615014e-09,7.536747022090573e-10
revisions,89,anticipated_up,dynamic,Equity A,18.569722190614858,4.884981308350689e-13,18.569722190615344,-1.5793511046294335e-10,5.012418956655951e-09,0.0009840069666391686
revisions,89,anticipated_up,dynamic,Equity B,8.045921510289954,1.0604017663951026e-11,8.045921510300559,-6.28589587627893e-09,5.012418956655951e-09,0.0009840069666391686
revisions,89,anticipated_up,dynamic,Duration A,12.222599191706534,-0.019680123473750366,12.202919068232784,-7.014762780876685,5.012418956655951e-09,0.0009840069666391686
revisions,89,anticipated_up,dynamic,Duration B,1.671954994475588e-08,-1.4932615726503334e-08,1.786934218252548e-09,-6.259107212088435e-10,5.012418956655951e-09,0.0009840069666391686
revisions,89,anticipated_up,dynamic,Credit A,30.68817585535889,-8.818112906539e-10,30.68817585447708,-0.03816000630224326,5.012418956655951e-09,0.0009840069666391686
revisions,89,anticipated_up,dynamic,Credit B,10.0060433183636,-3.351346977709113e-11,10.006043318330086,-0.6307367431120066,5.012418956655951e-09,0.0009840069666391686
revisions,89,anticipated_up,dynamic,Equity ETF,20.467537907926193,0.019670303142255152,20.48720821106845,7.679817705566744,5.012418956655951e-09,0.0009840069666391686
revisions,89,anticipated_up,dynamic,Duration ETF,3.513153509685196e-09,-3.4954450178134693e-09,1.7708491871726758e-11,7.855369333623877e-10,5.012418956655951e-09,0.0009840069666391686
revisions,89,anticipated_up,dynamic,Credit ETF,5.1489616870884085e-09,-5.059994870131695e-09,8.896681695671357e-11,9.920099195622498e-10,5.012418956655951e-09,0.0009840069666391686
revisions,90,unchanged,etf_only,Equity A,18.569722190614858,-1.6122381207850367e-10,18.569722190453632,-0.036149914854621844,-1.8716750031075194e-09,3.6165551064648727e-10
revisions,90,unchanged,etf_only,Equity B,8.045921510289954,-1.612224242997229e-10,8.045921510128732,-1.126136580302836e-08,-1.8716750031075194e-09,3.6165551064648727e-10
revisions,90,unchanged,etf_only,Duration A,12.222599191706534,-1.612210365209421e-10,12.222599191545314,0.03583550838020001,-1.8716750031075194e-09,3.6165551064648727e-10
revisions,90,unchanged,etf_only,Duration B,1.671954994475588e-08,-1.5559381704562143e-09,1.5163611774299665e-08,-5.2246494863624e-09,-1.8716750031075194e-09,3.6165551064648727e-10
revisions,90,unchanged,etf_only,Credit A,30.68817585535889,-1.6121548540581898e-10,30.688175855197674,2.5518236315177385e-09,-1.8716750031075194e-09,3.6165551064648727e-10
revisions,90,unchanged,etf_only,Credit B,10.0060433183636,-1.612224242997229e-10,10.006043318202378,2.6916570310068997e-09,-1.8716750031075194e-09,3.6165551064648727e-10
revisions,90,unchanged,etf_only,Equity ETF,20.467537907926193,-1.4133139103478243e-10,20.46753790778486,-2.8357606900535397e-10,-1.8716750031075194e-09,3.6165551064648727e-10
revisions,90,unchanged,etf_only,Duration ETF,3.513153509685196e-09,2.2551893606696792e-09,5.768342870354875e-09,-1.6664996197768175e-09,-1.8716750031075194e-09,3.6165551064648727e-10
revisions,90,unchanged,etf_only,Credit ETF,5.1489616870884085e-09,2.4745461081643594e-09,7.623507795252769e-09,-3.784901456363525e-09,-1.8716750031075194e-09,3.6165551064648727e-10
revisions,90,unchanged,myopic,Equity A,18.569722190614858,1.1284612133621863e-09,18.569722191743317,-0.03614991612461893,3.922595065600235e-09,9.52182695713717e-10
revisions,90,unchanged,myopic,Equity B,8.045921510289954,9.641884513023058e-10,8.045921511254143,-1.0536933211888712e-08,3.922595065600235e-09,9.52182695713717e-10
revisions,90,unchanged,myopic,Duration A,12.222599191706534,1.2097559065615826e-09,12.22259919291629,0.035835507859833325,3.922595065600235e-09,9.52182695713717e-10
revisions,90,unchanged,myopic,Duration B,1.671954994475588e-08,-7.99628473421022e-09,8.723265210545661e-09,-2.1618579682423856e-09,3.922595065600235e-09,9.52182695713717e-10
revisions,90,unchanged,myopic,Credit A,30.68817585535889,1.897398904660008e-09,30.68817585725629,1.946227656915535e-09,3.922595065600235e-09,9.52182695713717e-10
revisions,90,unchanged,myopic,Credit B,10.0060433183636,1.3662113107493212e-09,10.00604331972981,1.6907248652806324e-09,3.922595065600235e-09,9.52182695713717e-10
revisions,90,unchanged,myopic,Equity ETF,20.467537907926193,1.1689038625917192e-09,20.467537909095096,-3.3324481934226356e-10,3.922595065600235e-09,9.52182695713717e-10
revisions,90,unchanged,myopic,Duration ETF,3.513153509685196e-09,-9.127452666579533e-10,2.600408243027243e-09,2.560457723954291e-10,3.922595065600235e-09,9.52182695713717e-10
revisions,90,unchanged,myopic,Credit ETF,5.1489616870884085e-09,-2.399704264179046e-09,2.7492574229093627e-09,-3.376461764406283e-10,3.922595065600235e-09,9.52182695713717e-10
revisions,90,unchanged,dynamic,Equity A,18.569722190614858,7.542133584337307e-10,18.56972219136907,-0.03614988151850555,2.0379075384194955e-09,7.731088573725427e-10
revisions,90,unchanged,dynamic,Equity B,8.045921510289954,7.803049872912027e-10,8.04592151107026,-6.008108071142568e-08,2.0379075384194955e-09,7.731088573725427e-10
revisions,90,unchanged,dynamic,Duration A,12.222599191706534,7.625511333486656e-10,12.222599192469087,0.03583551911294179,2.0379075384194955e-09,7.731088573725427e-10
revisions,90,unchanged,dynamic,Duration B,1.671954994475588e-08,-5.70776382682642e-09,1.101178611792946e-08,-8.47103261091771e-10,2.0379075384194955e-09,7.731088573725427e-10
revisions,90,unchanged,dynamic,Credit A,30.68817585535889,5.773603817260664e-10,30.68817585593625,3.2925046434118376e-10,2.0379075384194955e-09,7.731088573725427e-10
revisions,90,unchanged,dynamic,Credit B,10.0060433183636,7.807796076342299e-10,10.00604331914438,1.2751687308956809e-09,2.0379075384194955e-09,7.731088573725427e-10
revisions,90,unchanged,dynamic,Equity ETF,20.467537907926193,7.401745882873456e-10,20.467537908666365,-2.457752564994836e-09,2.0379075384194955e-09,7.731088573725427e-10
revisions,90,unchanged,dynamic,Duration ETF,3.513153509685196e-09,-2.8669929220269784e-09,6.461605876582176e-10,3.6321893266502727e-09,2.0379075384194955e-09,7.731088573725427e-10
revisions,90,unchanged,dynamic,Credit ETF,5.1489616870884085e-09,2.492036341876214e-09,7.640998028964622e-09,-8.342682021861334e-10,2.0379075384194955e-09,7.731088573725427e-10
revisions,91,premium_down_persistent,etf_only,Equity A,18.569722190614858,1.1710077352233839e-11,18.569722190626567,-1.0926324998447017,3.2675925631725153e-10,0.3418644346375713
revisions,91,premium_down_persistent,etf_only,Equity B,8.045921510289954,7.95752352900081e-12,8.045921510297912,-0.13598489823395585,3.2675925631725153e-10,0.3418644346375713
revisions,91,premium_down_persistent,etf_only,Duration A,12.222599191706534,-2.2062907056863423e-11,12.222599191684472,2.579298631680814,3.2675925631725153e-10,0.3418644346375713
revisions,91,premium_down_persistent,etf_only,Duration B,1.671954994475588e-08,-8.096598577681859e-09,8.622951367074023e-09,0.11339680640532854,3.2675925631725153e-10,0.3418644346375713
revisions,91,premium_down_persistent,etf_only,Credit A,30.68817585535889,-1.0480505352461478e-11,30.68817585534841,3.02204334088094e-09,3.2675925631725153e-10,0.3418644346375713
revisions,91,premium_down_persistent,etf_only,Credit B,10.0060433183636,-1.2773115898312426e-11,10.006043318350827,0.1790364465241579,3.2675925631725153e-10,0.3418644346375713
revisions,91,premium_down_persistent,etf_only,Equity ETF,20.467537907926193,-3.420353660391215,17.04718424753498,-1.645987645868798,3.2675925631725153e-10,0.3418644346375713
revisions,91,premium_down_persistent,etf_only,Duration ETF,3.513153509685196e-09,3.41693500361705,3.4169350071302036,1.7529631456536935e-10,3.2675925631725153e-10,0.3418644346375713
revisions,91,premium_down_persistent,etf_only,Credit ETF,5.1489616870884085e-09,2.0581579897290655e-08,2.573054158437906e-08,-1.5031860044820246e-08,3.2675925631725153e-10,0.3418644346375713
revisions,91,premium_down_persistent,myopic,Equity A,18.569722190614858,-0.7882719187638693,17.78145027185099,-0.3522137050804241,1.4074117590215547e-09,0.538248664774103
revisions,91,premium_down_persistent,myopic,Equity B,8.045921510289954,-1.6615746278869636e-08,8.045921493674209,-0.06440501038881788,1.4074117590215547e-09,0.538248664774103
revisions,91,premium_down_persistent,myopic,Duration A,12.222599191706534,5.379795399804061,17.602394591510595,0.8242115164458256,1.4074117590215547e-09,0.538248664774103
revisions,91,premium_down_persistent,myopic,Duration B,1.671954994475588e-08,-3.3428411609389722e-09,1.3376708783816909e-08,0.03106748373832575,1.4074117590215547e-09,0.538248664774103
revisions,91,premium_down_persistent,myopic,Credit A,30.68817585535889,1.568162266707418e-09,30.688175856927053,2.520767712364558e-09,1.4074117590215547e-09,0.538248664774103
revisions,91,premium_down_persistent,myopic,Credit B,10.0060433183636,2.5203825138042646e-09,10.006043320883983,0.10525547030635393,1.4074117590215547e-09,0.538248664774103
revisions,91,premium_down_persistent,myopic,Equity ETF,20.467537907926193,-4.596905951077207,15.870631956848985,-0.5448767731703161,1.4074117590215547e-09,0.538248664774103
revisions,91,premium_down_persistent,myopic,Duration ETF,3.513153509685196e-09,-6.305680058268931e-11,3.450096709102507e-09,1.4877723535916875e-09,1.4074117590215547e-09,0.538248664774103
revisions,91,premium_down_persistent,myopic,Credit ETF,5.1489616870884085e-09,-1.7267353657756393e-09,3.4222263213127694e-09,-7.334592535839215e-10,1.4074117590215547e-09,0.538248664774103
revisions,91,premium_down_persistent,dynamic,Equity A,18.569722190614858,-0.34912037743333457,18.22060181318152,-0.1910200086340303,-6.820624333337896e-10,0.8088641391318528
revisions,91,premium_down_persistent,dynamic,Equity B,8.045921510289954,-1.4117873536889647e-11,8.045921510275837,-6.056883408162245e-07,-6.820624333337896e-10,0.8088641391318528
revisions,91,premium_down_persistent,dynamic,Duration A,12.222599191706534,8.084597071125362,20.307196262831898,0.18566131095638672,-6.820624333337896e-10,0.8088641391318528
revisions,91,premium_down_persistent,dynamic,Duration B,1.671954994475588e-08,-8.411252755180355e-09,8.308297189575527e-09,1.0424734319298254e-09,-6.820624333337896e-10,0.8088641391318528
revisions,91,premium_down_persistent,dynamic,Credit A,30.68817585535889,-7.610578833805448e-12,30.68817585535128,8.556387979828409e-10,-6.820624333337896e-10,0.8088641391318528
revisions,91,premium_down_persistent,dynamic,Credit B,10.0060433183636,1.7688628339840307e-11,10.00604331838129,0.006464710614407551,-6.820624333337896e-10,0.8088641391318528
revisions,91,premium_down_persistent,dynamic,Equity ETF,20.467537907926193,-7.74356531864111,12.723972589285083,-0.0012998409016157157,-6.820624333337896e-10,0.8088641391318528
revisions,91,premium_down_persistent,dynamic,Duration ETF,3.513153509685196e-09,-2.563657346351607e-09,9.494961633335887e-10,1.500101623540323e-09,-6.820624333337896e-10,0.8088641391318528
revisions,91,premium_down_persistent,dynamic,Credit ETF,5.1489616870884085e-09,-4.422922212371369e-09,7.260394747170397e-10,1.5427529581127908e-09,-6.820624333337896e-10,0.8088641391318528
revisions,92,premium_up_persistent,etf_only,Equity A,18.569722190614858,-2.1635471192382738e-10,18.5697221903985,0.7881304555773291,7.13154386782694e-10,2.5816649338640657e-09
revisions,92,premium_up_persistent,etf_only,Equity B,8.045921510289954,-2.1595086829861998e-10,8.045921510074004,0.19250608159704874,7.13154386782694e-10,2.5816649338640657e-09
revisions,92,premium_up_persistent,etf_only,Duration A,12.222599191706534,-2.0845963843996174e-10,12.222599191498075,-4.819782677708935,7.13154386782694e-10,2.5816649338640657e-09
revisions,92,premium_up_persistent,etf_only,Duration B,1.671954994475588e-08,-1.5687423026288633e-08,1.032126918467246e-09,-1.1589641965565635e-10,7.13154386782694e-10,2.5816649338640657e-09
revisions,92,premium_up_persistent,etf_only,Credit A,30.68817585535889,-2.1187496201946487e-10,30.688175855147016,-1.5263048541097001e-09,7.13154386782694e-10,2.5816649338640657e-09
revisions,92,premium_up_persistent,etf_only,Credit B,10.0060433183636,-2.1118662374419728e-10,10.006043318152413,-0.24653490718196522,7.13154386782694e-10,2.5816649338640657e-09
revisions,92,premium_up_persistent,etf_only,Equity ETF,20.467537907926193,2.5626314958948626e-08,20.467537933552507,4.080617262262815,7.13154386782694e-10,2.5816649338640657e-09
revisions,92,premium_up_persistent,etf_only,Duration ETF,3.513153509685196e-09,-4.082025610138496e-09,-5.688721004532992e-10,1.053038128450214e-09,7.13154386782694e-10,2.5816649338640657e-09
revisions,92,premium_up_persistent,etf_only,Credit ETF,5.1489616870884085e-09,-5.173708277479483e-09,-2.474659039107387e-11,6.615414095988766e-10,7.13154386782694e-10,2.5816649338640657e-09
revisions,92,premium_up_persistent,myopic,Equity A,18.569722190614858,0.7889016773340363,19.358623867948893,0.19316395677573842,5.273133863017759e-09,0.5384678786670898
revisions,92,premium_up_persistent,myopic,Equity B,8.045921510289954,3.713868657051478e-08,8.045921547428641,0.01274943463666125,5.273133863017759e-09,0.5384678786670898
revisions,92,premium_up_persistent,myopic,Duration A,12.222599191706534,-5.3873710983393925,6.835228093367142,-0.37502864895840515,5.273133863017759e-09,0.5384678786670898
revisions,92,premium_up_persistent,myopic,Duration B,1.671954994475588e-08,-1.4046120292893361e-08,2.6734296518625194e-09,-1.8834729957851703e-09,5.273133863017759e-09,0.5384678786670898
revisions,92,premium_up_persistent,myopic,Credit A,30.68817585535889,-2.02224903489423e-09,30.68817585333664,-1.4744894348704838e-09,5.273133863017759e-09,0.5384678786670898
revisions,92,premium_up_persistent,myopic,Credit B,10.0060433183636,-8.00458588301467e-09,10.006043310359015,-0.11594915882702286,5.273133863017759e-09,0.5384678786670898
revisions,92,premium_up_persistent,myopic,Equity ETF,20.467537907926193,4.5930847303474245,25.060622638273617,0.2844610857821134,5.273133863017759e-09,0.5384678786670898
revisions,92,premium_up_persistent,myopic,Duration ETF,3.513153509685196e-09,-2.4689240521729806e-09,1.0442294575122155e-09,-6.006830412808189e-10,5.273133863017759e-09,0.5384678786670898
revisions,92,premium_up_persistent,myopic,Credit ETF,5.1489616870884085e-09,-3.640377070978108e-09,1.5085846161103e-09,-9.419876357970103e-10,5.273133863017759e-09,0.5384678786670898
revisions,92,premium_up_persistent,dynamic,Equity A,18.569722190614858,0.036367997113365136,18.60609018772822,0.11991535628638895,4.011613537560112e-09,0.7606293400866062
revisions,92,premium_up_persistent,dynamic,Equity B,8.045921510289954,1.1114720255278598e-10,8.045921510401103,0.0026164727791361045,4.011613537560112e-09,0.7606293400866062
revisions,92,premium_up_persistent,dynamic,Duration A,12.222599191706534,-7.610096526570601,4.612502665135935,-0.052061205630076456,4.011613537560112e-09,0.7606293400866062
revisions,92,premium_up_persistent,dynamic,Duration B,1.671954994475588e-08,-1.493708267231574e-08,1.7824672724401398e-09,2.12839781441769e-09,4.011613537560112e-09,0.7606293400866062
revisions,92,premium_up_persistent,dynamic,Credit A,30.68817585535889,-3.4169889140400755e-10,30.688175855017192,-5.466301999523393e-09,4.011613537560112e-09,0.7606293400866062
revisions,92,premium_up_persistent,dynamic,Credit B,10.0060433183636,-5.5221105466074505e-11,10.006043318308379,-0.07087524071590828,4.011613537560112e-09,0.7606293400866062
revisions,92,premium_up_persistent,dynamic,Equity ETF,20.467537907926193,7.56612225511446,28.03366016304065,3.880788665730802e-07,4.011613537560112e-09,0.7606293400866062
revisions,92,premium_up_persistent,dynamic,Duration ETF,3.513153509685196e-09,-3.064909117883736e-09,4.482443918014607e-10,2.230412856643594e-09,4.011613537560112e-09,0.7606293400866062
revisions,92,premium_up_persistent,dynamic,Credit ETF,5.1489616870884085e-09,-4.423637798285541e-09,7.25323888802868e-10,2.6078751514531305e-09,4.011613537560112e-09,0.7606293400866062
revisions,93,premium_down_reverting,etf_only,Equity A,18.569722190614858,1.1710077352233839e-11,18.569722190626567,-0.7002250639549974,3.2675925631725153e-10,0.3418644346375713
revisions,93,premium_down_reverting,etf_only,Equity B,8.045921510289954,7.95752352900081e-12,8.045921510297912,-0.06987253527676995,3.2675925631725153e-10,0.3418644346375713
revisions,93,premium_down_reverting,etf_only,Duration A,12.222599191706534,-2.2062907056863423e-11,12.222599191684472,0.9089853983027467,3.2675925631725153e-10,0.3418644346375713
revisions,93,premium_down_reverting,etf_only,Duration B,1.671954994475588e-08,-8.096598577681859e-09,8.622951367074023e-09,0.028548208895293047,3.2675925631725153e-10,0.3418644346375713
revisions,93,premium_down_reverting,etf_only,Credit A,30.68817585535889,-1.0480505352461478e-11,30.68817585534841,1.7265947288158261e-09,3.2675925631725153e-10,0.3418644346375713
revisions,93,premium_down_reverting,etf_only,Credit B,10.0060433183636,-1.2773115898312426e-11,10.006043318350827,0.09705648482832151,3.2675925631725153e-10,0.3418644346375713
revisions,93,premium_down_reverting,etf_only,Equity ETF,20.467537907926193,-3.420353660391215,17.04718424753498,-0.25484518763022623,3.2675925631725153e-10,0.3418644346375713
revisions,93,premium_down_reverting,etf_only,Duration ETF,3.513153509685196e-09,3.41693500361705,3.4169350071302036,-0.010693089995687863,3.2675925631725153e-10,0.3418644346375713
revisions,93,premium_down_reverting,etf_only,Credit ETF,5.1489616870884085e-09,2.0581579897290655e-08,2.573054158437906e-08,-1.5399242972848858e-08,3.2675925631725153e-10,0.3418644346375713
revisions,93,premium_down_reverting,myopic,Equity A,18.569722190614858,-0.7882719187638693,17.78145027185099,-0.20976388518453962,1.4074117590215547e-09,0.538248664774103
revisions,93,premium_down_reverting,myopic,Equity B,8.045921510289954,-1.6615746278869636e-08,8.045921493674209,-0.015019415522520351,1.4074117590215547e-09,0.538248664774103
revisions,93,premium_down_reverting,myopic,Duration A,12.222599191706534,5.379795399804061,17.602394591510595,0.24093072222900344,1.4074117590215547e-09,0.538248664774103
revisions,93,premium_down_reverting,myopic,Duration B,1.671954994475588e-08,-3.3428411609389722e-09,1.3376708783816909e-08,-1.4322039686776333e-09,1.4074117590215547e-09,0.538248664774103
revisions,93,premium_down_reverting,myopic,Credit A,30.68817585535889,1.568162266707418e-09,30.688175856927053,2.496748859614216e-09,1.4074117590215547e-09,0.538248664774103
revisions,93,premium_down_reverting,myopic,Credit B,10.0060433183636,2.5203825138042646e-09,10.006043320883983,0.02319672302768517,1.4074117590215547e-09,0.538248664774103
revisions,93,premium_down_reverting,myopic,Equity ETF,20.467537907926193,-4.596905951077207,15.870631956848985,-0.039614609724445395,1.4074117590215547e-09,0.538248664774103
revisions,93,premium_down_reverting,myopic,Duration ETF,3.513153509685196e-09,-6.305680058268931e-11,3.450096709102507e-09,1.0769017531312842e-09,1.4074117590215547e-09,0.538248664774103
revisions,93,premium_down_reverting,myopic,Credit ETF,5.1489616870884085e-09,-1.7267353657756393e-09,3.4222263213127694e-09,-5.42269289232505e-10,1.4074117590215547e-09,0.538248664774103
revisions,93,premium_down_reverting,dynamic,Equity A,18.569722190614858,-0.4083371141489739,18.161385076465884,-0.11307004089760894,3.6354402832301097e-10,0.7068187514623685
revisions,93,premium_down_reverting,dynamic,Equity B,8.045921510289954,-7.617795283465512e-11,8.045921510213777,-4.857568721778862e-08,3.6354402832301097e-10,0.7068187514623685
revisions,93,premium_down_reverting,dynamic,Duration A,12.222599191706534,7.064653420794184,19.28725261250072,0.11286804448018034,3.6354402832301097e-10,0.7068187514623685
revisions,93,premium_down_reverting,dynamic,Duration B,1.671954994475588e-08,-3.944440818457145e-09,1.2775109126298735e-08,6.126273064851941e-09,3.6354402832301097e-10,0.7068187514623685
revisions,93,premium_down_reverting,dynamic,Credit A,30.68817585535889,-1.82576176399607e-11,30.68817585534063,1.803056418162132e-09,3.6354402832301097e-10,0.7068187514623685
revisions,93,premium_down_reverting,dynamic,Credit B,10.0060433183636,6.956796250179309e-11,10.006043318433168,1.4385861958981028e-08,3.6354402832301097e-10,0.7068187514623685
revisions,93,premium_down_reverting,dynamic,Equity ETF,20.467537907926193,-6.6633844868335235,13.804153421092668,-1.769831951709914e-08,3.6354402832301097e-10,0.7068187514623685
revisions,93,premium_down_reverting,dynamic,Duration ETF,3.513153509685196e-09,-5.746811966757279e-10,2.938472313009468e-09,6.938493718957015e-09,3.6354402832301097e-10,0.7068187514623685
revisions,93,premium_down_reverting,dynamic,Credit ETF,5.1489616870884085e-09,-2.7875634065701005e-09,2.361398280518308e-09,7.791639682600538e-09,3.6354402832301097e-10,0.7068187514623685
revisions,94,premium_up_reverting,etf_only,Equity A,18.569722190614858,-2.1635471192382738e-10,18.5697221903985,0.7477075199956355,7.13154386782694e-10,2.5816649338640657e-09
revisions,94,premium_up_reverting,etf_only,Equity B,8.045921510289954,-2.1595086829861998e-10,8.045921510074004,0.1346861545147066,7.13154386782694e-10,2.5816649338640657e-09
revisions,94,premium_up_reverting,etf_only,Duration A,12.222599191706534,-2.0845963843996174e-10,12.222599191498075,-2.919139155653911,7.13154386782694e-10,2.5816649338640657e-09
revisions,94,premium_up_reverting,etf_only,Duration B,1.671954994475588e-08,-1.5687423026288633e-08,1.032126918467246e-09,-6.10160834809711e-10,7.13154386782694e-10,2.5816649338640657e-09
revisions,94,premium_up_reverting,etf_only,Credit A,30.68817585535889,-2.1187496201946487e-10,30.688175855147016,-9.656289014277396e-10,7.13154386782694e-10,2.5816649338640657e-09
revisions,94,premium_up_reverting,etf_only,Credit B,10.0060433183636,-2.1118662374419728e-10,10.006043318152413,-0.18757833813701016,7.13154386782694e-10,2.5816649338640657e-09
revisions,94,premium_up_reverting,etf_only,Equity ETF,20.467537907926193,2.5626314958948626e-08,20.467537933552507,2.2212186553716378,7.13154386782694e-10,2.5816649338640657e-09
revisions,94,premium_up_reverting,etf_only,Duration ETF,3.513153509685196e-09,-4.082025610138496e-09,-5.688721004532992e-10,7.567918257244737e-10,7.13154386782694e-10,2.5816649338640657e-09
revisions,94,premium_up_reverting,etf_only,Credit ETF,5.1489616870884085e-09,-5.173708277479483e-09,-2.474659039107387e-11,2.880023514694834e-10,7.13154386782694e-10,2.5816649338640657e-09
revisions,94,premium_up_reverting,myopic,Equity A,18.569722190614858,0.7889016773340363,19.358623867948893,0.11490009813069657,5.273133863017759e-09,0.5384678786670898
revisions,94,premium_up_reverting,myopic,Equity B,8.045921510289954,3.713868657051478e-08,8.045921547428641,0.021052353145405954,5.273133863017759e-09,0.5384678786670898
revisions,94,premium_up_reverting,myopic,Duration A,12.222599191706534,-5.3873710983393925,6.835228093367142,-0.15651475348298471,5.273133863017759e-09,0.5384678786670898
revisions,94,premium_up_reverting,myopic,Duration B,1.671954994475588e-08,-1.4046120292893361e-08,2.6734296518625194e-09,-1.6498445560996062e-09,5.273133863017759e-09,0.5384678786670898
revisions,94,premium_up_reverting,myopic,Credit A,30.68817585535889,-2.02224903489423e-09,30.68817585333664,-5.953231734739321e-10,5.273133863017759e-09,0.5384678786670898
revisions,94,premium_up_reverting,myopic,Credit B,10.0060433183636,-8.00458588301467e-09,10.006043310359015,-0.0001558259544653045,5.273133863017759e-09,0.5384678786670898
revisions,94,premium_up_reverting,myopic,Equity ETF,20.467537907926193,4.5930847303474245,25.060622638273617,0.020307241905450912,5.273133863017759e-09,0.5384678786670898
revisions,94,premium_up_reverting,myopic,Duration ETF,3.513153509685196e-09,-2.4689240521729806e-09,1.0442294575122155e-09,-4.774987536212505e-10,5.273133863017759e-09,0.5384678786670898
revisions,94,premium_up_reverting,myopic,Credit ETF,5.1489616870884085e-09,-3.640377070978108e-09,1.5085846161103e-09,-8.52735846725155e-10,5.273133863017759e-09,0.5384678786670898
revisions,94,premium_up_reverting,dynamic,Equity A,18.569722190614858,0.0838214706517959,18.653543661266653,0.06437727737125286,7.941783256688265e-09,0.6589615485450276
revisions,94,premium_up_reverting,dynamic,Equity B,8.045921510289954,1.4113710200547303e-11,8.045921510304069,0.0008626965780846985,7.941783256688265e-09,0.6589615485450276
revisions,94,premium_up_reverting,dynamic,Duration A,12.222599191706534,-6.592910272890052,5.629688918816483,-0.06543916624018789,7.941783256688265e-09,0.6589615485450276
revisions,94,premium_up_reverting,dynamic,Duration B,1.671954994475588e-08,-1.5811567580767456e-08,9.079823639884251e-10,5.062150933247514e-10,7.941783256688265e-09,0.6589615485450276
revisions,94,premium_up_reverting,dynamic,Credit A,30.68817585535889,-3.652633751016765e-11,30.688175855322363,-8.062388205613779e-10,7.941783256688265e-09,0.6589615485450276
revisions,94,premium_up_reverting,dynamic,Credit B,10.0060433183636,-6.704359289955164e-12,10.006043318356896,-0.00020572756536896373,7.941783256688265e-09,0.6589615485450276
revisions,94,premium_up_reverting,dynamic,Equity ETF,20.467537907926193,6.502499203249901,26.970037111176094,4.563901622877819e-09,7.941783256688265e-09,0.6589615485450276
revisions,94,premium_up_reverting,dynamic,Duration ETF,3.513153509685196e-09,-3.345979941426085e-09,1.6717356825911163e-10,7.271047396390735e-10,7.941783256688265e-09,0.6589615485450276
revisions,94,premium_up_reverting,dynamic,Credit ETF,5.1489616870884085e-09,-4.893911849123807e-09,2.550498379646015e-10,7.88835014066727e-10,7.941783256688265e-09,0.6589615485450276
revisions,95,alpha_up,etf_only,Equity A,18.569722190614858,-2.0896062657982384e-10,18.569722190405898,0.22248666578796905,-1.6365782529503272e-09,5.375484312332861e-10
revisions,95,alpha_up,etf_only,Equity B,8.045921510289954,-2.2572776980922526e-10,8.045921510064227,-0.03984097946804279,-1.6365782529503272e-09,5.375484312332861e-10
revisions,95,alpha_up,etf_only,Duration A,12.222599191706534,-2.2572915758800605e-10,12.222599191480805,-0.06035058354584386,-1.6365782529503272e-09,5.375484312332861e-10
revisions,95,alpha_up,etf_only,Duration B,1.671954994475588e-08,-2.9321669104867717e-09,1.378738303426911e-08,-8.21217865809142e-09,-1.6365782529503272e-09,5.375484312332861e-10
revisions,95,alpha_up,etf_only,Credit A,30.68817585535889,-2.2573054536678683e-10,30.68817585513316,-1.0283258169882409e-09,-1.6365782529503272e-09,5.375484312332861e-10
revisions,95,alpha_up,etf_only,Credit B,10.0060433183636,-2.2572776980922526e-10,10.006043318137872,-0.00026814812483421746,-1.6365782529503272e-09,5.375484312332861e-10
revisions,95,alpha_up,etf_only,Equity ETF,20.467537907926193,-3.3668901000538654e-10,20.467537907589502,-0.12241170868102418,-1.6365782529503272e-09,5.375484312332861e-10
revisions,95,alpha_up,etf_only,Duration ETF,3.513153509685196e-09,4.9323058680911925e-09,8.445459377776388e-09,-5.72102237523182e-09,-1.6365782529503272e-09,5.375484312332861e-10
revisions,95,alpha_up,etf_only,Credit ETF,5.1489616870884085e-09,1.4379309669293044e-09,6.586892654017713e-09,-4.46269548689259e-09,-1.6365782529503272e-09,5.375484312332861e-10
revisions,95,alpha_up,myopic,Equity A,18.569722190614858,3.4986080699184186e-08,18.569722225600938,0.22248665187946629,3.843243850722704e-09,3.674692494865122e-09
revisions,95,alpha_up,myopic,Equity B,8.045921510289954,-4.358333138831938e-09,8.045921505931622,-0.03984097706595406,3.843243850722704e-09,3.674692494865122e-09
revisions,95,alpha_up,myopic,Duration A,12.222599191706534,-3.534862680343309e-09,12.222599188171673,-0.06035058222473497,3.843243850722704e-09,3.674692494865122e-09
revisions,95,alpha_up,myopic,Duration B,1.671954994475588e-08,-1.4493771803051958e-08,2.225778141703922e-09,-9.079658437178909e-10,3.843243850722704e-09,3.674692494865122e-09
revisions,95,alpha_up,myopic,Credit A,30.68817585535889,-2.5914381751590554e-09,30.68817585276745,-5.642019644690337e-10,3.843243850722704e-09,3.674692494865122e-09
revisions,95,alpha_up,myopic,Credit B,10.0060433183636,-5.6450941143815214e-09,10.006043312718505,-0.0002681459521324835,3.843243850722704e-09,3.674692494865122e-09
revisions,95,alpha_up,myopic,Equity ETF,20.467537907926193,-7.28894722357154e-10,20.467537907197297,-0.12241171129487671,3.843243850722704e-09,3.674692494865122e-09
revisions,95,alpha_up,myopic,Duration ETF,3.513153509685196e-09,-2.809977138801526e-09,7.031763708836701e-10,-4.656852709004617e-11,3.843243850722704e-09,3.674692494865122e-09
revisions,95,alpha_up,myopic,Credit ETF,5.1489616870884085e-09,-4.345397425191801e-09,8.035642618966081e-10,-2.7459711615689e-10,3.843243850722704e-09,3.674692494865122e-09
revisions,95,alpha_up,dynamic,Equity A,18.569722190614858,3.3965075196817907e-08,18.569722224579934,0.22248675673561175,-6.229255509860382e-10,3.349120688639945e-09
revisions,95,alpha_up,dynamic,Equity B,8.045921510289954,-1.966245222195795e-09,8.04592150832371,-0.03984097398081173,-6.229255509860382e-10,3.349120688639945e-09
revisions,95,alpha_up,dynamic,Duration A,12.222599191706534,-1.8998552731019913e-09,12.22259918980668,-0.06035058508963363,-6.229255509860382e-10,3.349120688639945e-09
revisions,95,alpha_up,dynamic,Duration B,1.671954994475588e-08,-1.569693446810537e-08,1.0226154766505131e-09,-1.7246799081359685e-10,-6.229255509860382e-10,3.349120688639945e-09
revisions,95,alpha_up,dynamic,Credit A,30.68817585535889,-1.9017509789165388e-09,30.68817585345714,-9.803022462714399e-10,-6.229255509860382e-10,3.349120688639945e-09
revisions,95,alpha_up,dynamic,Credit B,10.0060433183636,-1.9005214069167664e-09,10.006043316463078,-0.0002682595434609724,-6.229255509860382e-10,3.349120688639945e-09
revisions,95,alpha_up,dynamic,Equity ETF,20.467537907926193,-2.0198787087366554e-09,20.467537905906312,-0.1224117133022865,-6.229255509860382e-10,3.349120688639945e-09
revisions,95,alpha_up,dynamic,Duration ETF,3.513153509685196e-09,-2.9372850602418343e-09,5.758684494433616e-10,-2.7574697498179736e-11,-6.229255509860382e-10,3.349120688639945e-09
revisions,95,alpha_up,dynamic,Credit ETF,5.1489616870884085e-09,-4.6948674577660406e-09,4.5409422932236775e-10,9.935951704986271e-11,-6.229255509860382e-10,3.349120688639945e-09
revisions,96,alpha_down,etf_only,Equity A,18.569722190614858,-4.200223502337508e-10,18.569722190194835,-0.2828534185680293,-4.2093833620452176e-09,6.941567657793921e-10
revisions,96,alpha_down,etf_only,Equity B,8.045921510289954,-3.5531161346469275e-10,8.045921509934644,0.032208979139553034,-4.2093833620452176e-09,6.941567657793921e-10
revisions,96,alpha_down,etf_only,Duration A,12.222599191706534,-3.553074501283504e-10,12.222599191351227,0.13705259432037684,-4.2093833620452176e-09,6.941567657793921e-10
revisions,96,alpha_down,etf_only,Duration B,1.671954994475588e-08,-2.5103244743769538e-09,1.4209225470378928e-08,-1.3572647493671082e-09,-4.2093833620452176e-09,6.941567657793921e-10
revisions,96,alpha_down,etf_only,Credit A,30.68817585535889,-3.552991234556657e-10,30.688175855003593,5.833012840743227e-09,-4.2093833620452176e-09,6.941567657793921e-10
revisions,96,alpha_down,etf_only,Credit B,10.0060433183636,-3.553088379071312e-10,10.006043318008292,0.02441646372628523,-4.2093833620452176e-09,6.941567657793921e-10
revisions,96,alpha_down,etf_only,Equity ETF,20.467537907926193,-3.096217726650252e-10,20.46753790761657,0.0887716272098168,-4.2093833620452176e-09,6.941567657793921e-10
revisions,96,alpha_down,etf_only,Duration ETF,3.513153509685196e-09,5.431124054760359e-09,8.944277564445555e-09,-3.351810261688331e-09,-4.2093833620452176e-09,6.941567657793921e-10
revisions,96,alpha_down,etf_only,Credit ETF,5.1489616870884085e-09,3.790815638595912e-09,8.939777325684321e-09,-2.8472343398449646e-09,-4.2093833620452176e-09,6.941567657793921e-10
revisions,96,alpha_down,myopic,Equity A,18.569722190614858,-2.758785144774123e-08,18.569722163027006,-0.2828534231437775,2.5480098415282223e-09,2.8445522903515705e-09
revisions,96,alpha_down,myopic,Equity B,8.045921510289954,2.7153210235830727e-09,8.045921513005275,0.032208986215584295,2.5480098415282223e-09,2.8445522903515705e-09
revisions,96,alpha_down,myopic,Duration A,12.222599191706534,5.801378821779224e-09,12.222599197507913,0.13705259304102438,2.5480098415282223e-09,2.8445522903515705e-09
revisions,96,alpha_down,myopic,Duration B,1.671954994475588e-08,-1.9667479996217082e-09,1.4752801945134172e-08,-2.5523596463006696e-09,2.5480098415282223e-09,2.8445522903515705e-09
revisions,96,alpha_down,myopic,Credit A,30.68817585535889,8.426814801509863e-09,30.688175863785705,5.9143202937975214e-09,2.5480098415282223e-09,2.8445522903515705e-09
revisions,96,alpha_down,myopic,Credit B,10.0060433183636,4.873873526989314e-09,10.006043323237474,0.024416462632376217,2.5480098415282223e-09,2.8445522903515705e-09
revisions,96,alpha_down,myopic,Equity ETF,20.467537907926193,2.032771173610115e-09,20.467537909958963,0.08877162730999226,2.5480098415282223e-09,2.8445522903515705e-09
revisions,96,alpha_down,myopic,Duration ETF,3.513153509685196e-09,2.3157097710077757e-09,5.828863280692972e-09,-1.145745072303582e-09,2.5480098415282223e-09,2.8445522903515705e-09
revisions,96,alpha_down,myopic,Credit ETF,5.1489616870884085e-09,1.1705772411891114e-09,6.31953892827752e-09,-1.188359607070839e-09,2.5480098415282223e-09,2.8445522903515705e-09
revisions,96,alpha_down,dynamic,Equity A,18.569722190614858,-0.1581942905986261,18.41152790001623,-0.2687064365813572,8.876885592014978e-10,0.01581152409505243
revisions,96,alpha_down,dynamic,Equity B,8.045921510289954,4.0376452181689615e-10,8.04592151069372,0.03209693319467966,8.876885592014978e-10,0.01581152409505243
revisions,96,alpha_down,dynamic,Duration A,12.222599191706534,0.09704300752281514,12.31964219922935,0.12469910039381475,8.876885592014978e-10,0.01581152409505243
revisions,96,alpha_down,dynamic,Duration B,1.671954994475588e-08,-5.420829853785707e-09,1.1298720090970175e-08,2.439375527620348e-09,8.876885592014978e-10,0.01581152409505243
revisions,96,alpha_down,dynamic,Credit A,30.68817585535889,1.6694201576683554e-09,30.68817585702831,2.7707478158541856e-09,8.876885592014978e-10,0.01581152409505243
revisions,96,alpha_down,dynamic,Credit B,10.0060433183636,0.060993170462418644,10.067036488826018,0.018049583902596734,8.876885592014978e-10,0.01581152409505243
revisions,96,alpha_down,dynamic,Equity ETF,20.467537907926193,6.89659440666901e-10,20.467537908615853,0.09346660763415723,8.876885592014978e-10,0.01581152409505243
revisions,96,alpha_down,dynamic,Duration ETF,3.513153509685196e-09,-2.8162367469806567e-09,6.969167627045392e-10,4.3887807451978816e-09,8.876885592014978e-10,0.01581152409505243
revisions,96,alpha_down,dynamic,Credit ETF,5.1489616870884085e-09,2.317278004092544e-09,7.466239691180953e-09,1.324364222567479e-09,8.876885592014978e-10,0.01581152409505243
revisions,97,anticipated_down,etf_only,Equity A,18.569722190614858,-1.6122381207850367e-10,18.569722190453632,-1.2818170369914992,-1.8716750031075194e-09,3.6165551064648727e-10
revisions,97,anticipated_down,etf_only,Equity B,8.045921510289954,-1.612224242997229e-10,8.045921510128732,-0.2279096574848558,-1.8716750031075194e-09,3.6165551064648727e-10
revisions,97,anticipated_down,etf_only,Duration A,12.222599191706534,-1.612210365209421e-10,12.222599191545314,5.6506307312529716,-1.8716750031075194e-09,3.6165551064648727e-10
revisions,97,anticipated_down,etf_only,Duration B,1.671954994475588e-08,-1.5559381704562143e-09,1.5163611774299665e-08,0.17598678781235708,-1.8716750031075194e-09,3.6165551064648727e-10
revisions,97,anticipated_down,etf_only,Credit A,30.68817585535889,-1.6121548540581898e-10,30.688175855197674,3.159669092725162e-09,-1.8716750031075194e-09,3.6165551064648727e-10
revisions,97,anticipated_down,etf_only,Credit B,10.0060433183636,-1.612224242997229e-10,10.006043318202378,0.2480492020896941,-1.8716750031075194e-09,3.6165551064648727e-10
revisions,97,anticipated_down,etf_only,Equity ETF,20.467537907926193,-1.4133139103478243e-10,20.46753790778486,-4.571017733542298,-1.8716750031075194e-09,3.6165551064648727e-10
revisions,97,anticipated_down,etf_only,Duration ETF,3.513153509685196e-09,2.2551893606696792e-09,5.768342870354875e-09,-4.389682304437852e-10,-1.8716750031075194e-09,3.6165551064648727e-10
revisions,97,anticipated_down,etf_only,Credit ETF,5.1489616870884085e-09,2.4745461081643594e-09,7.623507795252769e-09,-3.125709964083374e-09,-1.8716750031075194e-09,3.6165551064648727e-10
revisions,97,anticipated_down,myopic,Equity A,18.569722190614858,1.1284612133621863e-09,18.569722191743317,-1.2818170255246661,3.922595065600235e-09,9.52182695713717e-10
revisions,97,anticipated_down,myopic,Equity B,8.045921510289954,9.641884513023058e-10,8.045921511254143,-0.2279096522662652,3.922595065600235e-09,9.52182695713717e-10
revisions,97,anticipated_down,myopic,Duration A,12.222599191706534,1.2097559065615826e-09,12.22259919291629,5.650630739336691,3.922595065600235e-09,9.52182695713717e-10
revisions,97,anticipated_down,myopic,Duration B,1.671954994475588e-08,-7.99628473421022e-09,8.723265210545661e-09,0.17598678764818063,3.922595065600235e-09,9.52182695713717e-10
revisions,97,anticipated_down,myopic,Credit A,30.68817585535889,1.897398904660008e-09,30.68817585725629,2.2720704047609043e-09,3.922595065600235e-09,9.52182695713717e-10
revisions,97,anticipated_down,myopic,Credit B,10.0060433183636,1.3662113107493212e-09,10.00604331972981,0.24804919933698105,3.922595065600235e-09,9.52182695713717e-10
revisions,97,anticipated_down,myopic,Equity ETF,20.467537907926193,1.1689038625917192e-09,20.467537909095096,-4.571017753150951,3.922595065600235e-09,9.52182695713717e-10
revisions,97,anticipated_down,myopic,Duration ETF,3.513153509685196e-09,-9.127452666579533e-10,2.600408243027243e-09,2.467899417660323e-10,3.922595065600235e-09,9.52182695713717e-10
revisions,97,anticipated_down,myopic,Credit ETF,5.1489616870884085e-09,-2.399704264179046e-09,2.7492574229093627e-09,-3.7987392719975476e-10,3.922595065600235e-09,9.52182695713717e-10
revisions,97,anticipated_down,dynamic,Equity A,18.569722190614858,-1.5433654354524151e-09,18.56972218907149,-1.2818170998348002,1.2395755463410576e-09,1.1916868411258669e-09
revisions,97,anticipated_down,dynamic,Equity B,8.045921510289954,-8.451447874868734e-10,8.04592150944481,-0.2279096671565623,1.2395755463410576e-09,1.1916868411258669e-09
revisions,97,anticipated_down,dynamic,Duration A,12.222599191706534,1.1470273342251147e-08,12.222599203176808,5.650630642721605,1.2395755463410576e-09,1.1916868411258669e-09
revisions,97,anticipated_down,dynamic,Duration B,1.671954994475588e-08,-1.5530563398315917e-09,1.516649360492429e-08,0.17598680148826185,1.2395755463410576e-09,1.1916868411258669e-09
revisions,97,anticipated_down,dynamic,Credit A,30.68817585535889,-8.821998687125188e-10,30.68817585447669,8.846930312819174e-09,1.2395755463410576e-09,1.1916868411258669e-09
revisions,97,anticipated_down,dynamic,Credit B,10.0060433183636,-7.802300472370405e-10,10.00604331758337,0.24804927575008207,1.2395755463410576e-09,1.1916868411258669e-09
revisions,97,anticipated_down,dynamic,Equity ETF,20.467537907926193,-9.948541990212334e-10,20.467537906931337,-4.5710176934133,1.2395755463410576e-09,1.1916868411258669e-09
revisions,97,anticipated_down,dynamic,Duration ETF,3.513153509685196e-09,-3.198349681280693e-09,3.1480382840450316e-10,1.4363137875718325e-08,1.2395755463410576e-09,1.1916868411258669e-09
revisions,97,anticipated_down,dynamic,Credit ETF,5.1489616870884085e-09,-2.5662631212438204e-09,2.582698565844588e-09,9.793626821667028e-09,1.2395755463410576e-09,1.1916868411258669e-09
revisions,98,anticipated_up,etf_only,Equity A,18.569722190614858,-1.6122381207850367e-10,18.569722190453632,0.8170407729630249,-1.8716750031075194e-09,3.6165551064648727e-10
revisions,98,anticipated_up,etf_only,Equity B,8.045921510289954,-1.612224242997229e-10,8.045921510128732,0.19452955328482366,-1.8716750031075194e-09,3.6165551064648727e-10
revisions,98,anticipated_up,etf_only,Duration A,12.222599191706534,-1.612210365209421e-10,12.222599191545314,-4.873343740984211,-1.8716750031075194e-09,3.6165551064648727e-10
revisions,98,anticipated_up,etf_only,Duration B,1.671954994475588e-08,-1.5559381704562143e-09,1.5163611774299665e-08,-1.2716471025156067e-08,-1.8716750031075194e-09,3.6165551064648727e-10
revisions,98,anticipated_up,etf_only,Credit A,30.68817585535889,-1.6121548540581898e-10,30.688175855197674,-2.413971594633429e-09,-1.8716750031075194e-09,3.6165551064648727e-10
revisions,98,anticipated_up,etf_only,Credit B,10.0060433183636,-1.612224242997229e-10,10.006043318202378,-0.24804858009328695,-1.8716750031075194e-09,3.6165551064648727e-10
revisions,98,anticipated_up,etf_only,Equity ETF,20.467537907926193,-1.4133139103478243e-10,20.46753790778486,4.104703181152372,-1.8716750031075194e-09,3.6165551064648727e-10
revisions,98,anticipated_up,etf_only,Duration ETF,3.513153509685196e-09,2.2551893606696792e-09,5.768342870354875e-09,-4.683031258849073e-09,-1.8716750031075194e-09,3.6165551064648727e-10
revisions,98,anticipated_up,etf_only,Credit ETF,5.1489616870884085e-09,2.4745461081643594e-09,7.623507795252769e-09,-6.0010186844213796e-09,-1.8716750031075194e-09,3.6165551064648727e-10
revisions,98,anticipated_up,myopic,Equity A,18.569722190614858,1.1284612133621863e-09,18.569722191743317,0.8170407640679069,3.922595065600235e-09,9.52182695713717e-10
revisions,98,anticipated_up,myopic,Equity B,8.045921510289954,9.641884513023058e-10,8.045921511254143,0.19452957234324858,3.922595065600235e-09,9.52182695713717e-10
revisions,98,anticipated_up,myopic,Duration A,12.222599191706534,1.2097559065615826e-09,12.22259919291629,-4.8733437384878915,3.922595065600235e-09,9.52182695713717e-10
revisions,98,anticipated_up,myopic,Duration B,1.671954994475588e-08,-7.99628473421022e-09,8.723265210545661e-09,-6.9639404001852136e-09,3.922595065600235e-09,9.52182695713717e-10
revisions,98,anticipated_up,myopic,Credit A,30.68817585535889,1.897398904660008e-09,30.68817585725629,-2.881575263896035e-09,3.922595065600235e-09,9.52182695713717e-10
revisions,98,anticipated_up,myopic,Credit B,10.0060433183636,1.3662113107493212e-09,10.00604331972981,-0.24804863417151826,3.922595065600235e-09,9.52182695713717e-10
revisions,98,anticipated_up,myopic,Equity ETF,20.467537907926193,1.1689038625917192e-09,20.467537909095096,4.104703217382673,3.922595065600235e-09,9.52182695713717e-10
revisions,98,anticipated_up,myopic,Duration ETF,3.513153509685196e-09,-9.127452666579533e-10,2.600408243027243e-09,-1.783217767098589e-09,3.922595065600235e-09,9.52182695713717e-10
revisions,98,anticipated_up,myopic,Credit ETF,5.1489616870884085e-09,-2.399704264179046e-09,2.7492574229093627e-09,-1.7091611078072256e-09,3.922595065600235e-09,9.52182695713717e-10
revisions,98,anticipated_up,dynamic,Equity A,18.569722190614858,-2.024694301105967e-09,18.569722188590163,0.8170405506292444,1.611790176842155e-09,2.687137154555388e-09
revisions,98,anticipated_up,dynamic,Equity B,8.045921510289954,-1.967299934069189e-09,8.045921508322655,0.19452959555024033,1.611790176842155e-09,2.687137154555388e-09
revisions,98,anticipated_up,dynamic,Duration A,12.222599191706534,-3.3570521362769057e-09,12.222599188349482,-4.87334374478778,1.611790176842155e-09,2.687137154555388e-09
revisions,98,anticipated_up,dynamic,Duration B,1.671954994475588e-08,-1.5396445557815136e-08,1.3231043869407424e-09,3.6405478262634253e-09,1.611790176842155e-09,2.687137154555388e-09
revisions,98,anticipated_up,dynamic,Credit A,30.68817585535889,-2.0397850075681845e-09,30.688175853319105,-1.0160865795868952e-08,1.611790176842155e-09,2.687137154555388e-09
revisions,98,anticipated_up,dynamic,Credit B,10.0060433183636,-2.0497423203202914e-09,10.006043316313857,-0.24804864840924107,1.611790176842155e-09,2.687137154555388e-09
revisions,98,anticipated_up,dynamic,Equity ETF,20.467537907926193,2.4412782906324537e-08,20.467537932338974,4.104703417518171,1.611790176842155e-09,2.687137154555388e-09
revisions,98,anticipated_up,dynamic,Duration ETF,3.513153509685196e-09,1.8184090034041285e-09,5.331562513089325e-09,-1.1614231460609174e-09,1.611790176842155e-09,2.687137154555388e-09
revisions,98,anticipated_up,dynamic,Credit ETF,5.1489616870884085e-09,-6.765319242234225e-10,4.472429762864986e-09,1.7603458689190028e-09,1.611790176842155e-09,2.687137154555388e-09
revisions,99,unchanged,etf_only,Equity A,18.569722190614858,-1.0645706538525701e-09,18.569722189550287,5.684585068612524e-10,-5.6532595867112445e-09,2.5725478027098477e-09
revisions,99,unchanged,etf_only,Equity B,8.045921510289954,-1.0645706538525701e-09,8.045921509225384,4.765757859721677e-10,-5.6532595867112445e-09,2.5725478027098477e-09
revisions,99,unchanged,etf_only,Duration A,12.222599191706534,-1.0645706538525701e-09,12.222599190641963,9.311637141649639e-10,-5.6532595867112445e-09,2.5725478027098477e-09
revisions,99,unchanged,etf_only,Duration B,1.671954994475588e-08,3.084697907487393e-09,1.9804247852243274e-08,-1.5087882711889818e-08,-5.6532595867112445e-09,2.5725478027098477e-09
revisions,99,unchanged,etf_only,Credit A,30.68817585535889,-1.064565102737447e-09,30.688175854294325,1.0303264542983797e-09,-5.6532595867112445e-09,2.5725478027098477e-09
revisions,99,unchanged,etf_only,Credit B,10.0060433183636,-1.0645692660737893e-09,10.006043317299032,7.36448852004071e-10,-5.6532595867112445e-09,2.5725478027098477e-09
revisions,99,unchanged,etf_only,Equity ETF,20.467537907926193,-2.058983539221515e-09,20.467537905867207,-0.0837544615105853,-5.6532595867112445e-09,2.5725478027098477e-09
revisions,99,unchanged,etf_only,Duration ETF,3.513153509685196e-09,-2.739413608012798e-09,7.737399016723976e-10,0.0836707583283072,-5.6532595867112445e-09,2.5725478027098477e-09
revisions,99,unchanged,etf_only,Credit ETF,5.1489616870884085e-09,1.302238195553729e-08,1.8171343642625697e-08,-2.5819099501028146e-09,-5.6532595867112445e-09,2.5725478027098477e-09
revisions,99,unchanged,myopic,Equity A,18.569722190614858,4.179795398684405e-10,18.569722191032838,6.190082268780831e-10,2.606862138101469e-09,3.577041813927484e-09
revisions,99,unchanged,myopic,Equity B,8.045921510289954,3.092498479517758e-10,8.045921510599205,4.980234235552871e-10,2.606862138101469e-09,3.577041813927484e-09
revisions,99,unchanged,myopic,Duration A,12.222599191706534,7.190040229865247e-10,12.22259919242554,7.640623987413294e-10,2.606862138101469e-09,3.577041813927484e-09
revisions,99,unchanged,myopic,Duration B,1.671954994475588e-08,-1.3064598518637859e-08,3.654951426118022e-09,-1.9324342572399507e-09,2.606862138101469e-09,3.577041813927484e-09
revisions,99,unchanged,myopic,Credit A,30.68817585535889,8.465839140825437e-10,30.688175856205476,9.271532230231071e-10,2.606862138101469e-09,3.577041813927484e-09
revisions,99,unchanged,myopic,Credit B,10.0060433183636,5.412406633986677e-10,10.00604331890484,6.7017149288876e-10,2.606862138101469e-09,3.577041813927484e-09
revisions,99,unchanged,myopic,Equity ETF,20.467537907926193,2.2476187577780138e-10,20.467537908150955,-0.08375446229833851,2.606862138101469e-09,3.577041813927484e-09
revisions,99,unchanged,myopic,Duration ETF,3.513153509685196e-09,4.148814281497981e-09,7.661967791183177e-09,0.08367074910737925,2.606862138101469e-09,3.577041813927484e-09
revisions,99,unchanged,myopic,Credit ETF,5.1489616870884085e-09,3.5726340935706576e-09,8.721595780659067e-09,-9.22742153051248e-10,2.606862138101469e-09,3.577041813927484e-09
revisions,99,unchanged,dynamic,Equity A,18.569722190614858,1.1234957408845503e-09,18.569722191738354,-1.711840288862074e-10,-1.998590046700211e-09,4.770950907301927e-09
revisions,99,unchanged,dynamic,Equity B,8.045921510289954,1.1289552626081445e-09,8.04592151141891,-7.500555121699431e-11,-1.998590046700211e-09,4.770950907301927e-09
revisions,99,unchanged,dynamic,Duration A,12.222599191706534,1.1231904295527784e-09,12.222599192829724,1.549422402366037e-10,-1.998590046700211e-09,4.770950907301927e-09
revisions,99,unchanged,dynamic,Duration B,1.671954994475588e-08,-1.5273660434378638e-08,1.4458895103772419e-09,9.423661973046017e-10,-1.998590046700211e-09,4.770950907301927e-09
revisions,99,unchanged,dynamic,Credit A,30.68817585535889,1.0779988013354114e-09,30.68817585643689,4.92508297519386e-11,-1.998590046700211e-09,4.770950907301927e-09
revisions,99,unchanged,dynamic,Credit B,10.0060433183636,1.1268708188794108e-09,10.006043319490471,1.498422431658566e-10,-1.998590046700211e-09,4.770950907301927e-09
revisions,99,unchanged,dynamic,Equity ETF,20.467537907926193,1.0922596160867215e-09,20.467537909018453,-0.0837544663750986,-1.998590046700211e-09,4.770950907301927e-09
revisions,99,unchanged,dynamic,Duration ETF,3.513153509685196e-09,5.300671296682437e-09,8.813824806367632e-09,0.08367074744696072,-1.998590046700211e-09,4.770950907301927e-09
revisions,99,unchanged,dynamic,Credit ETF,5.1489616870884085e-09,5.609401282713654e-09,1.0758362969802062e-08,-1.8785587237580256e-10,-1.998590046700211e-09,4.770950907301927e-09
revisions,100,premium_down_persistent,etf_only,Equity A,18.569722190614858,3.975153539670373e-11,18.56972219065461,-2.7134097438066523e-10,7.807206859895399e-10,0.34186443590518406
revisions,100,premium_down_persistent,etf_only,Equity B,8.045921510289954,2.789574127248784e-11,8.04592151031785,-1.494254806694295e-10,7.807206859895399e-10,0.34186443590518406
revisions,100,premium_down_persistent,etf_only,Duration A,12.222599191706534,2.0010382240087665e-11,12.222599191726545,2.976805658967736e-10,7.807206859895399e-10,0.34186443590518406
revisions,100,premium_down_persistent,etf_only,Duration B,1.671954994475588e-08,-9.293929772715507e-09,7.425620172040374e-09,-4.962075248703378e-09,7.807206859895399e-10,0.34186443590518406
revisions,100,premium_down_persistent,etf_only,Credit A,30.68817585535889,-3.6320946250611996e-11,30.68817585532257,1.821380237989858e-10,7.807206859895399e-10,0.34186443590518406
revisions,100,premium_down_persistent,etf_only,Credit B,10.0060433183636,-4.2789383147834315e-11,10.00604331832081,1.1645837008222445e-10,7.807206859895399e-10,0.34186443590518406
revisions,100,premium_down_persistent,etf_only,Equity ETF,20.467537907926193,-3.420353657878489,17.047184250047703,-0.909176391311742,7.807206859895399e-10,0.34186443590518406
revisions,100,premium_down_persistent,etf_only,Duration ETF,3.513153509685196e-09,3.4169350058216565,3.4169350093348103,0.9082676639998501,7.807206859895399e-10,0.34186443590518406
revisions,100,premium_down_persistent,etf_only,Credit ETF,5.1489616870884085e-09,1.6560744504959363e-08,2.1709706192047773e-08,9.562731190015867e-09,7.807206859895399e-10,0.34186443590518406
revisions,100,premium_down_persistent,myopic,Equity A,18.569722190614858,-3.110955937302151e-10,18.56972219030376,-2.1650021667405113e-10,3.2484557117807775e-09,0.3418644366131669
revisions,100,premium_down_persistent,myopic,Equity B,8.045921510289954,-1.3884032812327973e-10,8.045921510151114,-9.456583053918186e-11,3.2484557117807775e-09,0.3418644366131669
revisions,100,premium_down_persistent,myopic,Duration A,12.222599191706534,4.878195070112668e-10,12.222599192194354,3.7275156276934987e-10,3.2484557117807775e-09,0.3418644366131669
revisions,100,premium_down_persistent,myopic,Duration B,1.671954994475588e-08,-1.0114602902884952e-08,6.604947041870929e-09,-4.245531237719346e-09,3.2484557117807775e-09,0.3418644366131669
revisions,100,premium_down_persistent,myopic,Credit A,30.68817585535889,3.4768299350673715e-10,30.68817585570657,2.5379035293069147e-10,3.2484557117807775e-09,0.3418644366131669
revisions,100,premium_down_persistent,myopic,Credit B,10.0060433183636,2.5306839956940053e-10,10.006043318616669,1.8479732597560034e-10,3.2484557117807775e-09,0.3418644366131669
revisions,100,premium_down_persistent,myopic,Equity ETF,20.467537907926193,-3.420353661715608,17.047184246210584,-0.909176394016379,3.2484557117807775e-09,0.3418644366131669
revisions,100,premium_down_persistent,myopic,Duration ETF,3.513153509685196e-09,3.41693500387923,3.416935007392383,0.908267669662204,3.2484557117807775e-09,0.3418644366131669
revisions,100,premium_down_persistent,myopic,Credit ETF,5.1489616870884085e-09,2.0056061417752528e-08,2.5205023104840934e-08,7.938350812723387e-09,3.2484557117807775e-09,0.3418644366131669
revisions,100,premium_down_persistent,dynamic,Equity A,18.569722190614858,-1.2045919817182948e-12,18.569722190613653,-3.254147530144339e-10,-3.729326766290734e-09,0.62723229748462
revisions,100,premium_down_persistent,dynamic,Equity B,8.045921510289954,-6.342149028171207e-13,8.04592151028932,-2.2102111164930323e-10,-3.729326766290734e-09,0.62723229748462
revisions,100,premium_down_persistent,dynamic,Duration A,12.222599191706534,4.359013150434521e-12,12.222599191710893,5.214016043765381e-10,-3.729326766290734e-09,0.62723229748462
revisions,100,premium_down_persistent,dynamic,Duration B,1.671954994475588e-08,-1.2993477285309606e-08,3.726072659446275e-09,7.037476943248627e-10,-3.729326766290734e-09,0.62723229748462
revisions,100,premium_down_persistent,dynamic,Credit A,30.68817585535889,1.5099033134902129e-12,30.6881758553604,2.593242364672893e-10,-3.729326766290734e-09,0.62723229748462
revisions,100,premium_down_persistent,dynamic,Credit B,10.0060433183636,2.2273849431542203e-12,10.006043318365828,3.250917635654615e-10,-3.729326766290734e-09,0.62723229748462
revisions,100,premium_down_persistent,dynamic,Equity ETF,20.467537907926193,-6.275459101789374,14.192078806136818,-0.20991021381808242,-3.729326766290734e-09,0.62723229748462
revisions,100,premium_down_persistent,dynamic,Duration ETF,3.513153509685196e-09,6.269186794797295,6.269186798310448,0.20970039483253938,-3.729326766290734e-09,0.62723229748462
revisions,100,premium_down_persistent,dynamic,Credit ETF,5.1489616870884085e-09,1.0920818359792179e-09,6.241043523067626e-09,3.882225156794815e-09,-3.729326766290734e-09,0.62723229748462
revisions,101,premium_up_persistent,etf_only,Equity A,18.569722190614858,-9.225925579059435e-10,18.569722189692264,2.3798761315550495e-10,1.8119922782221298e-09,5.871155534537586e-09
revisions,101,premium_up_persistent,etf_only,Equity B,8.045921510289954,-9.227105191023099e-10,8.045921509367245,4.857172566672971e-11,1.8119922782221298e-09,5.871155534537586e-09
revisions,101,premium_up_persistent,etf_only,Duration A,12.222599191706534,-9.236639231247068e-10,12.222599190782871,-0.23313825048400194,1.8119922782221298e-09,5.871155534537586e-09
revisions,101,premium_up_persistent,etf_only,Duration B,1.671954994475588e-08,-1.538464505522224e-08,1.334904889533639e-09,-1.1333610120516166e-09,1.8119922782221298e-09,5.871155534537586e-09
revisions,101,premium_up_persistent,etf_only,Credit A,30.68817585535889,-9.232836717387727e-10,30.688175854435606,-8.321139944784595e-10,1.8119922782221298e-09,5.871155534537586e-09
revisions,101,premium_up_persistent,etf_only,Credit B,10.0060433183636,-9.233613873504964e-10,10.006043317440238,-2.480550769933953e-09,1.8119922782221298e-09,5.871155534537586e-09
revisions,101,premium_up_persistent,etf_only,Equity ETF,20.467537907926193,2.795496889529403e-08,20.46753793588116,0.23255570094163222,1.8119922782221298e-09,5.871155534537586e-09
revisions,101,premium_up_persistent,etf_only,Duration ETF,3.513153509685196e-09,-4.039409672691413e-09,-5.262561630062168e-10,5.89439089749321e-10,1.8119922782221298e-09,5.871155534537586e-09
revisions,101,premium_up_persistent,etf_only,Credit ETF,5.1489616870884085e-09,-5.4277036649883776e-09,-2.787419778999686e-10,3.7281935796268006e-10,1.8119922782221298e-09,5.871155534537586e-09
revisions,101,premium_up_persistent,myopic,Equity A,18.569722190614858,-2.2470997285140015e-09,18.569722188367756,3.0614667179952023e-10,3.5005375768740336e-09,7.907918684604975e-09
revisions,101,premium_up_persistent,myopic,Equity B,8.045921510289954,-2.359278050700908e-09,8.045921507930677,9.993450093939805e-11,3.5005375768740336e-09,7.907918684604975e-09
revisions,101,premium_up_persistent,myopic,Duration A,12.222599191706534,-2.8293783982391574e-09,12.222599188877156,-0.23313825076245065,3.5005375768740336e-09,7.907918684604975e-09
revisions,101,premium_up_persistent,myopic,Duration B,1.671954994475588e-08,-1.5763440615937846e-08,9.561093288180344e-10,-7.606493825869866e-10,3.5005375768740336e-09,7.907918684604975e-09
revisions,101,premium_up_persistent,myopic,Credit A,30.68817585535889,-2.705274892988996e-09,30.688175852653615,-8.334357252691179e-10,3.5005375768740336e-09,7.907918684604975e-09
revisions,101,premium_up_persistent,myopic,Credit B,10.0060433183636,-2.9794555711504245e-09,10.006043315384144,-2.5043381334737762e-09,3.5005375768740336e-09,7.907918684604975e-09
revisions,101,premium_up_persistent,myopic,Equity ETF,20.467537907926193,3.414263871626133e-08,20.46753794206883,0.2325557032389,3.5005375768740336e-09,7.907918684604975e-09
revisions,101,premium_up_persistent,myopic,Duration ETF,3.513153509685196e-09,-3.469606505118228e-09,4.354700456696797e-11,5.79321720469673e-11,3.5005375768740336e-09,7.907918684604975e-09
revisions,101,premium_up_persistent,myopic,Credit ETF,5.1489616870884085e-09,-5.010419440594577e-09,1.385422464938311e-10,-1.4239552589039184e-11,3.5005375768740336e-09,7.907918684604975e-09
revisions,101,premium_up_persistent,dynamic,Equity A,18.569722190614858,1.3378187446733136e-12,18.569722190616194,-2.190765573066534e-11,8.247278592476634e-10,0.9378692026407932
revisions,101,premium_up_persistent,dynamic,Equity B,8.045921510289954,6.596806434444602e-11,8.045921510355923,-2.1821142982825218e-10,8.247278592476634e-10,0.9378692026407932
revisions,101,premium_up_persistent,dynamic,Duration A,12.222599191706534,-3.753352529478776,8.469246662227759,-0.11087298816447688,8.247278592476634e-10,0.9378692026407932
revisions,101,premium_up_persistent,dynamic,Duration B,1.671954994475588e-08,-1.5656042252327738e-08,1.0635076924281422e-09,1.520029053934129e-11,8.247278592476634e-10,0.9378692026407932
revisions,101,premium_up_persistent,dynamic,Credit A,30.68817585535889,-4.987066315464972e-10,30.688175854860184,-1.2067384514486474e-09,8.247278592476634e-10,0.9378692026407932
revisions,101,premium_up_persistent,dynamic,Credit B,10.0060433183636,3.247402347028583e-13,10.006043318363925,-2.013073851133325e-09,8.247278592476634e-10,0.9378692026407932
revisions,101,premium_up_persistent,dynamic,Equity ETF,20.467537907926193,3.743973861542152,24.211511769468345,0.11059593550049554,8.247278592476634e-10,0.9378692026407932
revisions,101,premium_up_persistent,dynamic,Duration ETF,3.513153509685196e-09,-3.843954301236074e-09,-3.3080079155087813e-10,2.7351580075937617e-09,8.247278592476634e-10,0.9378692026407932
revisions,101,premium_up_persistent,dynamic,Credit ETF,5.1489616870884085e-09,-4.6251365203450594e-09,5.238251667433494e-10,1.8179992909128456e-09,8.247278592476634e-10,0.9378692026407932
revisions,102,premium_down_reverting,etf_only,Equity A,18.569722190614858,3.975153539670373e-11,18.56972219065461,-2.711536113954562e-10,7.807206859895399e-10,0.34186443590518406
revisions,102,premium_down_reverting,etf_only,Equity B,8.045921510289954,2.789574127248784e-11,8.04592151031785,-1.8507886517084964e-10,7.807206859895399e-10,0.34186443590518406
revisions,102,premium_down_reverting,etf_only,Duration A,12.222599191706534,2.0010382240087665e-11,12.222599191726545,1.832410766332436e-10,7.807206859895399e-10,0.34186443590518406
revisions,102,premium_down_reverting,etf_only,Duration B,1.671954994475588e-08,-9.293929772715507e-09,7.425620172040374e-09,-5.024263073229082e-09,7.807206859895399e-10,0.34186443590518406
revisions,102,premium_down_reverting,etf_only,Credit A,30.68817585535889,-3.6320946250611996e-11,30.68817585532257,1.3920632907710383e-10,7.807206859895399e-10,0.34186443590518406
revisions,102,premium_down_reverting,etf_only,Credit B,10.0060433183636,-4.2789383147834315e-11,10.00604331832081,7.108794648614927e-11,7.807206859895399e-10,0.34186443590518406
revisions,102,premium_down_reverting,etf_only,Equity ETF,20.467537907926193,-3.420353657878489,17.047184250047703,-0.2922988342942092,7.807206859895399e-10,0.34186443590518406
revisions,102,premium_down_reverting,etf_only,Duration ETF,3.513153509685196e-09,3.4169350058216565,3.4169350093348103,0.292006683402253,7.807206859895399e-10,0.34186443590518406
revisions,102,premium_down_reverting,etf_only,Credit ETF,5.1489616870884085e-09,1.6560744504959363e-08,2.1709706192047773e-08,2.5858568639614996e-09,7.807206859895399e-10,0.34186443590518406
revisions,102,premium_down_reverting,myopic,Equity A,18.569722190614858,-3.110955937302151e-10,18.56972219030376,-6.275766943157188e-12,3.2484557117807775e-09,0.3418644366131669
revisions,102,premium_down_reverting,myopic,Equity B,8.045921510289954,-1.3884032812327973e-10,8.045921510151114,8.519994445037669e-11,3.2484557117807775e-09,0.3418644366131669
revisions,102,premium_down_reverting,myopic,Duration A,12.222599191706534,4.878195070112668e-10,12.222599192194354,4.734002863069929e-10,3.2484557117807775e-09,0.3418644366131669
revisions,102,premium_down_reverting,myopic,Duration B,1.671954994475588e-08,-1.0114602902884952e-08,6.604947041870929e-09,-4.2467626750716495e-09,3.2484557117807775e-09,0.3418644366131669
revisions,102,premium_down_reverting,myopic,Credit A,30.68817585535889,3.4768299350673715e-10,30.68817585570657,4.271220208793721e-10,3.2484557117807775e-09,0.3418644366131669
revisions,102,premium_down_reverting,myopic,Credit B,10.0060433183636,2.5306839956940053e-10,10.006043318616669,3.5416255190891105e-10,3.2484557117807775e-09,0.3418644366131669
revisions,102,premium_down_reverting,myopic,Equity ETF,20.467537907926193,-3.420353661715608,17.047184246210584,-0.2922988350701302,3.2484557117807775e-09,0.3418644366131669
revisions,102,premium_down_reverting,myopic,Duration ETF,3.513153509685196e-09,3.41693500387923,3.416935007392383,0.2920066847693691,3.2484557117807775e-09,0.3418644366131669
revisions,102,premium_down_reverting,myopic,Credit ETF,5.1489616870884085e-09,2.0056061417752528e-08,2.5205023104840934e-08,2.0556627495104397e-09,3.2484557117807775e-09,0.3418644366131669
revisions,102,premium_down_reverting,dynamic,Equity A,18.569722190614858,-3.0087043967341742e-12,18.56972219061185,-3.237085946516951e-10,3.0483929548924364e-09,0.5211501827084902
revisions,102,premium_down_reverting,dynamic,Equity B,8.045921510289954,-4.2049697057677804e-13,8.045921510289535,-2.1610045928636499e-10,3.0483929548924364e-09,0.5211501827084902
revisions,102,premium_down_reverting,dynamic,Duration A,12.222599191706534,5.540012892879531e-12,12.222599191712074,5.65153042676993e-10,3.0483929548924364e-09,0.5211501827084902
revisions,102,premium_down_reverting,dynamic,Duration B,1.671954994475588e-08,-1.1053818663727618e-08,5.665731281028262e-09,2.7561794136820047e-10,3.0483929548924364e-09,0.5211501827084902
revisions,102,premium_down_reverting,dynamic,Credit A,30.68817585535889,-6.827871601444713e-12,30.688175855352064,2.9501993697794513e-10,3.0483929548924364e-09,0.5211501827084902
revisions,102,premium_down_reverting,dynamic,Credit B,10.0060433183636,3.0850322296771537e-12,10.006043318366684,3.652611617230193e-10,3.0483929548924364e-09,0.5211501827084902
revisions,102,premium_down_reverting,dynamic,Equity ETF,20.467537907926193,-5.214107551670363,15.253430356255828,-0.1589547339892151,3.0483929548924364e-09,0.5211501827084902
revisions,102,premium_down_reverting,dynamic,Duration ETF,3.513153509685196e-09,5.2088960547498555,5.20889605826301,0.15876658138398905,3.0483929548924364e-09,0.5211501827084902
revisions,102,premium_down_reverting,dynamic,Credit ETF,5.1489616870884085e-09,3.4587827350329237e-09,8.607744422121332e-09,5.050483458951287e-09,3.0483929548924364e-09,0.5211501827084902
revisions,103,premium_up_reverting,etf_only,Equity A,18.569722190614858,-9.225925579059435e-10,18.569722189692264,2.0445264565711522e-10,1.8119922782221298e-09,5.871155534537586e-09
revisions,103,premium_up_reverting,etf_only,Equity B,8.045921510289954,-9.227105191023099e-10,8.045921509367245,7.640445471517814e-11,1.8119922782221298e-09,5.871155534537586e-09
revisions,103,premium_up_reverting,etf_only,Duration A,12.222599191706534,-9.236639231247068e-10,12.222599190782871,-0.1445229596856503,1.8119922782221298e-09,5.871155534537586e-09
revisions,103,premium_up_reverting,etf_only,Duration B,1.671954994475588e-08,-1.538464505522224e-08,1.334904889533639e-09,-1.1706465262765632e-09,1.8119922782221298e-09,5.871155534537586e-09
revisions,103,premium_up_reverting,etf_only,Credit A,30.68817585535889,-9.232836717387727e-10,30.688175854435606,-1.6954585883392317e-10,1.8119922782221298e-09,5.871155534537586e-09
revisions,103,premium_up_reverting,etf_only,Credit B,10.0060433183636,-9.233613873504964e-10,10.006043317440238,-5.870288533820708e-10,1.8119922782221298e-09,5.871155534537586e-09
revisions,103,premium_up_reverting,etf_only,Equity ETF,20.467537907926193,2.795496889529403e-08,20.46753793588116,0.144161835249063,1.8119922782221298e-09,5.871155534537586e-09
revisions,103,premium_up_reverting,etf_only,Duration ETF,3.513153509685196e-09,-4.039409672691413e-09,-5.262561630062168e-10,5.665892666229155e-10,1.8119922782221298e-09,5.871155534537586e-09
revisions,103,premium_up_reverting,etf_only,Credit ETF,5.1489616870884085e-09,-5.4277036649883776e-09,-2.787419778999686e-10,3.735978401705428e-10,1.8119922782221298e-09,5.871155534537586e-09
revisions,103,premium_up_reverting,myopic,Equity A,18.569722190614858,-2.2470997285140015e-09,18.569722188367756,3.4024243042338105e-10,3.5005375768740336e-09,7.907918684604975e-09
revisions,103,premium_up_reverting,myopic,Equity B,8.045921510289954,-2.359278050700908e-09,8.045921507930677,1.9488786709688774e-10,3.5005375768740336e-09,7.907918684604975e-09
revisions,103,premium_up_reverting,myopic,Duration A,12.222599191706534,-2.8293783982391574e-09,12.222599188877156,-0.14452295944258184,3.5005375768740336e-09,7.907918684604975e-09
revisions,103,premium_up_reverting,myopic,Duration B,1.671954994475588e-08,-1.5763440615937846e-08,9.561093288180344e-10,-7.882898375552391e-10,3.5005375768740336e-09,7.907918684604975e-09
revisions,103,premium_up_reverting,myopic,Credit A,30.68817585535889,-2.705274892988996e-09,30.688175852653615,-7.714595423385722e-11,3.5005375768740336e-09,7.907918684604975e-09
revisions,103,premium_up_reverting,myopic,Credit B,10.0060433183636,-2.9794555711504245e-09,10.006043315384144,-5.223472117806456e-10,3.5005375768740336e-09,7.907918684604975e-09
revisions,103,premium_up_reverting,myopic,Equity ETF,20.467537907926193,3.414263871626133e-08,20.46753794206883,0.1441618366181149,3.5005375768740336e-09,7.907918684604975e-09
revisions,103,premium_up_reverting,myopic,Duration ETF,3.513153509685196e-09,-3.469606505118228e-09,4.354700456696797e-11,4.29739109759045e-11,3.5005375768740336e-09,7.907918684604975e-09
revisions,103,premium_up_reverting,myopic,Credit ETF,5.1489616870884085e-09,-5.010419440594577e-09,1.385422464938311e-10,-3.0550993411420316e-12,3.5005375768740336e-09,7.907918684604975e-09
revisions,103,premium_up_reverting,dynamic,Equity A,18.569722190614858,6.106226635438361e-13,18.56972219061547,-1.8509366493206034e-10,-2.6133467555234345e-09,0.6785390690826489
revisions,103,premium_up_reverting,dynamic,Equity B,8.045921510289954,1.8457457784393227e-12,8.045921510291802,-2.5179639109348443e-10,-2.6133467555234345e-09,0.6785390690826489
revisions,103,premium_up_reverting,dynamic,Duration A,12.222599191706534,-2.715513335145915,9.50708585656062,-0.05606526244838254,-2.6133467555234345e-09,0.6785390690826489
revisions,103,premium_up_reverting,dynamic,Duration B,1.671954994475588e-08,-1.5946352786668637e-08,7.731971580872464e-10,-1.034543803708832e-10,-2.6133467555234345e-09,0.6785390690826489
revisions,103,premium_up_reverting,dynamic,Credit A,30.68817585535889,-1.9617640845126516e-11,30.688175855339274,-7.760606072380215e-10,-2.6133467555234345e-09,0.6785390690826489
revisions,103,premium_up_reverting,dynamic,Credit B,10.0060433183636,-2.954581024283698e-12,10.006043318360645,-9.67918916313278e-10,-2.6133467555234345e-09,0.6785390690826489
revisions,103,premium_up_reverting,dynamic,Equity ETF,20.467537907926193,2.708727970288499,23.176265878214693,0.05592516159686477,-2.6133467555234345e-09,0.6785390690826489
revisions,103,premium_up_reverting,dynamic,Duration ETF,3.513153509685196e-09,-2.6658415634919002e-09,8.473119461932956e-10,-2.1411592587215776e-10,-2.6133467555234345e-09,0.6785390690826489
revisions,103,premium_up_reverting,dynamic,Credit ETF,5.1489616870884085e-09,-4.229451246540395e-09,9.195104405480138e-10,-2.568975653074085e-10,-2.6133467555234345e-09,0.6785390690826489
revisions,104,alpha_up,etf_only,Equity A,18.569722190614858,-1.1141670919201374e-09,18.56972218950069,1.107792362215127e-09,-9.549006375514013e-09,2.3692213065117716e-09
revisions,104,alpha_up,etf_only,Equity B,8.045921510289954,-1.1204204231063386e-09,8.045921509169535,7.645095156861357e-10,-9.549006375514013e-09,2.3692213065117716e-09
revisions,104,alpha_up,etf_only,Duration A,12.222599191706534,-1.1204231986639002e-09,12.222599190586111,1.2317667076651491e-09,-9.549006375514013e-09,2.3692213065117716e-09
revisions,104,alpha_up,etf_only,Duration B,1.671954994475588e-08,9.728487497585443e-10,1.7692398694514426e-08,-1.3170431419558371e-08,-9.549006375514013e-09,2.3692213065117716e-09
revisions,104,alpha_up,etf_only,Credit A,30.68817585535889,-1.1204204231063386e-09,30.68817585423847,1.2747042490476354e-09,-9.549006375514013e-09,2.3692213065117716e-09
revisions,104,alpha_up,etf_only,Credit B,10.0060433183636,-1.1204190353275578e-09,10.006043317243181,1.0526876952437004e-09,-9.549006375514013e-09,2.3692213065117716e-09
revisions,104,alpha_up,etf_only,Equity ETF,20.467537907926193,-3.3015062905761283e-09,20.467537904624685,-0.08411061390471077,-9.549006375514013e-09,2.3692213065117716e-09
revisions,104,alpha_up,etf_only,Duration ETF,3.513153509685196e-09,1.193301779248692e-09,4.706455288933888e-09,0.0840265527432773,-9.549006375514013e-09,2.3692213065117716e-09
revisions,104,alpha_up,etf_only,Credit ETF,5.1489616870884085e-09,1.6614822372879338e-08,2.1763784059967745e-08,-5.045729709639527e-09,-9.549006375514013e-09,2.3692213065117716e-09
revisions,104,alpha_up,myopic,Equity A,18.569722190614858,7.496447906873982e-10,18.5697221913645,8.73554199655303e-10,2.7098469628017528e-09,3.6829503293374552e-09
revisions,104,alpha_up,myopic,Equity B,8.045921510289954,4.076711190847959e-10,8.045921510697626,5.338483529337761e-10,2.7098469628017528e-09,3.6829503293374552e-09
revisions,104,alpha_up,myopic,Duration A,12.222599191706534,7.886413744273568e-10,12.222599192495176,7.898454684791883e-10,2.7098469628017528e-09,3.6829503293374552e-09
revisions,104,alpha_up,myopic,Duration B,1.671954994475588e-08,-1.3141398779205172e-08,3.578151165550708e-09,-1.9470407408194025e-09,2.7098469628017528e-09,3.6829503293374552e-09
revisions,104,alpha_up,myopic,Credit A,30.68817585535889,8.66057225934469e-10,30.688175856224948,8.936821061984376e-10,2.7098469628017528e-09,3.6829503293374552e-09
revisions,104,alpha_up,myopic,Credit B,10.0060433183636,6.347811165596795e-10,10.006043318998382,7.194798544235342e-10,2.7098469628017528e-09,3.6829503293374552e-09
revisions,104,alpha_up,myopic,Equity ETF,20.467537907926193,4.866218539234524e-10,20.467537908412815,-0.08411061558726592,2.7098469628017528e-09,3.6829503293374552e-09
revisions,104,alpha_up,myopic,Duration ETF,3.513153509685196e-09,3.735804133156045e-09,7.248957642841241e-09,0.0840265463058726,2.7098469628017528e-09,3.6829503293374552e-09
revisions,104,alpha_up,myopic,Credit ETF,5.1489616870884085e-09,3.083802976074125e-09,8.232764663162533e-09,-9.850994329924313e-10,2.7098469628017528e-09,3.6829503293374552e-09
revisions,104,alpha_up,dynamic,Equity A,18.569722190614858,2.290478917643668e-09,18.569722192905335,2.104136952123198e-10,-2.7790990319527473e-09,5.633821517061269e-09
revisions,104,alpha_up,dynamic,Equity B,8.045921510289954,2.2962909351775806e-09,8.045921512586245,-1.5465813750555112e-10,-2.7790990319527473e-09,5.633821517061269e-09
revisions,104,alpha_up,dynamic,Duration A,12.222599191706534,2.287905975784099e-09,12.22259919399444,2.3316274644049867e-10,-2.7790990319527473e-09,5.633821517061269e-09
revisions,104,alpha_up,dynamic,Duration B,1.671954994475588e-08,-1.5163808768572425e-08,1.5557411761834537e-09,4.921126849934253e-10,-2.7790990319527473e-09,5.633821517061269e-09
revisions,104,alpha_up,dynamic,Credit A,30.68817585535889,2.0915602583215787e-09,30.68817585745045,1.9010427234458065e-10,-2.7790990319527473e-09,5.633821517061269e-09
revisions,104,alpha_up,dynamic,Credit B,10.0060433183636,2.2925383813543476e-09,10.006043320656138,1.592088086880231e-10,-2.7790990319527473e-09,5.633821517061269e-09
revisions,104,alpha_up,dynamic,Equity ETF,20.467537907926193,2.2947754807489673e-09,20.46753791022097,-0.08411062543907448,-2.7790990319527473e-09,5.633821517061269e-09
revisions,104,alpha_up,dynamic,Duration ETF,3.513153509685196e-09,3.4709763507517707e-09,6.984129860436967e-09,0.08402654526816952,-2.7790990319527473e-09,5.633821517061269e-09
revisions,104,alpha_up,dynamic,Credit ETF,5.1489616870884085e-09,1.2203455623098267e-09,6.369307249398235e-09,1.3800945157098007e-09,-2.7790990319527473e-09,5.633821517061269e-09
revisions,105,alpha_down,etf_only,Equity A,18.569722190614858,-4.525435581825832e-10,18.569722190162313,-1.7444103003646965e-10,-3.7293308163142155e-09,1.3538604079417133e-09
revisions,105,alpha_down,etf_only,Equity B,8.045921510289954,-4.440448009290776e-10,8.045921509845911,2.886674663450917e-10,-3.7293308163142155e-09,1.3538604079417133e-09
revisions,105,alpha_down,etf_only,Duration A,12.222599191706534,-4.4404063759273527e-10,12.222599191262495,7.261500557232668e-10,-3.7293308163142155e-09,1.3538604079417133e-09
revisions,105,alpha_down,etf_only,Duration B,1.671954994475588e-08,1.1060041335390851e-09,1.7825554078294965e-08,-1.3698713650212018e-08,-3.7293308163142155e-09,1.3538604079417133e-09
revisions,105,alpha_down,etf_only,Credit A,30.68817585535889,-4.4405035204420074e-10,30.68817585491484,8.46632666237121e-10,-3.7293308163142155e-09,1.3538604079417133e-09
revisions,105,alpha_down,etf_only,Credit B,10.0060433183636,-4.4404341315029683e-10,10.006043317919557,5.366150682242879e-10,-3.7293308163142155e-09,1.3538604079417133e-09
revisions,105,alpha_down,etf_only,Equity ETF,20.467537907926193,-1.1649653464118614e-09,20.467537906761226,-0.08339830860666426,-3.7293308163142155e-09,1.3538604079417133e-09
revisions,105,alpha_down,etf_only,Duration ETF,3.513153509685196e-09,-3.1057783834633728e-09,4.073751262218229e-10,0.08331496085303601,-3.7293308163142155e-09,1.3538604079417133e-09
revisions,105,alpha_down,etf_only,Credit ETF,5.1489616870884085e-09,9.467556847207118e-09,1.4616518534295527e-08,-9.78412311234061e-10,-3.7293308163142155e-09,1.3538604079417133e-09
revisions,105,alpha_down,myopic,Equity A,18.569722190614858,-1.1410872247097359e-10,18.569722190500748,2.5325231238236286e-10,2.5782261929817275e-09,3.523999273637405e-09
revisions,105,alpha_down,myopic,Equity B,8.045921510289954,3.156974681672864e-10,8.045921510605652,5.56715884169139e-10,2.5782261929817275e-09,3.523999273637405e-09
revisions,105,alpha_down,myopic,Duration A,12.222599191706534,6.92453039352614e-10,12.222599192398988,7.766609661209989e-10,2.5782261929817275e-09,3.523999273637405e-09
revisions,105,alpha_down,myopic,Duration B,1.671954994475588e-08,-1.3014455808692725e-08,3.7050941360631537e-09,-1.9815139456317764e-09,2.5782261929817275e-09,3.523999273637405e-09
revisions,105,alpha_down,myopic,Credit A,30.68817585535889,8.476275237256914e-10,30.688175856206517,9.495501864222308e-10,2.5782261929817275e-09,3.523999273637405e-09
revisions,105,alpha_down,myopic,Credit B,10.0060433183636,5.083308773912165e-10,10.006043318871932,6.940282742796799e-10,2.5782261929817275e-09,3.523999273637405e-09
revisions,105,alpha_down,myopic,Equity ETF,20.467537907926193,7.489564524121306e-11,20.467537908001088,-0.08339830861479378,2.5782261929817275e-09,3.523999273637405e-09
revisions,105,alpha_down,myopic,Duration ETF,3.513153509685196e-09,4.47469998039497e-09,7.987853490080165e-09,0.0833149517122001,2.5782261929817275e-09,3.523999273637405e-09
revisions,105,alpha_down,myopic,Credit ETF,5.1489616870884085e-09,3.959696087909884e-09,9.108657774998293e-09,-1.0914746295964586e-09,2.5782261929817275e-09,3.523999273637405e-09
revisions,105,alpha_down,dynamic,Equity A,18.569722190614858,1.8602619444862967e-09,18.56972219247512,-7.752851151703401e-10,-5.344865506469959e-09,5.505351695258892e-09
revisions,105,alpha_down,dynamic,Equity B,8.045921510289954,1.864323972977644e-09,8.04592151215428,-1.555004983445547e-10,-5.344865506469959e-09,5.505351695258892e-09
revisions,105,alpha_down,dynamic,Duration A,12.222599191706534,1.8633053433525504e-09,12.22259919356984,-1.004009504136084e-10,-5.344865506469959e-09,5.505351695258892e-09
revisions,105,alpha_down,dynamic,Duration B,1.671954994475588e-08,-1.53070329327933e-08,1.4125170119625817e-09,7.38445404979132e-10,-5.344865506469959e-09,5.505351695258892e-09
revisions,105,alpha_down,dynamic,Credit A,30.68817585535889,1.8564039194757243e-09,30.688175857215295,-9.84277474339971e-11,-5.344865506469959e-09,5.505351695258892e-09
revisions,105,alpha_down,dynamic,Credit B,10.0060433183636,1.8636231446933493e-09,10.006043320227223,-9.902094255150919e-11,-5.344865506469959e-09,5.505351695258892e-09
revisions,105,alpha_down,dynamic,Equity ETF,20.467537907926193,1.8686052705163547e-09,20.467537909794796,-0.08339831398783726,-5.344865506469959e-09,5.505351695258892e-09
revisions,105,alpha_down,dynamic,Duration ETF,3.513153509685196e-09,3.55699805495208e-09,7.070151564637276e-09,0.08331495025296919,-5.344865506469959e-09,5.505351695258892e-09
revisions,105,alpha_down,dynamic,Credit ETF,5.1489616870884085e-09,6.221625548593946e-09,1.1370587235682355e-08,-2.1141347713594796e-09,-5.344865506469959e-09,5.505351695258892e-09
revisions,106,anticipated_down,etf_only,Equity A,18.569722190614858,-1.0645706538525701e-09,18.569722189550287,-2.2872702317546635e-10,-5.6532595867112445e-09,2.5725478027098477e-09
revisions,106,anticipated_down,etf_only,Equity B,8.045921510289954,-1.0645706538525701e-09,8.045921509225384,-1.201222939918641e-10,-5.6532595867112445e-09,2.5725478027098477e-09
revisions,106,anticipated_down,etf_only,Duration A,12.222599191706534,-1.0645706538525701e-09,12.222599190641963,3.6075206286740386e-10,-5.6532595867112445e-09,2.5725478027098477e-09
revisions,106,anticipated_down,etf_only,Duration B,1.671954994475588e-08,3.084697907487393e-09,1.9804247852243274e-08,-1.257663075322487e-08,-5.6532595867112445e-09,2.5725478027098477e-09
revisions,106,anticipated_down,etf_only,Credit A,30.68817585535889,-1.064565102737447e-09,30.688175854294325,2.3089635913119288e-10,-5.6532595867112445e-09,2.5725478027098477e-09
revisions,106,anticipated_down,etf_only,Credit B,10.0060433183636,-1.0645692660737893e-09,10.006043317299032,1.9292057984557452e-10,-5.6532595867112445e-09,2.5725478027098477e-09
revisions,106,anticipated_down,etf_only,Equity ETF,20.467537907926193,-2.058983539221515e-09,20.467537905867207,-4.148794223901364,-5.6532595867112445e-09,2.5725478027098477e-09
revisions,106,anticipated_down,etf_only,Duration ETF,3.513153509685196e-09,-2.739413608012798e-09,7.737399016723976e-10,4.144647500360782,-5.6532595867112445e-09,2.5725478027098477e-09
revisions,106,anticipated_down,etf_only,Credit ETF,5.1489616870884085e-09,1.302238195553729e-08,1.8171343642625697e-08,1.2025194760414432e-08,-5.6532595867112445e-09,2.5725478027098477e-09
revisions,106,anticipated_down,myopic,Equity A,18.569722190614858,4.179795398684405e-10,18.569722191032838,-1.1868793627952713e-10,2.606862138101469e-09,3.577041813927484e-09
revisions,106,anticipated_down,myopic,Equity B,8.045921510289954,3.092498479517758e-10,8.045921510599205,-4.020541455061498e-11,2.606862138101469e-09,3.577041813927484e-09
revisions,106,anticipated_down,myopic,Duration A,12.222599191706534,7.190040229865247e-10,12.22259919242554,2.6280350709403824e-10,2.606862138101469e-09,3.577041813927484e-09
revisions,106,anticipated_down,myopic,Duration B,1.671954994475588e-08,-1.3064598518637859e-08,3.654951426118022e-09,-2.3483570676178926e-09,2.606862138101469e-09,3.577041813927484e-09
revisions,106,anticipated_down,myopic,Credit A,30.68817585535889,8.465839140825437e-10,30.688175856205476,1.8665908582168367e-10,2.606862138101469e-09,3.577041813927484e-09
revisions,106,anticipated_down,myopic,Credit B,10.0060433183636,5.412406633986677e-10,10.00604331890484,1.510277596142409e-10,2.606862138101469e-09,3.577041813927484e-09
revisions,106,anticipated_down,myopic,Equity ETF,20.467537907926193,2.2476187577780138e-10,20.467537908150955,-4.148794226527106,2.606862138101469e-09,3.577041813927484e-09
revisions,106,anticipated_down,myopic,Duration ETF,3.513153509685196e-09,4.148814281497981e-09,7.661967791183177e-09,4.144647497613577,2.606862138101469e-09,3.577041813927484e-09
revisions,106,anticipated_down,myopic,Credit ETF,5.1489616870884085e-09,3.5726340935706576e-09,8.721595780659067e-09,1.212268927570619e-08,2.606862138101469e-09,3.577041813927484e-09
revisions,106,anticipated_down,dynamic,Equity A,18.569722190614858,-2.8794466810921904e-10,18.569722190326914,-3.4901056453309873e-10,-1.0727679644167011e-09,4.2244852445540855e-09
revisions,106,anticipated_down,dynamic,Equity B,8.045921510289954,-2.8676783170311637e-10,8.045921510003188,-2.0857031058527807e-10,-1.0727679644167011e-09,4.2244852445540855e-09
revisions,106,anticipated_down,dynamic,Duration A,12.222599191706534,-2.85570178615302e-10,12.222599191420965,5.536751098752553e-10,-1.0727679644167011e-09,4.2244852445540855e-09
revisions,106,anticipated_down,dynamic,Duration B,1.671954994475588e-08,-1.5009221752617596e-08,1.7103281921382867e-09,6.954955159121841e-10,-1.0727679644167011e-09,4.2244852445540855e-09
revisions,106,anticipated_down,dynamic,Credit A,30.68817585535889,-3.130939951745404e-10,30.688175855045795,2.4074906163279665e-10,-1.0727679644167011e-09,4.2244852445540855e-09
revisions,106,anticipated_down,dynamic,Credit B,10.0060433183636,-2.860309211705214e-10,10.00604331807757,3.442819717585582e-10,-1.0727679644167011e-09,4.2244852445540855e-09
revisions,106,anticipated_down,dynamic,Equity ETF,20.467537907926193,-3.7886638271089623e-10,20.467537907547324,-4.148794233447903,-1.0727679644167011e-09,4.2244852445540855e-09
revisions,106,anticipated_down,dynamic,Duration ETF,3.513153509685196e-09,8.319726377266519e-09,1.1832879886951714e-08,4.144647468963456,-1.0727679644167011e-09,4.2244852445540855e-09
revisions,106,anticipated_down,dynamic,Credit ETF,5.1489616870884085e-09,9.916594741543108e-09,1.506555642863152e-08,4.2147594692800454e-08,-1.0727679644167011e-09,4.2244852445540855e-09
revisions,107,anticipated_up,etf_only,Equity A,18.569722190614858,-1.0645706538525701e-09,18.569722189550287,-1.301553020453354e-09,-5.6532595867112445e-09,2.5725478027098477e-09
revisions,107,anticipated_up,etf_only,Equity B,8.045921510289954,-1.0645706538525701e-09,8.045921509225384,-1.3403238813321282e-09,-5.6532595867112445e-09,2.5725478027098477e-09
revisions,107,anticipated_up,etf_only,Duration A,12.222599191706534,-1.0645706538525701e-09,12.222599190641963,-0.23566098098328045,-5.6532595867112445e-09,2.5725478027098477e-09
revisions,107,anticipated_up,etf_only,Duration B,1.671954994475588e-08,3.084697907487393e-09,1.9804247852243274e-08,-1.8618512269694628e-08,-5.6532595867112445e-09,2.5725478027098477e-09
revisions,107,anticipated_up,etf_only,Credit A,30.68817585535889,-1.064565102737447e-09,30.688175854294325,-1.3772443448035859e-09,-5.6532595867112445e-09,2.5725478027098477e-09
revisions,107,anticipated_up,etf_only,Credit B,10.0060433183636,-1.0645692660737893e-09,10.006043317299032,-1.4502683615496087e-09,-5.6532595867112445e-09,2.5725478027098477e-09
revisions,107,anticipated_up,etf_only,Equity ETF,20.467537907926193,-2.058983539221515e-09,20.467537905867207,0.235072162615239,-5.6532595867112445e-09,2.5725478027098477e-09
revisions,107,anticipated_up,etf_only,Duration ETF,3.513153509685196e-09,-2.739413608012798e-09,7.737399016723976e-10,-7.478793212022281e-10,-5.6532595867112445e-09,2.5725478027098477e-09
revisions,107,anticipated_up,etf_only,Credit ETF,5.1489616870884085e-09,1.302238195553729e-08,1.8171343642625697e-08,-1.790001627321969e-08,-5.6532595867112445e-09,2.5725478027098477e-09
revisions,107,anticipated_up,myopic,Equity A,18.569722190614858,4.179795398684405e-10,18.569722191032838,-5.383988072758142e-10,2.606862138101469e-09,3.577041813927484e-09
revisions,107,anticipated_up,myopic,Equity B,8.045921510289954,3.092498479517758e-10,8.045921510599205,-8.338969657542242e-10,2.606862138101469e-09,3.577041813927484e-09
revisions,107,anticipated_up,myopic,Duration A,12.222599191706534,7.190040229865247e-10,12.22259919242554,-0.23566098851730424,2.606862138101469e-09,3.577041813927484e-09
revisions,107,anticipated_up,myopic,Duration B,1.671954994475588e-08,-1.3064598518637859e-08,3.654951426118022e-09,-3.2509302240898293e-09,2.606862138101469e-09,3.577041813927484e-09
revisions,107,anticipated_up,myopic,Credit A,30.68817585535889,8.465839140825437e-10,30.688175856205476,-1.7936387072094827e-09,2.606862138101469e-09,3.577041813927484e-09
revisions,107,anticipated_up,myopic,Credit B,10.0060433183636,5.412406633986677e-10,10.00604331890484,-2.7636939451207792e-09,2.606862138101469e-09,3.577041813927484e-09
revisions,107,anticipated_up,myopic,Equity ETF,20.467537907926193,2.2476187577780138e-10,20.467537908150955,0.23507215461652892,2.606862138101469e-09,3.577041813927484e-09
revisions,107,anticipated_up,myopic,Duration ETF,3.513153509685196e-09,4.148814281497981e-09,7.661967791183177e-09,-7.1760062623549495e-09,2.606862138101469e-09,3.577041813927484e-09
revisions,107,anticipated_up,myopic,Credit ETF,5.1489616870884085e-09,3.5726340935706576e-09,8.721595780659067e-09,-8.189941730351019e-09,2.606862138101469e-09,3.577041813927484e-09
revisions,107,anticipated_up,dynamic,Equity A,18.569722190614858,-4.7468751152024424e-09,18.56972218586798,6.40605585553209e-10,-1.4023497280937359e-09,1.0671047065240713e-08
revisions,107,anticipated_up,dynamic,Equity B,8.045921510289954,-4.747024995310767e-09,8.04592150554293,1.7295258910731838e-10,-1.4023497280937359e-09,1.0671047065240713e-08
revisions,107,anticipated_up,dynamic,Duration A,12.222599191706534,-4.775192741224288e-09,12.222599186931342,-0.2356610118081676,-1.4023497280937359e-09,1.0671047065240713e-08
revisions,107,anticipated_up,dynamic,Duration B,1.671954994475588e-08,-1.640573369454234e-08,3.138162502135437e-10,1.3811019292931204e-09,-1.4023497280937359e-09,1.0671047065240713e-08
revisions,107,anticipated_up,dynamic,Credit A,30.68817585535889,-4.818401233563918e-09,30.68817585054049,-3.1956777502006885e-09,-1.4023497280937359e-09,1.0671047065240713e-08
revisions,107,anticipated_up,dynamic,Credit B,10.0060433183636,-4.755651428212104e-09,10.006043313607949,-4.580033818765602e-09,-1.4023497280937359e-09,1.0671047065240713e-08
revisions,107,anticipated_up,dynamic,Equity ETF,20.467537907926193,4.716412260741265e-08,20.467537955090314,0.2350721530698435,-1.4023497280937359e-09,1.0671047065240713e-08
revisions,107,anticipated_up,dynamic,Duration ETF,3.513153509685196e-09,-3.262212541129501e-09,2.5094096855569555e-10,1.6920917456721718e-09,-1.4023497280937359e-09,1.0671047065240713e-08
revisions,107,anticipated_up,dynamic,Credit ETF,5.1489616870884085e-09,-1.9990893240486825e-09,3.149872363039726e-09,-4.1153042520300724e-10,-1.4023497280937359e-09,1.0671047065240713e-08
extension,0,unchanged,etf_only,Equity A,18.569722190614858,-1.1718293002616065e-09,18.569722189443027,8.595599219536274e-10,-7.593253705016925e-09,1.1631628862634306e-09
extension,0,unchanged,etf_only,Equity B,8.045921510289954,-1.1718237491464834e-09,8.04592150911813,-4.049341623330245e-10,-7.593253705016925e-09,1.1631628862634306e-09
extension,0,unchanged,etf_only,Duration A,12.222599191706534,-1.1718209735889218e-09,12.222599190534714,0.040338241196310805,-7.593253705016925e-09,1.1631628862634306e-09
extension,0,unchanged,etf_only,Duration B,1.671954994475588e-08,-7.214354539182062e-09,9.505195405573818e-09,-1.459760469348024e-09,-7.593253705016925e-09,1.1631628862634306e-09
extension,0,unchanged,etf_only,Credit A,30.68817585535889,-1.1718237491464834e-09,30.688175854187065,2.9619542029973644e-09,-7.593253705016925e-09,1.1631628862634306e-09
extension,0,unchanged,etf_only,Credit B,10.0060433183636,-1.1718237491464834e-09,10.006043317191777,6.709499481211339e-09,-7.593253705016925e-09,1.1631628862634306e-09
extension,0,unchanged,etf_only,Equity ETF,20.467537907926193,-2.2305268743139095e-09,20.467537905695664,-0.04062298069042445,-7.593253705016925e-09,1.1631628862634306e-09
extension,0,unchanged,etf_only,Duration ETF,3.513153509685196e-09,1.2733532197227898e-08,1.6246685706913093e-08,-2.3096868203374703e-09,-7.593253705016925e-09,1.1631628862634306e-09
extension,0,unchanged,etf_only,Credit ETF,5.1489616870884085e-09,1.051039509044962e-08,1.565935677753803e-08,-3.7073863270311615e-09,-7.593253705016925e-09,1.1631628862634306e-09
extension,0,unchanged,myopic,Equity A,18.569722190614858,4.095890293598359e-10,18.569722191024447,-3.0728069844268676e-09,1.8712638448964524e-09,8.359074759547602e-10
extension,0,unchanged,myopic,Equity B,8.045921510289954,1.6298351557253454e-10,8.045921510452938,-4.639395686681677e-10,1.8712638448964524e-09,8.359074759547602e-10
extension,0,unchanged,myopic,Duration A,12.222599191706534,1.1008582934124433e-09,12.222599192807394,0.040338235760844644,1.8712638448964524e-09,8.359074759547602e-10
extension,0,unchanged,myopic,Duration B,1.671954994475588e-08,-1.0025680417087815e-08,6.693869527668065e-09,-1.6412878534366966e-09,1.8712638448964524e-09,8.359074759547602e-10
extension,0,unchanged,myopic,Credit A,30.68817585535889,2.4099333639782117e-09,30.688175857768822,1.872941243969068e-09,1.8712638448964524e-09,8.359074759547602e-10
extension,0,unchanged,myopic,Credit B,10.0060433183636,1.4011777849098905e-09,10.006043319764778,4.43135719733982e-09,1.8712638448964524e-09,8.359074759547602e-10
extension,0,unchanged,myopic,Equity ETF,20.467537907926193,2.211866800827522e-09,20.46753791013806,-0.04062298080175144,1.8712638448964524e-09,8.359074759547602e-10
extension,0,unchanged,myopic,Duration ETF,3.513153509685196e-09,2.7471930732145754e-10,3.787872817006654e-09,8.495985065159732e-09,1.8712638448964524e-09,8.359074759547602e-10
extension,0,unchanged,myopic,Credit ETF,5.1489616870884085e-09,5.332316787871971e-10,5.682193365875606e-09,2.220157112146827e-09,1.8712638448964524e-09,8.359074759547602e-10
extension,0,unchanged,dynamic,Equity A,18.569722190614858,6.840583655076671e-10,18.569722191298915,-1.0773949312436207e-09,1.4993119787049808e-11,7.577996766367241e-10
extension,0,unchanged,dynamic,Equity B,8.045921510289954,6.847855615887966e-10,8.04592151097474,-1.9450117153448532e-10,1.4993119787049808e-11,7.577996766367241e-10
extension,0,unchanged,dynamic,Duration A,12.222599191706534,6.878150826672425e-10,12.22259919239435,0.040338239503272144,1.4993119787049808e-11,7.577996766367241e-10
extension,0,unchanged,dynamic,Duration B,1.671954994475588e-08,-9.259684461303442e-09,7.45986548345244e-09,8.562733744105677e-10,1.4993119787049808e-11,7.577996766367241e-10
extension,0,unchanged,dynamic,Credit A,30.68817585535889,6.862344026359324e-10,30.688175856045124,4.162550833854806e-10,1.4993119787049808e-11,7.577996766367241e-10
extension,0,unchanged,dynamic,Credit B,10.0060433183636,6.873446256605575e-10,10.006043319050944,1.4870918700410153e-09,1.4993119787049808e-11,7.577996766367241e-10
extension,0,unchanged,dynamic,Equity ETF,20.467537907926193,7.351896869067787e-10,20.46753790866138,-0.04062297939353009,1.4993119787049808e-11,7.577996766367241e-10
extension,0,unchanged,dynamic,Duration ETF,3.513153509685196e-09,2.8428689596501734e-09,6.35602246933537e-09,2.287925666895858e-09,1.4993119787049808e-11,7.577996766367241e-10
extension,0,unchanged,dynamic,Credit ETF,5.1489616870884085e-09,2.587118936870153e-09,7.736080623958562e-09,-1.5406253433906938e-10,1.4993119787049808e-11,7.577996766367241e-10
extension,1,duration_up,etf_only,Equity A,18.569722190614858,-8.40993941153556e-12,18.56972219060645,2.2299377300969587e-09,-3.694878399483517e-10,0.0495706014241287
extension,1,duration_up,etf_only,Equity B,8.045921510289954,-7.442657601330893e-12,8.045921510282513,-0.02701132551830159,-3.694878399483517e-10,0.0495706014241287
extension,1,duration_up,etf_only,Duration A,12.222599191706534,2.9089231023959883e-11,12.222599191735624,2.0406854792065348,-3.694878399483517e-10,0.0495706014241287
extension,1,duration_up,etf_only,Duration B,1.671954994475588e-08,-8.662268498567111e-09,8.05728144618877e-09,4.548974314675496e-09,-3.694878399483517e-10,0.0495706014241287
extension,1,duration_up,etf_only,Credit A,30.68817585535889,-1.5726309143815342e-11,30.688175855343164,-0.35137947776929795,-3.694878399483517e-10,0.0495706014241287
extension,1,duration_up,etf_only,Credit B,10.0060433183636,-9.879597140383112e-12,10.00604331835372,-0.2652396980807767,-3.694878399483517e-10,0.0495706014241287
extension,1,duration_up,etf_only,Equity ETF,20.467537907926193,-1.2395128676632672,19.228025040262924,-1.3713560385299866,-3.694878399483517e-10,0.0495706014241287
extension,1,duration_up,etf_only,Duration ETF,3.513153509685196e-09,1.2390171763812907,1.2390171798944443,-0.027389708424706435,-3.694878399483517e-10,0.0495706014241287
extension,1,duration_up,etf_only,Credit ETF,5.1489616870884085e-09,-5.329836936994906e-09,-1.80875249906497e-10,6.169587539561043e-10,-3.694878399483517e-10,0.0495706014241287
extension,1,duration_up,myopic,Equity A,18.569722190614858,-9.114681231991995e-10,18.569722189703388,7.1471194960257705e-09,1.190478084831686e-09,0.1439326452412083
extension,1,duration_up,myopic,Equity B,8.045921510289954,-1.6348186693271316e-09,8.045921508655136,-0.0006884394060698285,1.190478084831686e-09,0.1439326452412083
extension,1,duration_up,myopic,Duration A,12.222599191706534,2.0557693189324935,14.278368510639028,1.3042297341896976,1.190478084831686e-09,0.1439326452412083
extension,1,duration_up,myopic,Duration B,1.671954994475588e-08,-4.506707529336871e-09,1.221284241541901e-08,1.152341057691829e-08,1.190478084831686e-09,0.1439326452412083
extension,1,duration_up,myopic,Credit A,30.68817585535889,-1.8062663587059546e-07,30.688175674732253,-0.3112454622128654,1.190478084831686e-09,0.1439326452412083
extension,1,duration_up,myopic,Credit B,10.0060433183636,-7.928091516617997e-09,10.006043310435508,-0.27830323904460086,1.190478084831686e-09,0.1439326452412083
extension,1,duration_up,myopic,Equity ETF,20.467537907926193,-2.0572084585617016,18.41032944936449,-0.7154229429122719,1.190478084831686e-09,0.1439326452412083
extension,1,duration_up,myopic,Duration ETF,3.513153509685196e-09,1.2550259269529038e-08,1.6063412779214237e-08,0.0002722793777637595,1.190478084831686e-09,0.1439326452412083
extension,1,duration_up,myopic,Credit ETF,5.1489616870884085e-09,-4.597917150307639e-09,5.510445367807689e-10,5.35891593889413e-11,1.190478084831686e-09,0.1439326452412083
extension,1,duration_up,dynamic,Equity A,18.569722190614858,-4.829470157119431e-12,18.569722190610026,5.9881194267544724e-09,1.048401583646566e-09,0.7454273183732626
extension,1,duration_up,dynamic,Equity B,8.045921510289954,-4.950206911047417e-12,8.045921510285005,-7.910784312208663e-10,1.048401583646566e-09,0.7454273183732626
extension,1,duration_up,dynamic,Duration A,12.222599191706534,8.029932532054271,20.252531723760807,0.33198632015690294,1.048401583646566e-09,0.7454273183732626
extension,1,duration_up,dynamic,Duration B,1.671954994475588e-08,-1.3119950090641249e-09,1.5407554935691755e-08,-3.8086171759114245e-10,1.048401583646566e-09,0.7454273183732626
extension,1,duration_up,dynamic,Credit A,30.68817585535889,-5.635571037902726,25.052604817456164,-0.001200483588331055,1.048401583646566e-09,0.7454273183732626
extension,1,duration_up,dynamic,Credit B,10.0060433183636,-0.47052748250840243,9.535515835855197,-0.1860662464303744,1.048401583646566e-09,0.7454273183732626
extension,1,duration_up,dynamic,Equity ETF,20.467537907926193,-1.931288279057339,18.536249628868852,-0.14507148301115777,1.048401583646566e-09,0.7454273183732626
extension,1,duration_up,dynamic,Duration ETF,3.513153509685196e-09,-9.997573797118884e-11,3.4131777717140073e-09,9.224303057009441e-09,1.048401583646566e-09,0.7454273183732626
extension,1,duration_up,dynamic,Credit ETF,5.1489616870884085e-09,-5.03788557871622e-09,1.1107610837218818e-10,2.319689856866156e-09,1.048401583646566e-09,0.7454273183732626
extension,2,duration_down,etf_only,Equity A,18.569722190614858,-1.106575941989263e-09,18.56972218950828,-7.894419004822665e-09,2.9394344859578686e-09,1.5682034099066435e-09
extension,2,duration_down,etf_only,Equity B,8.045921510289954,-1.1065454108560857e-09,8.04592150918341,0.027489922919163415,2.9394344859578686e-09,1.5682034099066435e-09
extension,2,duration_down,etf_only,Duration A,12.222599191706534,-1.1062109561699174e-09,12.222599190600324,-2.703907987363473,2.9394344859578686e-09,1.5682034099066435e-09
extension,2,duration_down,etf_only,Duration B,1.671954994475588e-08,-1.5402927502412112e-08,1.31662244234377e-09,-8.342807591513178e-10,2.9394344859578686e-09,1.5682034099066435e-09
extension,2,duration_down,etf_only,Credit A,30.68817585535889,-1.106581493104386e-09,30.688175854252307,0.07340525111270187,2.9394344859578686e-09,1.5682034099066435e-09
extension,2,duration_down,etf_only,Credit B,10.0060433183636,-1.1064787974746082e-09,10.006043317257122,0.26350012808640694,2.9394344859578686e-09,1.5682034099066435e-09
extension,2,duration_down,etf_only,Equity ETF,20.467537907926193,2.0406640266479315e-08,20.46753792833283,1.3958122357610387,2.9394344859578686e-09,1.5682034099066435e-09
extension,2,duration_down,etf_only,Duration ETF,3.513153509685196e-09,-3.8666821908147685e-09,-3.535286811295728e-10,6.453276627934416e-10,2.9394344859578686e-09,1.5682034099066435e-09
extension,2,duration_down,etf_only,Credit ETF,5.1489616870884085e-09,1.7985477830221678e-09,6.947509470110577e-09,0.9416199923488195,2.9394344859578686e-09,1.5682034099066435e-09
extension,2,duration_down,myopic,Equity A,18.569722190614858,1.6529722035585337e-09,18.56972219226783,-6.744268393497643e-08,4.316678614492593e-09,0.16190281783765692
extension,2,duration_down,myopic,Equity B,8.045921510289954,1.6783560652378071e-09,8.045921511968311,3.6030837682013956e-10,4.316678614492593e-09,0.16190281783765692
extension,2,duration_down,myopic,Duration A,12.222599191706534,-2.3133599269635985,9.909239264742936,-1.006743716010765,4.316678614492593e-09,0.16190281783765692
extension,2,duration_down,myopic,Duration B,1.671954994475588e-08,-1.4533853780059856e-08,2.185696164696025e-09,-1.6485209741426946e-09,4.316678614492593e-09,0.16190281783765692
extension,2,duration_down,myopic,Credit A,30.68817585535889,7.185668171594273e-08,30.68817592721557,0.010825716057287521,4.316678614492593e-09,0.16190281783765692
extension,2,duration_down,myopic,Credit B,10.0060433183636,6.842450217536822e-09,10.00604332520605,0.19213170740224086,4.316678614492593e-09,0.16190281783765692
extension,2,duration_down,myopic,Equity ETF,20.467537907926193,1.9517852860665847,22.419323193992778,0.15642745610897618,4.316678614492593e-09,0.16190281783765692
extension,2,duration_down,myopic,Duration ETF,3.513153509685196e-09,-2.8664125805889205e-09,6.467409290962757e-10,-3.190013321587492e-10,4.316678614492593e-09,0.16190281783765692
extension,2,duration_down,myopic,Credit ETF,5.1489616870884085e-09,0.35995554413006703,0.35995554927902873,0.6464710203291751,4.316678614492593e-09,0.16190281783765692
extension,2,duration_down,dynamic,Equity A,18.569722190614858,4.89608353859694e-12,18.569722190619753,-0.0008133096598530812,5.9451977141213724e-09,0.708884665779125
extension,2,duration_down,dynamic,Equity B,8.045921510289954,1.4455103780619538e-11,8.04592151030441,-6.400503953358501e-10,5.9451977141213724e-09,0.708884665779125
extension,2,duration_down,dynamic,Duration A,12.222599191706534,-7.688722115524249,4.533877076182286,-0.2089319286158593,5.9451977141213724e-09,0.708884665779125
extension,2,duration_down,dynamic,Duration B,1.671954994475588e-08,-1.570320917950258e-08,1.0163407652533e-09,2.4283222788311834e-09,5.9451977141213724e-09,0.708884665779125
extension,2,duration_down,dynamic,Credit A,30.68817585535889,5.216569950547273,35.90474580590616,2.9413770287735602e-09,5.9451977141213724e-09,0.708884665779125
extension,2,duration_down,dynamic,Credit B,10.0060433183636,0.47729316614456146,10.483336484508161,0.016931299090201437,5.9451977141213724e-09,0.708884665779125
extension,2,duration_down,dynamic,Equity ETF,20.467537907926193,1.4858393575852336,21.953377265511424,-0.06926553919238713,5.9451977141213724e-09,0.708884665779125
extension,2,duration_down,dynamic,Duration ETF,3.513153509685196e-09,-3.4190257237659e-09,9.412778591929611e-11,3.0357096429989765e-09,5.9451977141213724e-09,0.708884665779125
extension,2,duration_down,dynamic,Credit ETF,5.1489616870884085e-09,0.501930808105379,0.5019308132543407,0.26180384804953527,5.9451977141213724e-09,0.708884665779125
extension,3,credit_premium_up,etf_only,Equity A,18.569722190614858,1.1213252548714081e-12,18.569722190615977,2.441887741393916e-09,-1.071766923460885e-09,0.2449907670048294
extension,3,credit_premium_up,etf_only,Equity B,8.045921510289954,9.506284648352903e-13,8.045921510290906,-3.143064388680805e-09,-1.071766923460885e-09,0.2449907670048294
extension,3,credit_premium_up,etf_only,Duration A,12.222599191706534,5.764833055366125e-12,12.2225991917123,-8.398030882043676,-1.071766923460885e-09,0.2449907670048294
extension,3,credit_premium_up,etf_only,Duration B,1.671954994475588e-08,-1.5526835472653263e-08,1.1927144721026172e-09,-6.173950676286453e-10,-1.071766923460885e-09,0.2449907670048294
extension,3,credit_premium_up,etf_only,Credit A,30.68817585535889,-3.036459972349803e-12,30.688175855355855,0.6315725219453551,-1.071766923460885e-09,0.2449907670048294
extension,3,credit_premium_up,etf_only,Credit B,10.0060433183636,-2.098321516541546e-12,10.006043318361503,0.5309224493710997,-1.071766923460885e-09,0.2449907670048294
extension,3,credit_premium_up,etf_only,Equity ETF,20.467537907926193,-6.12599409627512,14.341543811651073,-0.7575730886746319,-1.071766923460885e-09,0.2449907670048294
extension,3,credit_premium_up,etf_only,Duration ETF,3.513153509685196e-09,-4.778779277927218e-09,-1.2656257682420219e-09,1.6390272476072488e-09,-1.071766923460885e-09,0.2449907670048294
extension,3,credit_premium_up,etf_only,Credit ETF,5.1489616870884085e-09,6.1235442103380535,6.123544215487016,7.986512023785602,-1.071766923460885e-09,0.2449907670048294
extension,3,credit_premium_up,myopic,Equity A,18.569722190614858,-9.554357305319172e-10,18.569722189659423,1.450089405548358e-10,3.2661855276058978e-09,0.856661852215625
extension,3,credit_premium_up,myopic,Equity B,8.045921510289954,-1.0471443157022975e-09,8.045921509242811,-2.9345187400809405e-09,3.2661855276058978e-09,0.856661852215625
extension,3,credit_premium_up,myopic,Duration A,12.222599191706534,-8.79255863557307,3.430040556133465,-0.6679284138891809,3.2661855276058978e-09,0.856661852215625
extension,3,credit_premium_up,myopic,Duration B,1.671954994475588e-08,-1.4593454461088267e-08,2.1260954836676134e-09,-1.420431333355611e-09,3.2661855276058978e-09,0.856661852215625
extension,3,credit_premium_up,myopic,Credit A,30.68817585535889,7.416285363603947e-07,30.688176596987425,0.09055112454124273,3.2661855276058978e-09,0.856661852215625
extension,3,credit_premium_up,myopic,Credit B,10.0060433183636,6.637872196346706e-09,10.006043325001473,0.24917079573026835,3.2661855276058978e-09,0.856661852215625
extension,3,credit_premium_up,myopic,Equity ETF,20.467537907926193,-6.033851410577321,14.433686497348871,-0.9145402955961158,3.2661855276058978e-09,0.856661852215625
extension,3,credit_premium_up,myopic,Duration ETF,3.513153509685196e-09,-3.0325856376509446e-09,4.805678720342513e-10,-2.4218873683131946e-11,3.2661855276058978e-09,0.856661852215625
extension,3,credit_premium_up,myopic,Credit ETF,5.1489616870884085e-09,14.817842696082561,14.817842701231523,1.2417543990290931,3.2661855276058978e-09,0.856661852215625
extension,3,credit_premium_up,dynamic,Equity A,18.569722190614858,-2.706168622523819e-12,18.56972219061215,1.5174520520020603e-08,3.2763653145780405e-09,1.4907542476758049
extension,3,credit_premium_up,dynamic,Equity B,8.045921510289954,-2.3037127760972e-13,8.045921510289725,-4.747025849822703e-10,3.2763653145780405e-09,1.4907542476758049
extension,3,credit_premium_up,dynamic,Duration A,12.222599191706534,-12.222599188375135,3.3313996207147997e-09,-5.856110920635478e-10,3.2763653145780405e-09,1.4907542476758049
extension,3,credit_premium_up,dynamic,Duration B,1.671954994475588e-08,-1.5522925664507745e-08,1.1966242802481368e-09,-1.5922883002292783e-10,3.2763653145780405e-09,1.4907542476758049
extension,3,credit_premium_up,dynamic,Credit A,30.68817585535889,8.83675146981157,39.52492732517046,2.0644286820149636e-09,3.2763653145780405e-09,1.4907542476758049
extension,3,credit_premium_up,dynamic,Credit B,10.0060433183636,1.7530686718700241,11.759111990233624,0.06131566679243419,3.2763653145780405e-09,1.4907542476758049
extension,3,credit_premium_up,dynamic,Equity ETF,20.467537907926193,-7.944396247318938,12.523141660607253,-0.31941924381139924,3.2763653145780405e-09,1.4907542476758049
extension,3,credit_premium_up,dynamic,Duration ETF,3.513153509685196e-09,-4.185649058123388e-09,-6.724955484381916e-10,1.3920521910847558e-09,3.2763653145780405e-09,1.4907542476758049
extension,3,credit_premium_up,dynamic,Credit ETF,5.1489616870884085e-09,9.56226776832917,9.562267773478132,0.2578840042889056,3.2763653145780405e-09,1.4907542476758049
extension,4,credit_premium_down,etf_only,Equity A,18.569722190614858,-2.0513341025818477e-09,18.569722188563524,-6.226668621298365e-09,1.3327953638245386e-09,2.0410348689976042e-09
extension,4,credit_premium_down,etf_only,Equity B,8.045921510289954,-2.051345204812094e-09,8.04592150823861,0.01038549458154726,1.3327953638245386e-09,2.0410348689976042e-09
extension,4,credit_premium_down,etf_only,Duration A,12.222599191706534,-2.051332714803067e-09,12.222599189655202,5.762452887776568,1.3327953638245386e-09,2.0410348689976042e-09
extension,4,credit_premium_down,etf_only,Duration B,1.671954994475588e-08,-1.5428932228982288e-08,1.290617715773592e-09,0.2770436018818082,1.3327953638245386e-09,2.0410348689976042e-09
extension,4,credit_premium_down,etf_only,Credit A,30.68817585535889,-2.0516977006224124e-09,30.688175853307193,-9.894338987702683,1.3327953638245386e-09,2.0410348689976042e-09
extension,4,credit_premium_down,etf_only,Credit B,10.0060433183636,-2.0515811272048268e-09,10.006043316312018,-1.5822547407475271,1.3327953638245386e-09,2.0410348689976042e-09
extension,4,credit_premium_down,etf_only,Equity ETF,20.467537907926193,3.1263752697796576e-08,20.467537939189945,4.8861801954798,1.3327953638245386e-09,2.0410348689976042e-09
extension,4,credit_premium_down,etf_only,Duration ETF,3.513153509685196e-09,-1.072720327184416e-09,2.44043318250078e-09,0.5306653263364202,1.3327953638245386e-09,2.0410348689976042e-09
extension,4,credit_premium_down,etf_only,Credit ETF,5.1489616870884085e-09,-5.499712727382861e-09,-3.507510402944521e-10,5.009340895646223e-10,1.3327953638245386e-09,2.0410348689976042e-09
extension,4,credit_premium_down,myopic,Equity A,18.569722190614858,1.267067006871514e-09,18.569722191881922,-7.265367281560232e-09,1.6258599325256855e-09,0.9432268267197885
extension,4,credit_premium_down,myopic,Equity B,8.045921510289954,5.897241028840483e-10,8.04592151087968,-1.270777095306544e-10,1.6258599325256855e-09,0.9432268267197885
extension,4,credit_premium_down,myopic,Duration A,12.222599191706534,5.74249001187436,17.965089203580895,0.9805681566765488,1.6258599325256855e-09,0.9432268267197885
extension,4,credit_premium_down,myopic,Duration B,1.671954994475588e-08,-1.2193053109544572e-09,1.5500244633801424e-08,0.08048915692481219,1.6258599325256855e-09,0.9432268267197885
extension,4,credit_premium_down,myopic,Credit A,30.68817585535889,-10.027889877474703,20.66028597788419,-0.8685718875882712,1.6258599325256855e-09,0.9432268267197885
extension,4,credit_premium_down,myopic,Credit B,10.0060433183636,-0.988406857333539,9.017636461030062,-0.9314496027645414,1.6258599325256855e-09,0.9432268267197885
extension,4,credit_premium_down,myopic,Equity ETF,20.467537907926193,5.264374363606433,25.731912271532625,0.3155463583679962,1.6258599325256855e-09,0.9432268267197885
extension,4,credit_premium_down,myopic,Duration ETF,3.513153509685196e-09,9.357072374393875e-08,9.708387725362394e-08,0.4217060654577088,1.6258599325256855e-09,0.9432268267197885
extension,4,credit_premium_down,myopic,Credit ETF,5.1489616870884085e-09,-4.415517676258651e-09,7.334440108297576e-10,-3.006267833977904e-10,1.6258599325256855e-09,0.9432268267197885
extension,4,credit_premium_down,dynamic,Equity A,18.569722190614858,7.319145289841344e-12,18.569722190622176,-7.106778887086027e-09,1.4763629202626735e-09,1.8255865653265062
extension,4,credit_premium_down,dynamic,Equity B,8.045921510289954,3.2904234892328077e-12,8.045921510293246,-1.8875204961264516e-09,1.4763629202626735e-09,1.8255865653265062
extension,4,credit_premium_down,dynamic,Duration A,12.222599191706534,13.256217094008015,25.47881628571455,-0.006579195395540504,1.4763629202626735e-09,1.8255865653265062
extension,4,credit_premium_down,dynamic,Duration B,1.671954994475588e-08,-5.09821362791209e-09,1.1621336316843791e-08,7.116739744205698e-09,1.4763629202626735e-09,1.8255865653265062
extension,4,credit_premium_down,dynamic,Credit A,30.68817585535889,-14.599384601000631,16.08879125435826,-0.13743692864504595,1.4763629202626735e-09,1.8255865653265062
extension,4,credit_premium_down,dynamic,Credit B,10.0060433183636,-5.8044035316542715,4.201639786709328,-0.2617846518328995,1.4763629202626735e-09,1.8255865653265062
extension,4,credit_premium_down,dynamic,Equity ETF,20.467537907926193,7.129315176792561,27.596853084718752,0.01995758233371181,1.4763629202626735e-09,1.8255865653265062
extension,4,credit_premium_down,dynamic,Duration ETF,3.513153509685196e-09,5.1370007686811605e-09,8.650154278366358e-09,0.38542657208713055,1.4763629202626735e-09,1.8255865653265062
extension,4,credit_premium_down,dynamic,Credit ETF,5.1489616870884085e-09,-4.966397932158124e-09,1.8256375493028415e-10,3.1775564892599073e-09,1.4763629202626735e-09,1.8255865653265062
extension,5,credit_alpha_up,etf_only,Equity A,18.569722190614858,-9.49404443950641e-10,18.569722189665452,1.3730128980776578e-09,-1.5435125780064615e-09,1.2089385366491363e-09
extension,5,credit_alpha_up,etf_only,Equity B,8.045921510289954,-9.49404443950641e-10,8.04592150934055,-4.6394840933299355e-09,-1.5435125780064615e-09,1.2089385366491363e-09
extension,5,credit_alpha_up,etf_only,Duration A,12.222599191706534,-9.494058317294218e-10,12.222599190757128,-0.10572531933484429,-1.5435125780064615e-09,1.2089385366491363e-09
extension,5,credit_alpha_up,etf_only,Duration B,1.671954994475588e-08,-1.1989940563482156e-08,4.7296093812737265e-09,-1.018147768324168e-09,-1.5435125780064615e-09,1.2089385366491363e-09
extension,5,credit_alpha_up,etf_only,Credit A,30.68817585535889,-9.43067846037593e-10,30.68817585441582,0.3691814604528827,-1.5435125780064615e-09,1.2089385366491363e-09
extension,5,credit_alpha_up,etf_only,Credit B,10.0060433183636,-9.494058317294218e-10,10.006043317414195,-0.04362206752640735,-1.5435125780064615e-09,1.2089385366491363e-09
extension,5,credit_alpha_up,etf_only,Equity ETF,20.467537907926193,4.538033837597766e-09,20.467537912464227,-0.2202879398907143,-1.5435125780064615e-09,1.2089385366491363e-09
extension,5,credit_alpha_up,etf_only,Duration ETF,3.513153509685196e-09,1.7435241077981036e-09,5.2566776174832995e-09,-1.2961402834565291e-09,-1.5435125780064615e-09,1.2089385366491363e-09
extension,5,credit_alpha_up,etf_only,Credit ETF,5.1489616870884085e-09,1.2338796484861252e-08,1.748775817194966e-08,-1.2591064705046352e-08,-1.5435125780064615e-09,1.2089385366491363e-09
extension,5,credit_alpha_up,myopic,Equity A,18.569722190614858,-2.4334978476758806e-09,18.56972218818136,-4.274046670851952e-09,1.6245472858610813e-09,3.176430037161754e-09
extension,5,credit_alpha_up,myopic,Equity B,8.045921510289954,-2.6833882338372916e-09,8.045921507606566,-2.1110543868552173e-09,1.6245472858610813e-09,3.176430037161754e-09
extension,5,credit_alpha_up,myopic,Duration A,12.222599191706534,-6.429856647116594e-10,12.22259919106355,-0.10572532141706155,1.6245472858610813e-09,3.176430037161754e-09
extension,5,credit_alpha_up,myopic,Duration B,1.671954994475588e-08,-1.2983034809298045e-08,3.736515135457835e-09,-1.5811489573386678e-09,1.6245472858610813e-09,3.176430037161754e-09
extension,5,credit_alpha_up,myopic,Credit A,30.68817585535889,3.661675407329312e-08,30.688175891975643,0.36918144998745867,1.6245472858610813e-09,3.176430037161754e-09
extension,5,credit_alpha_up,myopic,Credit B,10.0060433183636,-8.336623058546877e-10,10.006043317529938,-0.04362207559316042,1.6245472858610813e-09,3.176430037161754e-09
extension,5,credit_alpha_up,myopic,Equity ETF,20.467537907926193,-1.3650799934872282e-08,20.46753789427539,-0.2202879272203032,1.6245472858610813e-09,3.176430037161754e-09
extension,5,credit_alpha_up,myopic,Duration ETF,3.513153509685196e-09,-1.860378416857192e-09,1.6527750928280042e-09,1.7796629809053106e-09,1.6245472858610813e-09,3.176430037161754e-09
extension,5,credit_alpha_up,myopic,Credit ETF,5.1489616870884085e-09,-2.8270161696815066e-09,2.321945517406902e-09,-5.903768801468986e-10,1.6245472858610813e-09,3.176430037161754e-09
extension,5,credit_alpha_up,dynamic,Equity A,18.569722190614858,-1.517674874662589e-11,18.56972219059968,-4.425362577672905e-09,7.800702411731237e-09,0.08953074050805045
extension,5,credit_alpha_up,dynamic,Equity B,8.045921510289954,-4.014427679166488e-11,8.04592151024981,-2.1249449473677337e-09,7.800702411731237e-09,0.08953074050805045
extension,5,credit_alpha_up,dynamic,Duration A,12.222599191706534,-8.963940700823514e-11,12.222599191616895,-0.13698342904758773,7.800702411731237e-09,0.08953074050805045
extension,5,credit_alpha_up,dynamic,Duration B,1.671954994475588e-08,-1.5691284549644748e-08,1.0282653951111326e-09,4.93766704182218e-09,7.800702411731237e-09,0.08953074050805045
extension,5,credit_alpha_up,dynamic,Credit A,30.68817585535889,1.2787547676001876,31.966930622959076,0.19571583059985942,7.800702411731237e-09,0.08953074050805045
extension,5,credit_alpha_up,dynamic,Credit B,10.0060433183636,-1.333447241513852e-10,10.006043318230255,-0.031210626880641655,7.800702411731237e-09,0.08953074050805045
extension,5,credit_alpha_up,dynamic,Equity ETF,20.467537907926193,-1.2796500582591546,19.18788784966704,-0.02786200728916062,7.800702411731237e-09,0.08953074050805045
extension,5,credit_alpha_up,dynamic,Duration ETF,3.513153509685196e-09,-3.302986910026771e-09,2.101665996584253e-10,8.086232957111033e-09,7.800702411731237e-09,0.08953074050805045
extension,5,credit_alpha_up,dynamic,Credit ETF,5.1489616870884085e-09,-4.915936959829027e-09,2.3302472725938195e-10,5.732454750643282e-09,7.800702411731237e-09,0.08953074050805045
extension,6,credit_alpha_down,etf_only,Equity A,18.569722190614858,-1.2334022692073177e-09,18.569722189381455,-1.9919587584343263e-09,-1.2532183391871962e-09,1.3018118346635731e-09
extension,6,credit_alpha_down,etf_only,Equity B,8.045921510289954,-1.2334022692073177e-09,8.045921509056553,7.364078900428819e-10,-1.2532183391871962e-09,1.3018118346635731e-09
extension,6,credit_alpha_down,etf_only,Duration A,12.222599191706534,-1.2334036569860984e-09,12.222599190473131,0.18671195368699922,-1.2532183391871962e-09,1.3018118346635731e-09
extension,6,credit_alpha_down,etf_only,Duration B,1.671954994475588e-08,-1.1968203772308917e-08,4.7513461724469655e-09,1.4183724213861406e-09,-1.2532183391871962e-09,1.3018118346635731e-09
extension,6,credit_alpha_down,etf_only,Credit A,30.68817585535889,-1.2387812997616265e-09,30.688175854120107,-0.3052938382202829,-1.2532183391871962e-09,1.3018118346635731e-09
extension,6,credit_alpha_down,etf_only,Credit B,10.0060433183636,-1.2334036569860984e-09,10.006043317130196,0.06307682582255789,-1.2532183391871962e-09,1.3018118346635731e-09
extension,6,credit_alpha_down,etf_only,Equity ETF,20.467537907926193,8.95492846542112e-09,20.46753791688112,0.055090330483736516,-1.2532183391871962e-09,1.3018118346635731e-09
extension,6,credit_alpha_down,etf_only,Duration ETF,3.513153509685196e-09,5.356676424410586e-09,8.869829934095782e-09,7.2507922747173865e-09,-1.2532183391871962e-09,1.3018118346635731e-09
extension,6,credit_alpha_down,etf_only,Credit ETF,5.1489616870884085e-09,5.427494532203508e-09,1.0576456219291916e-08,-1.0084813833126937e-09,-1.2532183391871962e-09,1.3018118346635731e-09
extension,6,credit_alpha_down,myopic,Equity A,18.569722190614858,3.6966846250763297e-09,18.56972219431154,-1.9566195692975886e-09,2.689979396929243e-09,4.767336581409773e-09
extension,6,credit_alpha_down,myopic,Equity B,8.045921510289954,2.315141134356935e-09,8.045921512605096,7.097888201187646e-10,2.689979396929243e-09,4.767336581409773e-09
extension,6,credit_alpha_down,myopic,Duration A,12.222599191706534,2.2551960299210805e-09,12.222599193961731,0.18671195482116992,2.689979396929243e-09,4.767336581409773e-09
extension,6,credit_alpha_down,myopic,Duration B,1.671954994475588e-08,-6.9758650152542104e-09,9.743684929501671e-09,-2.774775399320035e-09,2.689979396929243e-09,4.767336581409773e-09
extension,6,credit_alpha_down,myopic,Credit A,30.68817585535889,-5.7848281720396244e-08,30.68817579751061,-0.3052938345023519,2.689979396929243e-09,4.767336581409773e-09
extension,6,credit_alpha_down,myopic,Credit B,10.0060433183636,9.740888651244006e-10,10.006043319337689,0.06307682535222739,2.689979396929243e-09,4.767336581409773e-09
extension,6,credit_alpha_down,myopic,Equity ETF,20.467537907926193,4.8547546538380004e-08,20.467537956473738,0.05509032845142231,2.689979396929243e-09,4.767336581409773e-09
extension,6,credit_alpha_down,myopic,Duration ETF,3.513153509685196e-09,3.178981024185876e-09,6.692134533871072e-09,8.468868304035444e-09,2.689979396929243e-09,4.767336581409773e-09
extension,6,credit_alpha_down,myopic,Credit ETF,5.1489616870884085e-09,1.4771580325997656e-09,6.626119719688174e-09,2.3086594480108407e-09,2.689979396929243e-09,4.767336581409773e-09
extension,6,credit_alpha_down,dynamic,Equity A,18.569722190614858,1.3067324999838092e-11,18.569722190627925,-8.216811188502366e-09,2.270438387637515e-09,0.057962205936656845
extension,6,credit_alpha_down,dynamic,Equity B,8.045921510289954,2.6065261060637113e-11,8.04592151031602,-9.9944842300653e-10,2.270438387637515e-09,0.057962205936656845
extension,6,credit_alpha_down,dynamic,Duration A,12.222599191706534,9.676912049449982e-10,12.222599192674226,0.21261627688029172,2.270438387637515e-09,0.057962205936656845
extension,6,credit_alpha_down,dynamic,Duration B,1.671954994475588e-08,-8.10872629823681e-09,8.61082364651907e-09,9.218460475144559e-09,2.270438387637515e-09,0.057962205936656845
extension,6,credit_alpha_down,dynamic,Credit A,30.68817585535889,-0.8281971096517293,29.85997874570716,-0.24717156120677547,2.270438387637515e-09,0.057962205936656845
extension,6,credit_alpha_down,dynamic,Credit B,10.0060433183636,8.875358781246234e-10,10.006043319251136,0.05475403066226396,2.270438387637515e-09,0.057962205936656845
extension,6,credit_alpha_down,dynamic,Equity ETF,20.467537907926193,0.827617489668539,21.29515539759473,-0.020595142091376716,2.270438387637515e-09,0.057962205936656845
extension,6,credit_alpha_down,dynamic,Duration ETF,3.513153509685196e-09,-2.900605306482754e-09,6.125482032024417e-10,5.560279030865761e-08,2.270438387637515e-09,0.057962205936656845
extension,6,credit_alpha_down,dynamic,Credit ETF,5.1489616870884085e-09,5.126659564756058e-09,1.0275621251844467e-08,3.0746719269279275e-08,2.270438387637515e-09,0.057962205936656845
extension,7,style,etf_only,Equity A,16.20105337181315,-3.5300651290981477e-10,16.20105337146014,-16.376075501174654,-2.0932864779821892e-09,1.046822049634135e-09
extension,7,style,etf_only,Equity B,9.579031975488087,-3.140890325603607e-10,9.579031975173999,17.883375148339425,-2.0932864779821892e-09,1.046822049634135e-09
extension,7,style,etf_only,Duration A,11.836061902117233,-3.34082761455079e-10,11.83606190178315,-0.5052963913126552,-2.0932864779821892e-09,1.046822049634135e-09
extension,7,style,etf_only,Duration B,1.1663380560195156e-08,-1.0650539147726241e-08,1.0128414124689158e-09,2.7760706651697934e-10,-2.0932864779821892e-09,1.046822049634135e-09
extension,7,style,etf_only,Credit A,26.663703907127484,-3.490541189421492e-10,26.66370390677843,-26.80362181621395,-2.0932864779821892e-09,1.046822049634135e-09
extension,7,style,etf_only,Credit B,13.858290263959057,-3.184258412503027e-10,13.858290263640633,25.61821013065524,-2.0932864779821892e-09,1.046822049634135e-09
extension,7,style,etf_only,Equity ETF,21.861858561226164,-3.4390296166364465e-09,21.861858557787134,0.13976807927331647,-2.0932864779821892e-09,1.046822049634135e-09
extension,7,style,etf_only,Duration ETF,2.5152128315231497e-09,6.1957989745896544e-09,8.711011806112803e-09,-7.354298127411426e-09,-2.0932864779821892e-09,1.046822049634135e-09
extension,7,style,etf_only,Credit ETF,3.827207968956041e-09,1.190828035337078e-08,1.5735488322326822e-08,-1.1677594345437933e-08,-2.0932864779821892e-09,1.046822049634135e-09
extension,7,style,myopic,Equity A,16.20105337181315,-16.20105336699329,4.819858857292242e-09,-4.4228037176606035e-09,1.9103159646597506e-09,4.284333564954148
extension,7,style,myopic,Equity B,9.579031975488087,18.13227808075444,27.711310056242528,0.30251365940432073,1.9103159646597506e-09,4.284333564954148
extension,7,style,myopic,Duration A,11.836061902117233,-3.958634114953341e-08,11.836061862530892,-0.5899755236592484,1.9103159646597506e-09,4.284333564954148
extension,7,style,myopic,Duration B,1.1663380560195156e-08,-1.0031686044109988e-08,1.63169451608517e-09,-9.995929832451498e-10,1.9103159646597506e-09,4.284333564954148
extension,7,style,myopic,Credit A,26.663703907127484,-26.663703905809637,1.317846429893738e-09,-9.550937180902624e-10,1.9103159646597506e-09,4.284333564954148
extension,7,style,myopic,Credit B,13.858290263959057,24.689635884389276,38.54792614834833,0.5264695615794428,1.9103159646597506e-09,4.284333564954148
extension,7,style,myopic,Equity ETF,21.861858561226164,2.438806934179638e-08,21.861858585614232,-0.2397998438358661,1.9103159646597506e-09,4.284333564954148
extension,7,style,myopic,Duration ETF,2.5152128315231497e-09,-2.0532530467354588e-09,4.619597847876908e-10,-4.7677792988499956e-11,1.9103159646597506e-09,4.284333564954148
extension,7,style,myopic,Credit ETF,3.827207968956041e-09,-2.3543971292931906e-09,1.4728108396628503e-09,-6.162762540822295e-10,1.9103159646597506e-09,4.284333564954148
extension,7,style,dynamic,Equity A,16.20105337181315,-16.20105337186112,-4.797252615165791e-11,1.2183822195978137e-09,1.441162136460103e-09,4.818134651144464
extension,7,style,dynamic,Equity B,9.579031975488087,18.420337969630978,27.999369945119067,0.23241671782256848,1.441162136460103e-09,4.818134651144464
extension,7,style,dynamic,Duration A,11.836061902117233,-5.306945861976378,6.529116040140854,-0.22913404913995203,1.441162136460103e-09,4.818134651144464
extension,7,style,dynamic,Duration B,1.1663380560195156e-08,-1.0918584546664388e-08,7.447960135307682e-10,1.9192431754504287e-09,1.441162136460103e-09,4.818134651144464
extension,7,style,dynamic,Credit A,26.663703907127484,-26.663703907261777,-1.3429401167055808e-10,1.2196094755926322e-09,1.441162136460103e-09,4.818134651144464
extension,7,style,dynamic,Credit B,13.858290263959057,29.751375310799546,43.60966557475861,0.25392222493602395,1.441162136460103e-09,4.818134651144464
extension,7,style,dynamic,Equity ETF,21.861858561226164,-0.04819146941741903,21.813667091808746,-0.2576555318283371,1.441162136460103e-09,4.818134651144464
extension,7,style,dynamic,Duration ETF,2.5152128315231497e-09,-2.9122464132594085e-09,-3.970335817362591e-10,3.6427224623791623e-09,1.441162136460103e-09,4.818134651144464
extension,7,style,dynamic,Credit ETF,3.827207968956041e-09,-3.7725692616956664e-09,5.463870726037464e-11,2.4102730573853803e-09,1.441162136460103e-09,4.818134651144464
extension,8,style,etf_only,Equity A,16.20105337181315,-1.8355955644366873e-09,16.201053369977554,-6.402901674838899,-2.6174332634231213e-09,1.5276350244131162e-09
extension,8,style,etf_only,Equity B,9.579031975488087,-1.820713024791587e-09,9.579031973667375,6.7023462593866325,-2.6174332634231213e-09,1.5276350244131162e-09
extension,8,style,etf_only,Duration A,11.836061902117233,-1.8281320901536446e-09,11.836061900289101,-0.019738252559017,-2.6174332634231213e-09,1.5276350244131162e-09
extension,8,style,etf_only,Duration B,1.1663380560195156e-08,-1.0821617232835162e-08,8.417633273599945e-10,3.3341299965686893e-09,-2.6174332634231213e-09,1.5276350244131162e-09
extension,8,style,etf_only,Credit A,26.663703907127484,-1.8340884366807586e-09,26.663703905293396,-9.268332133227046,-2.6174332634231213e-09,1.5276350244131162e-09
extension,8,style,etf_only,Credit B,13.858290263959057,-1.8221840702992154e-09,13.858290262136874,8.800504952213876,-2.6174332634231213e-09,1.5276350244131162e-09
extension,8,style,etf_only,Equity ETF,21.861858561226164,-1.8242019006464716e-09,21.861858559401963,0.172489451667018,-2.6174332634231213e-09,1.5276350244131162e-09
extension,8,style,etf_only,Duration ETF,2.5152128315231497e-09,1.0111987057476593e-08,1.2627199888999742e-08,-7.2305262799491104e-09,-2.6174332634231213e-09,1.5276350244131162e-09
extension,8,style,etf_only,Credit ETF,3.827207968956041e-09,1.4539736214540116e-08,1.8366944183496156e-08,-1.0692469788382857e-08,-2.6174332634231213e-09,1.5276350244131162e-09
extension,8,style,myopic,Equity A,16.20105337181315,-6.032312094683445,10.168741277129703,-0.7535902451416598,1.8384537842823859e-09,1.5349008089967182
extension,8,style,myopic,Equity B,9.579031975488087,6.92722834622357,16.506260321711657,0.3489309285514038,1.8384537842823859e-09,1.5349008089967182
extension,8,style,myopic,Duration A,11.836061902117233,5.126662983023778e-10,11.836061902629899,-0.0696141561275483,1.8384537842823859e-09,1.5349008089967182
extension,8,style,myopic,Duration B,1.1663380560195156e-08,-7.680848556963708e-09,3.982532003231449e-09,-1.9203588924104725e-09,1.8384537842823859e-09,1.5349008089967182
extension,8,style,myopic,Credit A,26.663703907127484,-9.324370500865403,17.33933340626208,-0.8614668197880626,1.8384537842823859e-09,1.5349008089967182
extension,8,style,myopic,Credit B,13.858290263959057,8.414105218214813,22.27239548217387,1.1187873222855655,1.8384537842823859e-09,1.5349008089967182
extension,8,style,myopic,Equity ETF,21.861858561226164,2.8791236061920245e-08,21.8618585900174,0.21531939038142558,1.8384537842823859e-09,1.5349008089967182
extension,8,style,myopic,Duration ETF,2.5152128315231497e-09,-3.853922498045438e-10,2.129820581718606e-09,3.4101099227938927e-09,1.8384537842823859e-09,1.5349008089967182
extension,8,style,myopic,Credit ETF,3.827207968956041e-09,2.0741764746082657e-10,4.0346256164168675e-09,-1.6863230317655598e-09,1.8384537842823859e-09,1.5349008089967182
extension,8,style,dynamic,Equity A,16.20105337181315,-9.484599246164864,6.716454125648284,-0.13349781511070763,3.0967795060059256e-09,2.6930116220138447
extension,8,style,dynamic,Equity B,9.579031975488087,9.081245482675111,18.6602774581632,0.07792407956458097,3.0967795060059256e-09,2.6930116220138447
extension,8,style,dynamic,Duration A,11.836061902117233,-1.0239031844605506e-11,11.836061902106994,-0.09631630492065861,3.0967795060059256e-09,2.6930116220138447
extension,8,style,dynamic,Duration B,1.1663380560195156e-08,-4.2403918482244695e-09,7.422988711970687e-09,9.298366431193385e-11,3.0967795060059256e-09,2.6930116220138447
extension,8,style,dynamic,Credit A,26.663703907127484,-18.05265445428305,8.611049452844433,-0.05793808725438847,3.0967795060059256e-09,2.6930116220138447
extension,8,style,dynamic,Credit B,13.858290263959057,16.450170011327884,30.30846027528694,0.08518128517486594,3.0967795060059256e-09,2.6930116220138447
extension,8,style,dynamic,Equity ETF,21.861858561226164,1.978908097790022,23.840766659016186,0.1242852471942821,3.0967795060059256e-09,2.6930116220138447
extension,8,style,dynamic,Duration ETF,2.5152128315231497e-09,-2.4606834503190763e-09,5.4529381204073396e-11,7.0195195517672036e-09,3.0967795060059256e-09,2.6930116220138447
extension,8,style,dynamic,Credit ETF,3.827207968956041e-09,-3.687670709877809e-09,1.395372590782318e-10,9.800915268767416e-09,3.0967795060059256e-09,2.6930116220138447
extension,9,style,etf_only,Equity A,16.20105337181315,-1.8325702066945837e-09,16.201053369980578,-0.6354024651972157,-2.6205752942642244e-09,1.5279415335269002e-09
extension,9,style,etf_only,Equity B,9.579031975488087,-1.8251303246508144e-09,9.579031973662957,0.40250235796220385,-2.6205752942642244e-09,1.5279415335269002e-09
extension,9,style,etf_only,Duration A,11.836061902117233,-1.8288301428803777e-09,11.836061900288403,-0.017540118160254307,-2.6205752942642244e-09,1.5279415335269002e-09
extension,9,style,etf_only,Duration B,1.1663380560195156e-08,-1.0821668497957422e-08,8.41712062237735e-10,2.3670178210423416e-09,-2.6205752942642244e-09,1.5279415335269002e-09
extension,9,style,etf_only,Credit A,26.663703907127484,-1.8318013772500308e-09,26.663703905295684,-0.3682795654162121,-2.6205752942642244e-09,1.5279415335269002e-09
extension,9,style,etf_only,Credit B,13.858290263959057,-1.825856132953163e-09,13.858290262133202,0.5376840493890447,-2.6205752942642244e-09,1.5279415335269002e-09
extension,9,style,etf_only,Equity ETF,21.861858561226164,-1.8241241850347478e-09,21.86185855940204,0.07994352241551402,-2.6205752942642244e-09,1.5279415335269002e-09
extension,9,style,etf_only,Duration ETF,2.5152128315231497e-09,1.0114667303524299e-08,1.2629880135047448e-08,-5.302711174932696e-09,-2.6205752942642244e-09,1.5279415335269002e-09
extension,9,style,etf_only,Credit ETF,3.827207968956041e-09,1.4543643481819988e-08,1.8370851450776027e-08,-1.1529312679198984e-08,-2.6205752942642244e-09,1.5279415335269002e-09
extension,9,style,myopic,Equity A,16.20105337181315,-9.715090676376548e-08,16.201053274662243,-0.6354020696003527,3.526091089977086e-09,1.0909403371513345e-08
extension,9,style,myopic,Equity B,9.579031975488087,1.0707074948879125e-07,9.579032082558838,0.402502009901132,3.526091089977086e-09,1.0909403371513345e-08
extension,9,style,myopic,Duration A,11.836061902117233,-1.2434497875801753e-12,11.83606190211599,-0.017540116350732396,3.526091089977086e-09,1.0909403371513345e-08
extension,9,style,myopic,Duration B,1.1663380560195156e-08,-9.579106703496572e-09,2.0842738566985854e-09,-2.701360779999354e-10,3.526091089977086e-09,1.0909403371513345e-08
extension,9,style,myopic,Credit A,26.663703907127484,-1.4689582883420371e-09,26.663703905658526,-0.3682796195494815,3.526091089977086e-09,1.0909403371513345e-08
extension,9,style,myopic,Credit B,13.858290263959057,1.4420686866856158e-09,13.858290265401127,0.5376840583179763,3.526091089977086e-09,1.0909403371513345e-08
extension,9,style,myopic,Equity ETF,21.861858561226164,1.4155343563970746e-12,21.861858561227578,0.07994350902178166,3.526091089977086e-09,1.0909403371513345e-08
extension,9,style,myopic,Duration ETF,2.5152128315231497e-09,-1.5963101312109872e-09,9.189027003121625e-10,1.8010980167628256e-09,3.526091089977086e-09,1.0909403371513345e-08
extension,9,style,myopic,Credit ETF,3.827207968956041e-09,-2.089859457928638e-09,1.7373485110274028e-09,2.8997570107508105e-10,3.526091089977086e-09,1.0909403371513345e-08
extension,9,style,dynamic,Equity A,16.20105337181315,-3.1282799275808126,13.072773444232336,-0.1722339018530594,2.1667417724391055e-09,0.7672942520293532
extension,9,style,dynamic,Equity B,9.579031975488087,3.340558249504662,12.91959022499275,0.034373347052616555,2.1667417724391055e-09,0.7672942520293532
extension,9,style,dynamic,Duration A,11.836061902117233,-9.575673587391975e-13,11.836061902116276,-0.036744006411330965,2.1667417724391055e-09,0.7672942520293532
extension,9,style,dynamic,Duration B,1.1663380560195156e-08,-1.4774110921101244e-09,1.0185969468085032e-08,-5.493022390714265e-10,2.1667417724391055e-09,0.7672942520293532
extension,9,style,dynamic,Credit A,26.663703907127484,-4.548499059238839,22.115204847888645,-0.07082203955194775,2.1667417724391055e-09,0.7672942520293532
extension,9,style,dynamic,Credit B,13.858290263959057,4.328547800368413,18.18683806432747,0.1033383130464781,2.1667417724391055e-09,0.7672942520293532
extension,9,style,dynamic,Equity ETF,21.861858561226164,2.043643032578757e-11,21.8618585612466,0.14170136423363588,2.1667417724391055e-09,0.7672942520293532
extension,9,style,dynamic,Duration ETF,2.5152128315231497e-09,-2.432654788256198e-09,8.255804326695147e-11,7.3326226063454496e-09,2.1667417724391055e-09,0.7672942520293532
extension,9,style,dynamic,Credit ETF,3.827207968956041e-09,-3.586836779427007e-09,2.4037118952903375e-10,6.384671862924361e-09,2.1667417724391055e-09,0.7672942520293532
extension,10,style,etf_only,Equity A,16.20105337181315,-1.829070228609453e-09,16.201053369984077,3.90731772257859e-09,-2.6215049239842925e-09,1.5280366537192545e-09
extension,10,style,etf_only,Equity B,9.579031975488087,-1.8290646774943298e-09,9.579031973659022,-2.9138945263095495e-10,-2.6215049239842925e-09,1.5280366537192545e-09
extension,10,style,etf_only,Duration A,11.836061902117233,-1.8290466363701796e-09,11.836061900288186,0.037077214864389335,-2.6215049239842925e-09,1.5280366537192545e-09
extension,10,style,etf_only,Duration B,1.1663380560195156e-08,-1.0821684113524282e-08,8.416964466708742e-10,4.556876744507006e-09,-2.6215049239842925e-09,1.5280366537192545e-09
extension,10,style,etf_only,Credit A,26.663703907127484,-1.8290480241489604e-09,26.663703905298437,2.445160233476552e-09,-2.6215049239842925e-09,1.5280366537192545e-09
extension,10,style,etf_only,Credit B,13.858290263959057,-1.829050799706522e-09,13.858290262130007,7.109033535457334e-09,-2.6215049239842925e-09,1.5280366537192545e-09
extension,10,style,etf_only,Equity ETF,21.861858561226164,-1.8240992050166938e-09,21.861858559402066,-0.037357962580051425,-2.6215049239842925e-09,1.5280366537192545e-09
extension,10,style,etf_only,Duration ETF,2.5152128315231497e-09,1.0115485526336045e-08,1.2630698357859195e-08,-3.4914257249234962e-09,-2.6215049239842925e-09,1.5280366537192545e-09
extension,10,style,etf_only,Credit ETF,3.827207968956041e-09,1.4544836754975669e-08,1.8372044723931708e-08,-6.601194248793353e-09,-2.6215049239842925e-09,1.5280366537192545e-09
extension,10,style,myopic,Equity A,16.20105337181315,3.2881197764567105e-10,16.20105337214196,1.503994383627712e-09,1.2034047908905952e-09,5.923897390393146e-10
extension,10,style,myopic,Equity B,9.579031975488087,2.5096313915895507e-10,9.579031975739051,-1.3400641707406185e-10,1.2034047908905952e-09,5.923897390393146e-10
extension,10,style,myopic,Duration A,11.836061902117233,7.563519255349149e-10,11.836061902873585,0.03707721256142097,1.2034047908905952e-09,5.923897390393146e-10
extension,10,style,myopic,Duration B,1.1663380560195156e-08,-7.12243372246902e-09,4.5409468377261364e-09,-7.91852057816876e-10,1.2034047908905952e-09,5.923897390393146e-10
extension,10,style,myopic,Credit A,26.663703907127484,1.6069423569575747e-09,26.663703908734426,1.4644498808058517e-09,1.2034047908905952e-09,5.923897390393146e-10
extension,10,style,myopic,Credit B,13.858290263959057,8.15106315776859e-10,13.858290264774165,3.1444293963494703e-09,1.2034047908905952e-09,5.923897390393146e-10
extension,10,style,myopic,Equity ETF,21.861858561226164,1.353481215993213e-09,21.861858562579645,-0.03735796021343035,1.2034047908905952e-09,5.923897390393146e-10
extension,10,style,myopic,Duration ETF,2.5152128315231497e-09,2.439502560591869e-10,2.7591630875823365e-09,2.73941938563023e-09,1.2034047908905952e-09,5.923897390393146e-10
extension,10,style,myopic,Credit ETF,3.827207968956041e-09,8.20531886055849e-10,4.64773985501189e-09,2.1789161974195172e-09,1.2034047908905952e-09,5.923897390393146e-10
extension,10,style,dynamic,Equity A,16.20105337181315,1.7652379558086295e-09,16.201053373578386,-3.806143028955561e-09,1.7830203792966745e-09,8.9227939281692e-10
extension,10,style,dynamic,Equity B,9.579031975488087,1.7673140728646786e-09,9.579031977255402,-1.4740602061618775e-09,1.7830203792966745e-09,8.9227939281692e-10
extension,10,style,dynamic,Duration A,11.836061902117233,1.768282742453664e-09,11.836061903885515,0.037077202124700816,1.7830203792966745e-09,8.9227939281692e-10
extension,10,style,dynamic,Duration B,1.1663380560195156e-08,-5.755749572189847e-09,5.907630988005309e-09,3.306244990263396e-09,1.7830203792966745e-09,8.9227939281692e-10
extension,10,style,dynamic,Credit A,26.663703907127484,1.7651435868515364e-09,26.66370390889263,-3.1649189145512325e-10,1.7830203792966745e-09,8.9227939281692e-10
extension,10,style,dynamic,Credit B,13.858290263959057,1.7682660891082946e-09,13.858290265727325,4.407841234104884e-09,1.7830203792966745e-09,8.9227939281692e-10
extension,10,style,dynamic,Equity ETF,21.861858561226164,1.7657902917633805e-09,21.861858562991955,-0.03735796800576853,1.7830203792966745e-09,8.9227939281692e-10
extension,10,style,dynamic,Duration ETF,2.5152128315231497e-09,-3.0246271494645933e-09,-5.094143179414438e-10,1.4589758357348744e-08,1.7830203792966745e-09,8.9227939281692e-10
extension,10,style,dynamic,Credit ETF,3.827207968956041e-09,-3.3485671514263945e-09,4.786408175296459e-10,1.0253016833835576e-08,1.7830203792966745e-09,8.9227939281692e-10
extension,11,style,etf_only,Equity A,16.20105337181315,-1.8005957835853792e-09,16.201053370012552,0.41155478025414594,-2.466126222003128e-09,1.5181244636838693e-09
extension,11,style,etf_only,Equity B,9.579031975488087,-1.80810921790453e-09,9.579031973679978,-0.4030142557726404,-2.466126222003128e-09,1.5181244636838693e-09
extension,11,style,etf_only,Duration A,11.836061902117233,-1.8043316840632428e-09,11.8360619003129,0.08964100421972251,-2.466126222003128e-09,1.5181244636838693e-09
extension,11,style,etf_only,Duration B,1.1663380560195156e-08,-1.0819717411580177e-08,8.436631486149787e-10,2.664815695445223e-09,-2.466126222003128e-09,1.5181244636838693e-09
extension,11,style,etf_only,Credit A,26.663703907127484,-1.8013257552240702e-09,26.66370390532616,0.46019818285268216,-2.466126222003128e-09,1.5181244636838693e-09
extension,11,style,etf_only,Credit B,13.858290263959057,-1.8073431640175386e-09,13.858290262151716,-0.448549792909735,-2.466126222003128e-09,1.5181244636838693e-09
extension,11,style,etf_only,Equity ETF,21.861858561226164,-1.873631805260345e-09,21.86185855935253,-0.11082009571163713,-2.466126222003128e-09,1.5181244636838693e-09
extension,11,style,etf_only,Duration ETF,2.5152128315231497e-09,1.0035501364123327e-08,1.2550714195646477e-08,-1.5871511546859656e-09,-2.466126222003128e-09,1.5181244636838693e-09
extension,11,style,etf_only,Credit ETF,3.827207968956041e-09,1.4393532473872438e-08,1.822074044282848e-08,-1.0127392173258174e-08,-2.466126222003128e-09,1.5181244636838693e-09
extension,11,style,myopic,Equity A,16.20105337181315,5.285817858413644e-06,16.201058657631005,0.41155398519457115,2.7983569694264944e-09,5.301167280325337e-07
extension,11,style,myopic,Equity B,9.579031975488087,-5.288798467228961e-06,9.579026686689621,-0.4030131795059325,2.7983569694264944e-09,5.301167280325337e-07
extension,11,style,myopic,Duration A,11.836061902117233,2.8635011029010116e-10,11.836061902403582,0.08964103054521258,2.7983569694264944e-09,5.301167280325337e-07
extension,11,style,myopic,Duration B,1.1663380560195156e-08,-9.327450236806845e-09,2.335930323388313e-09,-4.8921654191823606e-11,2.7983569694264944e-09,5.301167280325337e-07
extension,11,style,myopic,Credit A,26.663703907127484,1.1206036099054018e-08,26.66370391833352,0.46019793790439334,2.7983569694264944e-09,5.301167280325337e-07
extension,11,style,myopic,Credit B,13.858290263959057,-5.177386297461339e-09,13.858290258781672,-0.4485495852195805,2.7983569694264944e-09,5.301167280325337e-07
extension,11,style,myopic,Equity ETF,21.861858561226164,1.2295497953118684e-09,21.861858562455712,-0.11082037300432612,2.7983569694264944e-09,5.301167280325337e-07
extension,11,style,myopic,Duration ETF,2.5152128315231497e-09,-1.284586577885984e-09,1.2306262536371654e-09,4.13675673302222e-09,2.7983569694264944e-09,5.301167280325337e-07
extension,11,style,myopic,Credit ETF,3.827207968956041e-09,-1.7883942879422043e-09,2.0388136810138366e-09,7.423119469523601e-10,2.7983569694264944e-09,5.301167280325337e-07
extension,11,style,dynamic,Equity A,16.20105337181315,2.7726252241905143,18.973678596003662,0.2049247342703315,2.1896871048678913e-09,0.7459705038781174
extension,11,style,dynamic,Equity B,9.579031975488087,-3.469298703344065,6.109733272144023,-1.9790094057360486e-08,2.1896871048678913e-09,0.7459705038781174
extension,11,style,dynamic,Duration A,11.836061902117233,2.861599845971341e-12,11.836061902120095,0.12191842298259839,2.1896871048678913e-09,0.7459705038781174
extension,11,style,dynamic,Duration B,1.1663380560195156e-08,-2.6671071949351585e-09,8.996273365259999e-09,4.269465284870729e-09,2.1896871048678913e-09,0.7459705038781174
extension,11,style,dynamic,Credit A,26.663703907127484,4.6833499629452655,31.34705387007275,0.05689068094073621,2.1896871048678913e-09,0.7459705038781174
extension,11,style,dynamic,Credit B,13.858290263959057,-3.9941361819589556,9.864154082000102,-0.1500274316945151,2.1896871048678913e-09,0.7459705038781174
extension,11,style,dynamic,Equity ETF,21.861858561226164,-3.732014697277464e-11,21.861858561188843,-0.23412208765574427,2.1896871048678913e-09,0.7459705038781174
extension,11,style,dynamic,Duration ETF,2.5152128315231497e-09,-2.612959392943484e-09,-9.774656142033444e-11,1.874070598043675e-08,2.1896871048678913e-09,0.7459705038781174
extension,11,style,dynamic,Credit ETF,3.827207968956041e-09,-3.4836684923253337e-09,3.4353947663070724e-10,1.2424814999489773e-08,2.1896871048678913e-09,0.7459705038781174
extension,12,style,etf_only,Equity A,16.20105337181315,-1.719230313668163e-09,16.201053370093916,5.776629795183703,-2.043535695783296e-09,1.4867624257654286e-09
extension,12,style,etf_only,Equity B,9.579031975488087,-1.7346707403831374e-09,9.579031973753418,-6.94052394023163,-2.043535695783296e-09,1.4867624257654286e-09
extension,12,style,etf_only,Duration A,11.836061902117233,-1.7269297103439385e-09,11.836061900390304,0.05478574051314191,-2.043535695783296e-09,1.4867624257654286e-09
extension,12,style,etf_only,Duration B,1.1663380560195156e-08,-1.0813384414065693e-08,8.49996146129465e-10,5.205216698961484e-09,-2.043535695783296e-09,1.4867624257654286e-09
extension,12,style,etf_only,Credit A,26.663703907127484,-1.7207568703270226e-09,26.663703905406727,9.30527851727837,-2.043535695783296e-09,1.4867624257654286e-09
extension,12,style,etf_only,Credit B,13.858290263959057,-1.733110877033539e-09,13.858290262225948,-8.018708153493161,-2.043535695783296e-09,1.4867624257654286e-09
extension,12,style,etf_only,Equity ETF,21.861858561226164,-1.989064468688184e-09,21.8618585592371,-0.19254842688615081,-2.043535695783296e-09,1.4867624257654286e-09
extension,12,style,etf_only,Duration ETF,2.5152128315231497e-09,9.778963443171105e-09,1.2294176274694256e-08,-1.314793704807631e-09,-2.043535695783296e-09,1.4867624257654286e-09
extension,12,style,etf_only,Credit ETF,3.827207968956041e-09,1.3949886061858407e-08,1.7777094030814448e-08,-1.1127164833789177e-08,-2.043535695783296e-09,1.4867624257654286e-09
extension,12,style,myopic,Equity A,16.20105337181315,6.031513657048904,22.232567028862054,0.40199924582196184,1.3015363662044824e-09,1.535138311449289
extension,12,style,myopic,Equity B,9.579031975488087,-6.92902300540105,2.650008970087038,-0.38720600136253247,1.3015363662044824e-09,1.535138311449289
extension,12,style,myopic,Duration A,11.836061902117233,2.4453467029061926e-09,11.83606190456258,0.0932334705745598,1.3015363662044824e-09,1.535138311449289
extension,12,style,myopic,Duration B,1.1663380560195156e-08,-2.327532181081252e-09,9.335848379113904e-09,-4.303270558191007e-09,1.3015363662044824e-09,1.535138311449289
extension,12,style,myopic,Credit A,26.663703907127484,9.312193761718717,35.9758976688462,0.8775910940188165,1.3015363662044824e-09,1.535138311449289
extension,12,style,myopic,Credit B,13.858290263959057,-8.430035792205318,5.428254471753741,-0.6128805340012082,1.3015363662044824e-09,1.535138311449289
extension,12,style,myopic,Equity ETF,21.861858561226164,-1.2514667080409936e-08,21.861858548711496,-0.37406183965022266,1.3015363662044824e-09,1.535138311449289
extension,12,style,myopic,Duration ETF,2.5152128315231497e-09,5.377566262970092e-09,7.892779094493243e-09,3.1985063940796608e-09,1.3015363662044824e-09,1.535138311449289
extension,12,style,myopic,Credit ETF,3.827207968956041e-09,1.7050371940660915e-09,5.532245163022132e-09,-2.198006357647363e-09,1.3015363662044824e-09,1.535138311449289
extension,12,style,dynamic,Equity A,16.20105337181315,9.577537593429483,25.778590965242632,0.2006217133808168,1.909813507425945e-09,2.5068058927464367
extension,12,style,dynamic,Equity B,9.579031975488087,-9.51808830334612,0.06094367214196766,-0.0019466185381125994,1.909813507425945e-09,2.5068058927464367
extension,12,style,dynamic,Duration A,11.836061902117233,-7.752132269445156e-12,11.836061902109481,0.05785024837350597,1.909813507425945e-09,2.5068058927464367
extension,12,style,dynamic,Duration B,1.1663380560195156e-08,-3.881625797265324e-09,7.781754762929832e-09,2.6593190121656004e-09,1.909813507425945e-09,2.5068058927464367
extension,12,style,dynamic,Credit A,26.663703907127484,16.20836490313775,42.87206881026523,0.030146606746043955,1.909813507425945e-09,2.5068058927464367
extension,12,style,dynamic,Credit B,13.858290263959057,-13.858290251939337,1.2019722126118549e-08,-2.0533440886849967e-09,1.909813507425945e-09,2.5068058927464367
extension,12,style,dynamic,Equity ETF,21.861858561226164,-2.4345919916466148,19.427266569579547,-0.28707539737435245,1.909813507425945e-09,2.5068058927464367
extension,12,style,dynamic,Duration ETF,2.5152128315231497e-09,-2.6275390567991164e-09,-1.1232622527596665e-10,1.4984725658260035e-08,1.909813507425945e-09,2.5068058927464367
extension,12,style,dynamic,Credit ETF,3.827207968956041e-09,-3.6924891345439897e-09,1.3471883441205125e-10,6.293014816603526e-09,1.909813507425945e-09,2.5068058927464367
extension,13,style,etf_only,Equity A,16.20105337181315,-1.492389545276751e-09,16.201053370320757,23.543595904180048,-1.0031316288407286e-09,1.3982382921354393e-09
extension,13,style,etf_only,Equity B,9.579031975488087,-1.5247858531353131e-09,9.579031973963302,-9.672427533956531,-1.0031316288407286e-09,1.3982382921354393e-09
extension,13,style,etf_only,Duration A,11.836061902117233,-1.5085668825243204e-09,11.836061900608666,-0.27781946563318566,-1.0031316288407286e-09,1.3982382921354393e-09
extension,13,style,etf_only,Duration B,1.1663380560195156e-08,-1.07953602261571e-08,8.680203340380564e-10,7.973084268466602e-10,-1.0031316288407286e-09,1.3982382921354393e-09
extension,13,style,etf_only,Credit A,26.663703907127484,-1.4956258453935334e-09,26.66370390563186,19.96145467848208,-1.0031316288407286e-09,1.3982382921354393e-09
extension,13,style,etf_only,Credit B,13.858290263959057,-1.521516246327792e-09,13.858290262437542,-13.918573824276592,-1.0031316288407286e-09,1.3982382921354393e-09
extension,13,style,etf_only,Equity ETF,21.861858561226164,-2.2379376130032824e-09,21.861858558988224,-19.673851444173167,-1.0031316288407286e-09,1.3982382921354393e-09
extension,13,style,etf_only,Duration ETF,2.5152128315231497e-09,9.047937173976268e-09,1.1563150005499418e-08,-8.695859172588897e-09,-1.0031316288407286e-09,1.3982382921354393e-09
extension,13,style,etf_only,Credit ETF,3.827207968956041e-09,1.2780428322755391e-08,1.6607636291711432e-08,-1.5394989238857914e-08,-1.0031316288407286e-09,1.3982382921354393e-09
extension,13,style,myopic,Equity A,16.20105337181315,24.12911186153756,40.330165233350705,0.41008184829667654,1.905873419152937e-09,3.7436337417820704
extension,13,style,myopic,Equity B,9.579031975488087,-9.579031974232608,1.2554797907655004e-09,-1.028269031088661e-09,1.905873419152937e-09,3.7436337417820704
extension,13,style,myopic,Duration A,11.836061902117233,-1.8598313167306202e-08,11.83606188351892,-0.45709510211870247,1.905873419152937e-09,3.7436337417820704
extension,13,style,myopic,Duration B,1.1663380560195156e-08,-1.036157321774132e-08,1.301807342453837e-09,-4.809171551801036e-10,1.905873419152937e-09,3.7436337417820704
extension,13,style,myopic,Credit A,26.663703907127484,19.29610738131761,45.959811288445096,0.7388130179338332,1.905873419152937e-09,3.7436337417820704
extension,13,style,myopic,Credit B,13.858290263959057,-13.858290263507344,4.517143655249624e-10,-2.641446436062534e-10,1.905873419152937e-09,3.7436337417820704
extension,13,style,myopic,Equity ETF,21.861858561226164,-20.025333309571614,1.836525251654551,-0.6928315662920524,1.905873419152937e-09,3.7436337417820704
extension,13,style,myopic,Duration ETF,2.5152128315231497e-09,-2.331480983834764e-09,1.837318476883855e-10,1.100922575215402e-09,1.905873419152937e-09,3.7436337417820704
extension,13,style,myopic,Credit ETF,3.827207968956041e-09,-3.312895356226359e-09,5.14312612729682e-10,-1.8677276047896072e-10,1.905873419152937e-09,3.7436337417820704
extension,13,style,dynamic,Equity A,16.20105337181315,25.32134158996534,41.52239496177849,0.19915598576133475,5.478323003571539e-09,4.2546047288263695
extension,13,style,dynamic,Equity B,9.579031975488087,-9.579031975458237,2.9851262610220725e-11,1.8350072890791532e-09,5.478323003571539e-09,4.2546047288263695
extension,13,style,dynamic,Duration A,11.836061902117233,-3.8266970725076828,8.00936482960955,-0.25303043286352256,5.478323003571539e-09,4.2546047288263695
extension,13,style,dynamic,Duration B,1.1663380560195156e-08,-1.0954946047036483e-08,7.084345131586736e-10,3.873439938482987e-09,5.478323003571539e-09,4.2546047288263695
extension,13,style,dynamic,Credit A,26.663703907127484,23.761990239861515,50.425694146988995,0.05338038056070384,5.478323003571539e-09,4.2546047288263695
extension,13,style,dynamic,Credit B,13.858290263959057,-13.85829026402641,-6.735130049748093e-11,1.756589196071189e-09,5.478323003571539e-09,4.2546047288263695
extension,13,style,dynamic,Equity ETF,21.861858561226164,-21.86185855333841,7.88775235954788e-09,-7.162672255011733e-10,5.478323003571539e-09,4.2546047288263695
extension,13,style,dynamic,Duration ETF,2.5152128315231497e-09,-2.3764322020228786e-09,1.3878062950027106e-10,5.821317710254227e-09,5.478323003571539e-09,4.2546047288263695
extension,13,style,dynamic,Credit ETF,3.827207968956041e-09,-3.6682874060778782e-09,1.5892056287816258e-10,2.7578711052366245e-09,5.478323003571539e-09,4.2546047288263695
extension,14,style,etf_only,Equity A,16.20105337181315,-3.5300651290981477e-10,16.20105337146014,-13.33727820409018,-2.0932864779821892e-09,1.046822049634135e-09
extension,14,style,etf_only,Equity B,9.579031975488087,-3.140890325603607e-10,9.579031975173999,14.233116636528178,-2.0932864779821892e-09,1.046822049634135e-09
extension,14,style,etf_only,Duration A,11.836061902117233,-3.34082761455079e-10,11.83606190178315,-0.1322930782155258,-2.0932864779821892e-09,1.046822049634135e-09
extension,14,style,etf_only,Duration B,1.1663380560195156e-08,-1.0650539147726241e-08,1.0128414124689158e-09,9.59805549255185e-10,-2.0932864779821892e-09,1.046822049634135e-09
extension,14,style,etf_only,Credit A,26.663703907127484,-3.490541189421492e-10,26.66370390677843,-24.563421606526482,-2.0932864779821892e-09,1.046822049634135e-09
extension,14,style,etf_only,Credit B,13.858290263959057,-3.184258412503027e-10,13.858290263640633,22.84455985100237,-2.0932864779821892e-09,1.046822049634135e-09
extension,14,style,etf_only,Equity ETF,21.861858561226164,-3.4390296166364465e-09,21.861858557787134,0.917577561619371,-2.0932864779821892e-09,1.046822049634135e-09
extension,14,style,etf_only,Duration ETF,2.5152128315231497e-09,6.1957989745896544e-09,8.711011806112803e-09,-6.25839758523006e-09,-2.0932864779821892e-09,1.046822049634135e-09
extension,14,style,etf_only,Credit ETF,3.827207968956041e-09,1.190828035337078e-08,1.5735488322326822e-08,-7.847554130458134e-09,-2.0932864779821892e-09,1.046822049634135e-09
extension,14,style,myopic,Equity A,16.20105337181315,-16.20105336699329,4.819858857292242e-09,-2.7132318856566116e-09,1.9103159646597506e-09,4.284333564954148
extension,14,style,myopic,Equity B,9.579031975488087,18.13227808075444,27.711310056242528,0.0025138612320424903,1.9103159646597506e-09,4.284333564954148
extension,14,style,myopic,Duration A,11.836061902117233,-3.958634114953341e-08,11.836061862530892,-0.3446705064489388,1.9103159646597506e-09,4.284333564954148
extension,14,style,myopic,Duration B,1.1663380560195156e-08,-1.0031686044109988e-08,1.63169451608517e-09,2.311913653752769e-11,1.9103159646597506e-09,4.284333564954148
extension,14,style,myopic,Credit A,26.663703907127484,-26.663703905809637,1.317846429893738e-09,-1.5115501808231644e-10,1.9103159646597506e-09,4.284333564954148
extension,14,style,myopic,Credit B,13.858290263959057,24.689635884389276,38.54792614834833,0.14993769696423398,1.9103159646597506e-09,4.284333564954148
extension,14,style,myopic,Equity ETF,21.861858561226164,2.438806934179638e-08,21.861858585614232,0.19181355234811037,1.9103159646597506e-09,4.284333564954148
extension,14,style,myopic,Duration ETF,2.5152128315231497e-09,-2.0532530467354588e-09,4.619597847876908e-10,2.099166662107834e-09,1.9103159646597506e-09,4.284333564954148
extension,14,style,myopic,Credit ETF,3.827207968956041e-09,-2.3543971292931906e-09,1.4728108396628503e-09,1.1637629719048285e-09,1.9103159646597506e-09,4.284333564954148
extension,14,style,dynamic,Equity A,16.20105337181315,-16.20105337169782,1.1532753580803003e-10,4.0088462518701845e-09,2.124785113480354e-09,4.593994511258883
extension,14,style,dynamic,Equity B,9.579031975488087,17.925209457794132,27.50424143328222,0.003966021221040567,2.124785113480354e-09,4.593994511258883
extension,14,style,dynamic,Duration A,11.836061902117233,-3.0981577918869796,8.737904110230254,-0.20070668532816954,2.124785113480354e-09,4.593994511258883
extension,14,style,dynamic,Duration B,1.1663380560195156e-08,-1.112774677939767e-08,5.356337807974863e-10,4.797543145285202e-09,2.124785113480354e-09,4.593994511258883
extension,14,style,dynamic,Credit A,26.663703907127484,-26.663703906812813,3.1467084746122897e-10,3.033371085363566e-09,2.124785113480354e-09,4.593994511258883
extension,14,style,dynamic,Credit B,13.858290263959057,27.991765683232384,41.85005594719144,0.04368621743198346,2.124785113480354e-09,4.593994511258883
extension,14,style,dynamic,Equity ETF,21.861858561226164,4.447275880892221e-11,21.861858561270637,0.15270800343467694,2.124785113480354e-09,4.593994511258883
extension,14,style,dynamic,Duration ETF,2.5152128315231497e-09,-3.020124258447687e-09,-5.049114269245372e-10,7.710156236962357e-09,2.124785113480354e-09,4.593994511258883
extension,14,style,dynamic,Credit ETF,3.827207968956041e-09,-3.499844625556661e-09,3.2736334339937983e-10,6.403863227142198e-09,2.124785113480354e-09,4.593994511258883
extension,15,style,etf_only,Equity A,16.20105337181315,-1.8355955644366873e-09,16.201053369977554,-4.230300819996823,-2.6174332634231213e-09,1.5276350244131162e-09
extension,15,style,etf_only,Equity B,9.579031975488087,-1.820713024791587e-09,9.579031973667375,4.155265631307124,-2.6174332634231213e-09,1.5276350244131162e-09
extension,15,style,etf_only,Duration A,11.836061902117233,-1.8281320901536446e-09,11.836061900289101,-0.02384806043564592,-2.6174332634231213e-09,1.5276350244131162e-09
extension,15,style,etf_only,Duration B,1.1663380560195156e-08,-1.0821617232835162e-08,8.417633273599945e-10,2.029529353026648e-09,-2.6174332634231213e-09,1.5276350244131162e-09
extension,15,style,etf_only,Credit A,26.663703907127484,-1.8340884366807586e-09,26.663703905293396,-4.094734270497267,-2.6174332634231213e-09,1.5276350244131162e-09
extension,15,style,etf_only,Credit B,13.858290263959057,-1.8221840702992154e-09,13.858290262136874,4.14934025765401,-2.6174332634231213e-09,1.5276350244131162e-09
extension,15,style,etf_only,Equity ETF,21.861858561226164,-1.8242019006464716e-09,21.861858559401963,0.035940420597028795,-2.6174332634231213e-09,1.5276350244131162e-09
extension,15,style,etf_only,Duration ETF,2.5152128315231497e-09,1.0111987057476593e-08,1.2627199888999742e-08,-7.68693568162433e-09,-2.6174332634231213e-09,1.5276350244131162e-09
extension,15,style,etf_only,Credit ETF,3.827207968956041e-09,1.4539736214540116e-08,1.8366944183496156e-08,-1.3078653227309182e-08,-2.6174332634231213e-09,1.5276350244131162e-09
extension,15,style,myopic,Equity A,16.20105337181315,-6.032312094683445,10.168741277129703,-0.22175512798175276,1.8384537842823859e-09,1.5349008089967182
extension,15,style,myopic,Equity B,9.579031975488087,6.92722834622357,16.506260321711657,0.07248850205313409,1.8384537842823859e-09,1.5349008089967182
extension,15,style,myopic,Duration A,11.836061902117233,5.126662983023778e-10,11.836061902629899,-0.06284738920954328,1.8384537842823859e-09,1.5349008089967182
extension,15,style,myopic,Duration B,1.1663380560195156e-08,-7.680848556963708e-09,3.982532003231449e-09,-1.3791121358317807e-09,1.8384537842823859e-09,1.5349008089967182
extension,15,style,myopic,Credit A,26.663703907127484,-9.324370500865403,17.33933340626208,-0.2532295748471843,1.8384537842823859e-09,1.5349008089967182
extension,15,style,myopic,Credit B,13.858290263959057,8.414105218214813,22.27239548217387,0.29122090859683786,1.8384537842823859e-09,1.5349008089967182
extension,15,style,myopic,Equity ETF,21.861858561226164,2.8791236061920245e-08,21.8618585900174,0.17355819137915868,1.8384537842823859e-09,1.5349008089967182
extension,15,style,myopic,Duration ETF,2.5152128315231497e-09,-3.853922498045438e-10,2.129820581718606e-09,5.655581339370781e-10,1.8384537842823859e-09,1.5349008089967182
extension,15,style,myopic,Credit ETF,3.827207968956041e-09,2.0741764746082657e-10,4.0346256164168675e-09,-2.3087149496314677e-10,1.8384537842823859e-09,1.5349008089967182
extension,15,style,dynamic,Equity A,16.20105337181315,-7.987832053385634,8.213221318427514,-0.07157463298484482,3.229259291611178e-09,2.2988205218367956
extension,15,style,dynamic,Equity B,9.579031975488087,8.108878578405248,17.687910553893335,0.00890893607717501,3.229259291611178e-09,2.2988205218367956
extension,15,style,dynamic,Duration A,11.836061902117233,-1.122157922139877e-11,11.836061902106012,-0.07677833891437703,3.229259291611178e-09,2.2988205218367956
extension,15,style,dynamic,Duration B,1.1663380560195156e-08,-1.0937054229600329e-08,7.263263305948288e-10,8.378128553844747e-09,3.229259291611178e-09,2.2988205218367956
extension,15,style,dynamic,Credit A,26.663703907127484,-15.344255282692576,11.319448624434909,-0.000836120886051107,3.229259291611178e-09,2.2988205218367956
extension,15,style,dynamic,Credit B,13.858290263959057,14.092260469945508,27.950550733904567,0.02495990227003738,3.229259291611178e-09,2.2988205218367956
extension,15,style,dynamic,Equity ETF,21.861858561226164,1.1079600969439136,22.969818658170077,0.11457260447791129,3.229259291611178e-09,2.2988205218367956
extension,15,style,dynamic,Duration ETF,2.5152128315231497e-09,-2.9504288904412536e-09,-4.3521605891810364e-10,1.5604836442961955e-08,3.229259291611178e-09,2.2988205218367956
extension,15,style,dynamic,Credit ETF,3.827207968956041e-09,-3.5023479007528425e-09,3.2486006820319786e-10,0.0004577516674331337,3.229259291611178e-09,2.2988205218367956
extension,16,style,etf_only,Equity A,16.20105337181315,-1.8325702066945837e-09,16.201053369980578,-0.37033160804018966,-2.6205752942642244e-09,1.5279415335269002e-09
extension,16,style,etf_only,Equity B,9.579031975488087,-1.8251303246508144e-09,9.579031973662957,0.1710359599987286,-2.6205752942642244e-09,1.5279415335269002e-09
extension,16,style,etf_only,Duration A,11.836061902117233,-1.8288301428803777e-09,11.836061900288403,-0.01410233971503767,-2.6205752942642244e-09,1.5279415335269002e-09
extension,16,style,etf_only,Duration B,1.1663380560195156e-08,-1.0821668497957422e-08,8.41712062237735e-10,2.307638194585771e-09,-2.6205752942642244e-09,1.5279415335269002e-09
extension,16,style,etf_only,Credit A,26.663703907127484,-1.8318013772500308e-09,26.663703905295684,-0.18916131887972287,-2.6205752942642244e-09,1.5279415335269002e-09
extension,16,style,etf_only,Credit B,13.858290263959057,-1.825856132953163e-09,13.858290262133202,0.2937807783012778,-2.6205752942642244e-09,1.5279415335269002e-09
extension,16,style,etf_only,Equity ETF,21.861858561226164,-1.8241241850347478e-09,21.86185855940204,0.10810753553575224,-2.6205752942642244e-09,1.5279415335269002e-09
extension,16,style,etf_only,Duration ETF,2.5152128315231497e-09,1.0114667303524299e-08,1.2629880135047448e-08,-5.457788287912147e-09,-2.6205752942642244e-09,1.5279415335269002e-09
extension,16,style,etf_only,Credit ETF,3.827207968956041e-09,1.4543643481819988e-08,1.8370851450776027e-08,-1.115452759586424e-08,-2.6205752942642244e-09,1.5279415335269002e-09
extension,16,style,myopic,Equity A,16.20105337181315,-9.715090676376548e-08,16.201053274662243,-0.370331611939579,3.526091089977086e-09,1.0909403371513345e-08
extension,16,style,myopic,Equity B,9.579031975488087,1.0707074948879125e-07,9.579032082558838,0.1710359483951721,3.526091089977086e-09,1.0909403371513345e-08
extension,16,style,myopic,Duration A,11.836061902117233,-1.2434497875801753e-12,11.83606190211599,-0.01410233714570627,3.526091089977086e-09,1.0909403371513345e-08
extension,16,style,myopic,Duration B,1.1663380560195156e-08,-9.579106703496572e-09,2.0842738566985854e-09,-6.815684059870354e-10,3.526091089977086e-09,1.0909403371513345e-08
extension,16,style,myopic,Credit A,26.663703907127484,-1.4689582883420371e-09,26.663703905658526,-0.18916132065841587,3.526091089977086e-09,1.0909403371513345e-08
extension,16,style,myopic,Credit B,13.858290263959057,1.4420686866856158e-09,13.858290265401127,0.2937807398503498,3.526091089977086e-09,1.0909403371513345e-08
extension,16,style,myopic,Equity ETF,21.861858561226164,1.4155343563970746e-12,21.861858561227578,0.1081075792420922,3.526091089977086e-09,1.0909403371513345e-08
extension,16,style,myopic,Duration ETF,2.5152128315231497e-09,-1.5963101312109872e-09,9.189027003121625e-10,1.0003417929778045e-09,3.526091089977086e-09,1.0909403371513345e-08
extension,16,style,myopic,Credit ETF,3.827207968956041e-09,-2.089859457928638e-09,1.7373485110274028e-09,2.3535080902832423e-10,3.526091089977086e-09,1.0909403371513345e-08
extension,16,style,dynamic,Equity A,16.20105337181315,-2.611362011886287,13.589691359926862,-0.1308038541960484,1.7863499125281377e-09,0.5843915111497974
extension,16,style,dynamic,Equity B,9.579031975488087,2.7149335733352373,12.293965548823325,0.003897886394156707,1.7863499125281377e-09,0.5843915111497974
extension,16,style,dynamic,Duration A,11.836061902117233,-9.547918011776346e-13,11.836061902116278,-0.02750594732103958,1.7863499125281377e-09,0.5843915111497974
extension,16,style,dynamic,Duration B,1.1663380560195156e-08,-4.000383302062099e-09,7.662997258133057e-09,3.1927453609293004e-09,1.7863499125281377e-09,0.5843915111497974
extension,16,style,dynamic,Credit A,26.663703907127484,-3.2354750493664652,23.42822885776102,-0.015510527912000163,1.7863499125281377e-09,0.5843915111497974
extension,16,style,dynamic,Credit B,13.858290263959057,3.126059581786078,16.984349845745136,0.052939427106498176,1.7863499125281377e-09,0.5843915111497974
extension,16,style,dynamic,Equity ETF,21.861858561226164,2.4658053376924727e-11,21.86185856125082,0.1166557934841658,1.7863499125281377e-09,0.5843915111497974
extension,16,style,dynamic,Duration ETF,2.5152128315231497e-09,-2.656651929963438e-09,-1.4143909844028812e-10,1.3009829731576378e-08,1.7863499125281377e-09,0.5843915111497974
extension,16,style,dynamic,Credit ETF,3.827207968956041e-09,-3.870045506746242e-09,-4.28375377902019e-11,1.0842785797222224e-08,1.7863499125281377e-09,0.5843915111497974
extension,17,style,etf_only,Equity A,16.20105337181315,-1.829070228609453e-09,16.201053369984077,3.90731772257859e-09,-2.6215049239842925e-09,1.5280366537192545e-09
extension,17,style,etf_only,Equity B,9.579031975488087,-1.8290646774943298e-09,9.579031973659022,-2.9138945263095495e-10,-2.6215049239842925e-09,1.5280366537192545e-09
extension,17,style,etf_only,Duration A,11.836061902117233,-1.8290466363701796e-09,11.836061900288186,0.037077214864389335,-2.6215049239842925e-09,1.5280366537192545e-09
extension,17,style,etf_only,Duration B,1.1663380560195156e-08,-1.0821684113524282e-08,8.416964466708742e-10,4.556876744507006e-09,-2.6215049239842925e-09,1.5280366537192545e-09
extension,17,style,etf_only,Credit A,26.663703907127484,-1.8290480241489604e-09,26.663703905298437,2.445160233476552e-09,-2.6215049239842925e-09,1.5280366537192545e-09
extension,17,style,etf_only,Credit B,13.858290263959057,-1.829050799706522e-09,13.858290262130007,7.109033535457334e-09,-2.6215049239842925e-09,1.5280366537192545e-09
extension,17,style,etf_only,Equity ETF,21.861858561226164,-1.8240992050166938e-09,21.861858559402066,-0.037357962580051425,-2.6215049239842925e-09,1.5280366537192545e-09
extension,17,style,etf_only,Duration ETF,2.5152128315231497e-09,1.0115485526336045e-08,1.2630698357859195e-08,-3.4914257249234962e-09,-2.6215049239842925e-09,1.5280366537192545e-09
extension,17,style,etf_only,Credit ETF,3.827207968956041e-09,1.4544836754975669e-08,1.8372044723931708e-08,-6.601194248793353e-09,-2.6215049239842925e-09,1.5280366537192545e-09
extension,17,style,myopic,Equity A,16.20105337181315,3.2881197764567105e-10,16.20105337214196,1.503994383627712e-09,1.2034047908905952e-09,5.923897390393146e-10
extension,17,style,myopic,Equity B,9.579031975488087,2.5096313915895507e-10,9.579031975739051,-1.3400641707406185e-10,1.2034047908905952e-09,5.923897390393146e-10
extension,17,style,myopic,Duration A,11.836061902117233,7.563519255349149e-10,11.836061902873585,0.03707721256142097,1.2034047908905952e-09,5.923897390393146e-10
extension,17,style,myopic,Duration B,1.1663380560195156e-08,-7.12243372246902e-09,4.5409468377261364e-09,-7.91852057816876e-10,1.2034047908905952e-09,5.923897390393146e-10
extension,17,style,myopic,Credit A,26.663703907127484,1.6069423569575747e-09,26.663703908734426,1.4644498808058517e-09,1.2034047908905952e-09,5.923897390393146e-10
extension,17,style,myopic,Credit B,13.858290263959057,8.15106315776859e-10,13.858290264774165,3.1444293963494703e-09,1.2034047908905952e-09,5.923897390393146e-10
extension,17,style,myopic,Equity ETF,21.861858561226164,1.353481215993213e-09,21.861858562579645,-0.03735796021343035,1.2034047908905952e-09,5.923897390393146e-10
extension,17,style,myopic,Duration ETF,2.5152128315231497e-09,2.439502560591869e-10,2.7591630875823365e-09,2.73941938563023e-09,1.2034047908905952e-09,5.923897390393146e-10
extension,17,style,myopic,Credit ETF,3.827207968956041e-09,8.20531886055849e-10,4.64773985501189e-09,2.1789161974195172e-09,1.2034047908905952e-09,5.923897390393146e-10
extension,17,style,dynamic,Equity A,16.20105337181315,1.7652379558086295e-09,16.201053373578386,-3.806143028955561e-09,1.7830203792966745e-09,8.9227939281692e-10
extension,17,style,dynamic,Equity B,9.579031975488087,1.7673140728646786e-09,9.579031977255402,-1.4740602061618775e-09,1.7830203792966745e-09,8.9227939281692e-10
extension,17,style,dynamic,Duration A,11.836061902117233,1.768282742453664e-09,11.836061903885515,0.037077202124700816,1.7830203792966745e-09,8.9227939281692e-10
extension,17,style,dynamic,Duration B,1.1663380560195156e-08,-5.755749572189847e-09,5.907630988005309e-09,3.306244990263396e-09,1.7830203792966745e-09,8.9227939281692e-10
extension,17,style,dynamic,Credit A,26.663703907127484,1.7651435868515364e-09,26.66370390889263,-3.1649189145512325e-10,1.7830203792966745e-09,8.9227939281692e-10
extension,17,style,dynamic,Credit B,13.858290263959057,1.7682660891082946e-09,13.858290265727325,4.407841234104884e-09,1.7830203792966745e-09,8.9227939281692e-10
extension,17,style,dynamic,Equity ETF,21.861858561226164,1.7657902917633805e-09,21.861858562991955,-0.03735796800576853,1.7830203792966745e-09,8.9227939281692e-10
extension,17,style,dynamic,Duration ETF,2.5152128315231497e-09,-3.0246271494645933e-09,-5.094143179414438e-10,1.4589758357348744e-08,1.7830203792966745e-09,8.9227939281692e-10
extension,17,style,dynamic,Credit ETF,3.827207968956041e-09,-3.3485671514263945e-09,4.786408175296459e-10,1.0253016833835576e-08,1.7830203792966745e-09,8.9227939281692e-10
extension,18,style,etf_only,Equity A,16.20105337181315,-1.8005957835853792e-09,16.201053370012552,0.2843272235673851,-2.466126222003128e-09,1.5181244636838693e-09
extension,18,style,etf_only,Equity B,9.579031975488087,-1.80810921790453e-09,9.579031973679978,-0.17327328431301212,-2.466126222003128e-09,1.5181244636838693e-09
extension,18,style,etf_only,Duration A,11.836061902117233,-1.8043316840632428e-09,11.8360619003129,0.08628376639158093,-2.466126222003128e-09,1.5181244636838693e-09
extension,18,style,etf_only,Duration B,1.1663380560195156e-08,-1.0819717411580177e-08,8.436631486149787e-10,2.3401534255602625e-09,-2.466126222003128e-09,1.5181244636838693e-09
extension,18,style,etf_only,Credit A,26.663703907127484,-1.8013257552240702e-09,26.66370390532616,0.20413151328517593,-2.466126222003128e-09,1.5181244636838693e-09
extension,18,style,etf_only,Credit B,13.858290263959057,-1.8073431640175386e-09,13.858290262151716,-0.25806555576594536,-2.466126222003128e-09,1.5181244636838693e-09
extension,18,style,etf_only,Equity ETF,21.861858561226164,-1.873631805260345e-09,21.86185855935253,-0.14402961300993253,-2.466126222003128e-09,1.5181244636838693e-09
extension,18,style,etf_only,Duration ETF,2.5152128315231497e-09,1.0035501364123327e-08,1.2550714195646477e-08,-3.3941360569611658e-09,-2.466126222003128e-09,1.5181244636838693e-09
extension,18,style,etf_only,Credit ETF,3.827207968956041e-09,1.4393532473872438e-08,1.822074044282848e-08,-1.0165459972511397e-08,-2.466126222003128e-09,1.5181244636838693e-09
extension,18,style,myopic,Equity A,16.20105337181315,5.285817858413644e-06,16.201058657631005,0.2843269626435984,2.7983569694264944e-09,5.301167280325337e-07
extension,18,style,myopic,Equity B,9.579031975488087,-5.288798467228961e-06,9.579026686689621,-0.17327272701687974,2.7983569694264944e-09,5.301167280325337e-07
extension,18,style,myopic,Duration A,11.836061902117233,2.8635011029010116e-10,11.836061902403582,0.08628379321465128,2.7983569694264944e-09,5.301167280325337e-07
extension,18,style,myopic,Duration B,1.1663380560195156e-08,-9.327450236806845e-09,2.335930323388313e-09,-7.520122282502432e-10,2.7983569694264944e-09,5.301167280325337e-07
extension,18,style,myopic,Credit A,26.663703907127484,1.1206036099054018e-08,26.66370391833352,0.20413145087714155,2.7983569694264944e-09,5.301167280325337e-07
extension,18,style,myopic,Credit B,13.858290263959057,-5.177386297461339e-09,13.858290258781672,-0.2580654216610201,2.7983569694264944e-09,5.301167280325337e-07
extension,18,style,myopic,Equity ETF,21.861858561226164,1.2295497953118684e-09,21.861858562455712,-0.14403001592275477,2.7983569694264944e-09,5.301167280325337e-07
extension,18,style,myopic,Duration ETF,2.5152128315231497e-09,-1.284586577885984e-09,1.2306262536371654e-09,2.322942668274215e-09,2.7983569694264944e-09,5.301167280325337e-07
extension,18,style,myopic,Credit ETF,3.827207968956041e-09,-1.7883942879422043e-09,2.0388136810138366e-09,3.3153224553352386e-10,2.7983569694264944e-09,5.301167280325337e-07
extension,18,style,dynamic,Equity A,16.20105337181315,2.2431317363042687,18.444185108117416,0.18891824443454014,1.606797127398944e-09,0.5622610067512738
extension,18,style,dynamic,Equity B,9.579031975488087,-2.826057173407327,6.752974802080761,-7.418064091676897e-09,1.606797127398944e-09,0.5622610067512738
extension,18,style,dynamic,Duration A,11.836061902117233,-5.334621633323877e-12,11.836061902111899,0.10416246591762593,1.606797127398944e-09,0.5622610067512738
extension,18,style,dynamic,Duration B,1.1663380560195156e-08,-1.309311711834261e-09,1.0354068848360896e-08,-1.1915486616122508e-10,1.606797127398944e-09,0.5622610067512738
extension,18,style,dynamic,Credit A,26.663703907127484,3.3766670274102237,30.04037093453771,0.0005634990888826741,1.606797127398944e-09,0.5622610067512738
extension,18,style,dynamic,Credit B,13.858290263959057,-2.7993641940458196,11.05892606991324,-0.06924079326466047,1.606797127398944e-09,0.5622610067512738
extension,18,style,dynamic,Equity ETF,21.861858561226164,-2.602362769721367e-11,21.86185856120014,-0.22475306449438334,1.606797127398944e-09,0.5622610067512738
extension,18,style,dynamic,Duration ETF,2.5152128315231497e-09,-2.5557232655948044e-09,-4.051043407165461e-11,1.511005640254249e-08,1.606797127398944e-09,0.5622610067512738
extension,18,style,dynamic,Credit ETF,3.827207968956041e-09,-3.7762281605823235e-09,5.0979808373717416e-11,9.520583619661748e-09,1.606797127398944e-09,0.5622610067512738
extension,19,style,etf_only,Equity A,16.20105337181315,-1.719230313668163e-09,16.201053370093916,3.667738874844612,-2.043535695783296e-09,1.4867624257654286e-09
extension,19,style,etf_only,Equity B,9.579031975488087,-1.7346707403831374e-09,9.579031973753418,-4.453922110973861,-2.043535695783296e-09,1.4867624257654286e-09
extension,19,style,etf_only,Duration A,11.836061902117233,-1.7269297103439385e-09,11.836061900390304,0.06448472348128616,-2.043535695783296e-09,1.4867624257654286e-09
extension,19,style,etf_only,Duration B,1.1663380560195156e-08,-1.0813384414065693e-08,8.49996146129465e-10,2.4658270639575043e-09,-2.043535695783296e-09,1.4867624257654286e-09
extension,19,style,etf_only,Credit A,26.663703907127484,-1.7207568703270226e-09,26.663703905406727,4.298931249327197,-2.043535695783296e-09,1.4867624257654286e-09
extension,19,style,etf_only,Credit B,13.858290263959057,-1.733110877033539e-09,13.858290262225948,-3.520648174348606,-2.043535695783296e-09,1.4867624257654286e-09
extension,19,style,etf_only,Equity ETF,21.861858561226164,-1.989064468688184e-09,21.8618585592371,-0.06460033123281626,-2.043535695783296e-09,1.4867624257654286e-09
extension,19,style,etf_only,Duration ETF,2.5152128315231497e-09,9.778963443171105e-09,1.2294176274694256e-08,-6.6287627700957754e-09,-2.043535695783296e-09,1.4867624257654286e-09
extension,19,style,etf_only,Credit ETF,3.827207968956041e-09,1.3949886061858407e-08,1.7777094030814448e-08,-1.2627305562223802e-08,-2.043535695783296e-09,1.4867624257654286e-09
extension,19,style,myopic,Equity A,16.20105337181315,6.031513657048904,22.232567028862054,0.23592927208849512,1.3015363662044824e-09,1.535138311449289
extension,19,style,myopic,Equity B,9.579031975488087,-6.92902300540105,2.650008970087038,-0.03057851114108963,1.3015363662044824e-09,1.535138311449289
extension,19,style,myopic,Duration A,11.836061902117233,2.4453467029061926e-09,11.83606190456258,0.17387580477046055,1.3015363662044824e-09,1.535138311449289
extension,19,style,myopic,Duration B,1.1663380560195156e-08,-2.327532181081252e-09,9.335848379113904e-09,-3.733341914758868e-09,1.3015363662044824e-09,1.535138311449289
extension,19,style,myopic,Credit A,26.663703907127484,9.312193761718717,35.9758976688462,0.3152384904887221,1.3015363662044824e-09,1.535138311449289
extension,19,style,myopic,Credit B,13.858290263959057,-8.430035792205318,5.428254471753741,-0.35556106898441464,1.3015363662044824e-09,1.535138311449289
extension,19,style,myopic,Equity ETF,21.861858561226164,-1.2514667080409936e-08,21.861858548711496,-0.3395748039024733,1.3015363662044824e-09,1.535138311449289
extension,19,style,myopic,Duration ETF,2.5152128315231497e-09,5.377566262970092e-09,7.892779094493243e-09,2.3840459071337456e-09,1.3015363662044824e-09,1.535138311449289
extension,19,style,myopic,Credit ETF,3.827207968956041e-09,1.7050371940660915e-09,5.532245163022132e-09,-1.1555251789732078e-09,1.3015363662044824e-09,1.535138311449289
extension,19,style,dynamic,Equity A,16.20105337181315,7.619947359153162,23.82100073096631,0.17662197983320077,3.1872361114281336e-09,2.2720429638653035
extension,19,style,dynamic,Equity B,9.579031975488087,-8.220914758757184,1.3581172167309044,-1.4225707320191923e-08,3.1872361114281336e-09,2.2720429638653035
extension,19,style,dynamic,Duration A,11.836061902117233,2.0711210524382295e-11,11.836061902137944,0.11559436185280389,3.1872361114281336e-09,2.2720429638653035
extension,19,style,dynamic,Duration B,1.1663380560195156e-08,-3.3746404724109453e-09,8.28874008778421e-09,1.6662732394798333e-08,3.1872361114281336e-09,2.2720429638653035
extension,19,style,dynamic,Credit A,26.663703907127484,15.426696006346907,42.09039991347439,1.8190120734460017e-08,3.1872361114281336e-09,2.2720429638653035
extension,19,style,dynamic,Credit B,13.858290263959057,-13.723202558787898,0.13508770517115964,-0.004952701970339819,3.1872361114281336e-09,2.2720429638653035
extension,19,style,dynamic,Equity ETF,21.861858561226164,-1.125246471399427,20.736612089826735,-0.2876416939151498,3.1872361114281336e-09,2.2720429638653035
extension,19,style,dynamic,Duration ETF,2.5152128315231497e-09,-2.23449846077414e-09,2.8071437074900955e-10,4.9303094048594034e-08,3.1872361114281336e-09,2.2720429638653035
extension,19,style,dynamic,Credit ETF,3.827207968956041e-09,-3.5299883767668996e-09,2.972195921891415e-10,2.3113959534755558e-08,3.1872361114281336e-09,2.2720429638653035
extension,20,style,etf_only,Equity A,16.20105337181315,-1.492389545276751e-09,16.201053370320757,15.064305472475837,-1.0031316288407286e-09,1.3982382921354393e-09
extension,20,style,etf_only,Equity B,9.579031975488087,-1.5247858531353131e-09,9.579031973963302,-9.61443804815213,-1.0031316288407286e-09,1.3982382921354393e-09
extension,20,style,etf_only,Duration A,11.836061902117233,-1.5085668825243204e-09,11.836061900608666,-0.09302118178984296,-1.0031316288407286e-09,1.3982382921354393e-09
extension,20,style,etf_only,Duration B,1.1663380560195156e-08,-1.07953602261571e-08,8.680203340380564e-10,3.928899635906335e-09,-1.0031316288407286e-09,1.3982382921354393e-09
extension,20,style,etf_only,Credit A,26.663703907127484,-1.4956258453935334e-09,26.66370390563186,17.44967754917032,-1.0031316288407286e-09,1.3982382921354393e-09
extension,20,style,etf_only,Credit B,13.858290263959057,-1.521516246327792e-09,13.858290262437542,-13.810938789022442,-1.0031316288407286e-09,1.3982382921354393e-09
extension,20,style,etf_only,Equity ETF,21.861858561226164,-2.2379376130032824e-09,21.861858558988224,-9.025443702342816,-1.0031316288407286e-09,1.3982382921354393e-09
extension,20,style,etf_only,Duration ETF,2.5152128315231497e-09,9.047937173976268e-09,1.1563150005499418e-08,-4.717552338350992e-09,-1.0031316288407286e-09,1.3982382921354393e-09
extension,20,style,etf_only,Credit ETF,3.827207968956041e-09,1.2780428322755391e-08,1.6607636291711432e-08,-1.3135847529380223e-08,-1.0031316288407286e-09,1.3982382921354393e-09
extension,20,style,myopic,Equity A,16.20105337181315,24.12911186153756,40.330165233350705,0.13805541017398332,1.905873419152937e-09,3.7436337417820704
extension,20,style,myopic,Equity B,9.579031975488087,-9.579031974232608,1.2554797907655004e-09,-7.800334723346918e-10,1.905873419152937e-09,3.7436337417820704
extension,20,style,myopic,Duration A,11.836061902117233,-1.8598313167306202e-08,11.83606188351892,-0.22129385924358158,1.905873419152937e-09,3.7436337417820704
extension,20,style,myopic,Duration B,1.1663380560195156e-08,-1.036157321774132e-08,1.301807342453837e-09,2.1337946337694163e-11,1.905873419152937e-09,3.7436337417820704
extension,20,style,myopic,Credit A,26.663703907127484,19.29610738131761,45.959811288445096,0.18255373152887638,1.905873419152937e-09,3.7436337417820704
extension,20,style,myopic,Credit B,13.858290263959057,-13.858290263507344,4.517143655249624e-10,-7.175343445781348e-11,1.905873419152937e-09,3.7436337417820704
extension,20,style,myopic,Equity ETF,21.861858561226164,-20.025333309571614,1.836525251654551,-0.09983683996633518,1.905873419152937e-09,3.7436337417820704
extension,20,style,myopic,Duration ETF,2.5152128315231497e-09,-2.331480983834764e-09,1.837318476883855e-10,1.3281686252700711e-09,1.905873419152937e-09,3.7436337417820704
extension,20,style,myopic,Credit ETF,3.827207968956041e-09,-3.312895356226359e-09,5.14312612729682e-10,1.186381202272416e-10,1.905873419152937e-09,3.7436337417820704
extension,20,style,dynamic,Equity A,16.20105337181315,25.043488169699614,41.24454154151277,0.07518531806226174,1.5893613790514405e-09,4.063365182565666
extension,20,style,dynamic,Equity B,9.579031975488087,-9.579031975524178,-3.608880440039889e-11,3.7585575430478046e-09,1.5893613790514405e-09,4.063365182565666
extension,20,style,dynamic,Duration A,11.836061902117233,-1.9133454351511245,9.922716466966108,-0.14227419113485706,1.5893613790514405e-09,4.063365182565666
extension,20,style,dynamic,Duration B,1.1663380560195156e-08,-1.0682013271811324e-08,9.81367288383832e-10,6.24223161005264e-09,1.5893613790514405e-09,4.063365182565666
extension,20,style,dynamic,Credit A,26.663703907127484,22.128404386588134,48.79210829371562,2.3219682448150945e-08,1.5893613790514405e-09,4.063365182565666
extension,20,style,dynamic,Credit B,13.858290263959057,-13.85829026405878,-9.972427131331939e-11,2.9993716983110865e-09,1.5893613790514405e-09,4.063365182565666
extension,20,style,dynamic,Equity ETF,21.861858561226164,-21.861858517056955,4.416920846544391e-08,0.06664689371422375,1.5893613790514405e-09,4.063365182565666
extension,20,style,dynamic,Duration ETF,2.5152128315231497e-09,-3.2195390662273244e-09,-7.043262347041747e-10,1.1720365944274615e-08,1.5893613790514405e-09,4.063365182565666
extension,20,style,dynamic,Credit ETF,3.827207968956041e-09,-3.747141951395323e-09,8.00660175607175e-11,4.588018445912198e-09,1.5893613790514405e-09,4.063365182565666
extension,21,style,etf_only,Equity A,16.196145458012655,-3.5283720389855944e-10,16.19614545765982,-16.370547984585123,-2.0939968874559266e-09,1.0462239379775667e-09
extension,21,style,etf_only,Equity B,9.582208601089777,-3.1395858135496724e-10,9.582208600775818,17.838397787070768,-2.0939968874559266e-09,1.0462239379775667e-09
extension,21,style,etf_only,Duration A,11.83526099162554,-3.3393704468309693e-10,11.835260991291603,-0.5452974574341444,-2.0939968874559266e-09,1.0462239379775667e-09
extension,21,style,etf_only,Duration B,1.1656230162441265e-08,-1.0644013828832896e-08,1.0122163336083687e-09,2.603893766159052e-10,-2.0939968874559266e-09,1.0462239379775667e-09
extension,21,style,etf_only,Credit A,26.655365146866423,-3.4888758548845544e-10,26.655365146517536,-26.794733039892073,-2.0939968874559266e-09,1.0462239379775667e-09
extension,21,style,etf_only,Credit B,13.866272171686353,-3.1829539004490925e-10,13.866272171368058,25.631628408137203,-2.0939968874559266e-09,1.0462239379775667e-09
extension,21,style,etf_only,Equity ETF,21.864747612460235,-3.436398388068085e-09,21.864747609023834,0.19690364680434314,-2.0939968874559266e-09,1.0462239379775667e-09
extension,21,style,etf_only,Duration ETF,2.5141372230820115e-09,6.191479184908176e-09,8.705616407990188e-09,-7.361177443280618e-09,-2.0939968874559266e-09,1.0462239379775667e-09
extension,21,style,etf_only,Credit ETF,3.825546265405358e-09,1.190349524014486e-08,1.572904150555022e-08,-1.160633251340003e-08,-2.0939968874559266e-09,1.0462239379775667e-09
extension,21,style,myopic,Equity A,16.196145458012655,-16.196145453113235,4.899420087699363e-09,-4.488340491852102e-09,1.9062996352899736e-09,4.2830095593821556
extension,21,style,myopic,Equity B,9.582208601089777,18.12592519940197,27.708133800491748,0.2873078894554025,1.9062996352899736e-09,4.2830095593821556
extension,21,style,myopic,Duration A,11.83526099162554,-3.8183486927856336e-08,11.835260953442054,-0.5737593236909028,1.9062996352899736e-09,4.2830095593821556
extension,21,style,myopic,Duration B,1.1656230162441265e-08,-1.0020318606491128e-08,1.6359115559501369e-09,-1.020623524998672e-09,1.9062996352899736e-09,4.2830095593821556
extension,21,style,myopic,Credit A,26.655365146866423,-26.655365145538738,1.3276818810278693e-09,-9.71867114817287e-10,1.9062996352899736e-09,4.2830095593821556
extension,21,style,myopic,Credit B,13.866272171686353,24.682755329637565,38.54902750132392,0.5341072919533371,1.9062996352899736e-09,4.2830095593821556
extension,21,style,myopic,Equity ETF,21.864747612460235,2.4974372569985803e-08,21.864747637434608,-0.2484378324738322,1.9062996352899736e-09,4.2830095593821556
extension,21,style,myopic,Duration ETF,2.5141372230820115e-09,-2.0495446471864053e-09,4.645925758956058e-10,-6.635702846935878e-11,1.9062996352899736e-09,4.2830095593821556
extension,21,style,myopic,Credit ETF,3.825546265405358e-09,-2.345591844837198e-09,1.4799544205681603e-09,-6.551108044208406e-10,1.9062996352899736e-09,4.2830095593821556
extension,21,style,dynamic,Equity A,16.196145458012655,-16.19614545796848,4.417520871719955e-11,4.297961831670433e-09,5.8469279493999354e-09,4.815521990897364
extension,21,style,dynamic,Equity B,9.582208601089777,18.408412459149382,27.990621060239157,0.2324025768529973,5.8469279493999354e-09,4.815521990897364
extension,21,style,dynamic,Duration A,11.83526099162554,-5.299293375925641,6.5359676156998985,-0.22900215668798557,5.8469279493999354e-09,4.815521990897364
extension,21,style,dynamic,Duration B,1.1656230162441265e-08,-1.0794013950191918e-08,8.622162122493467e-10,8.448862329537906e-09,5.8469279493999354e-09,4.815521990897364
extension,21,style,dynamic,Credit A,26.655365146866423,-26.6553651468095,5.6921839602168006e-11,3.956621669287296e-09,5.8469279493999354e-09,4.815521990897364
extension,21,style,dynamic,Credit B,13.866272171686353,29.73494135003032,43.60121352171667,0.25379572219941327,5.8469279493999354e-09,4.815521990897364
extension,21,style,dynamic,Equity ETF,21.864747612460235,-0.040705037530155974,21.82404257493008,-0.2576467220214959,5.8469279493999354e-09,4.815521990897364
extension,21,style,dynamic,Duration ETF,2.5141372230820115e-09,-2.264713175066412e-09,2.4942404801559935e-10,1.1137571613077495e-08,5.8469279493999354e-09,4.815521990897364
extension,21,style,dynamic,Credit ETF,3.825546265405358e-09,-3.3799845220080674e-09,4.4556174339729065e-10,8.591570576870633e-09,5.8469279493999354e-09,4.815521990897364
extension,22,style,etf_only,Equity A,16.196145458012655,-1.8347517949379721e-09,16.196145456177906,-6.397945528192387,-2.617123090858065e-09,1.5269199198726715e-09
extension,22,style,etf_only,Equity B,9.582208601089777,-1.8198859086382413e-09,9.58220859926989,6.69661303238154,-2.617123090858065e-09,1.5269199198726715e-09
extension,22,style,etf_only,Duration A,11.83526099162554,-1.827298035106395e-09,11.835260989798241,-0.019698596503074806,-2.617123090858065e-09,1.5269199198726715e-09
extension,22,style,etf_only,Duration B,1.1656230162441265e-08,-1.0815017152702522e-08,8.412130097387428e-10,3.2861649087752945e-09,-2.617123090858065e-09,1.5269199198726715e-09
extension,22,style,etf_only,Credit A,26.655365146866423,-1.8332391160669204e-09,26.655365145033183,-9.256650790728408,-2.617123090858065e-09,1.5269199198726715e-09
extension,22,style,etf_only,Credit B,13.866272171686353,-1.821354178588308e-09,13.866272169864999,8.789870572023393,-2.617123090858065e-09,1.5269199198726715e-09
extension,22,style,etf_only,Equity ETF,21.864747612460235,-1.8253093481135352e-09,21.864747610634925,0.17219649471392387,-2.617123090858065e-09,1.5269199198726715e-09
extension,22,style,etf_only,Duration ETF,2.5141372230820115e-09,1.0106966237566525e-08,1.2621103460648538e-08,-7.259765776835049e-09,-2.617123090858065e-09,1.5269199198726715e-09
extension,22,style,etf_only,Credit ETF,3.825546265405358e-09,1.4534854942852622e-08,1.836040120825798e-08,-1.0741468244129176e-08,-2.617123090858065e-09,1.5269199198726715e-09
extension,22,style,myopic,Equity A,16.196145458012655,-6.02686644280928,10.169279015203376,-0.7940824376882032,1.8363063646704633e-09,1.5329924735162488
extension,22,style,myopic,Equity B,9.582208601089777,6.920645322551504,16.502853923641283,0.4012348048788434,1.8363063646704633e-09,1.5329924735162488
extension,22,style,myopic,Duration A,11.83526099162554,5.147313131281805e-10,11.835260992140272,-0.06952485677959583,1.8363063646704633e-09,1.5329924735162488
extension,22,style,myopic,Duration B,1.1656230162441265e-08,-7.67842270834202e-09,3.977807454099245e-09,-1.887625543418432e-09,1.8363063646704633e-09,1.5329924735162488
extension,22,style,myopic,Credit A,26.655365146866423,-9.310723256217383,17.34464189064904,-1.0088097492408905,1.8363063646704633e-09,1.5329924735162488
extension,22,style,myopic,Credit B,13.866272171686353,8.401614428853158,22.267886600539512,1.2542646987682176,1.8363063646704633e-09,1.5329924735162488
extension,22,style,myopic,Equity ETF,21.864747612460235,2.8660404605140855e-08,21.864747641120637,0.2150961736959023,1.8363063646704633e-09,1.5329924735162488
extension,22,style,myopic,Duration ETF,2.5141372230820115e-09,-3.869554900069225e-10,2.1271817330750887e-09,3.440060334702836e-09,1.8363063646704633e-09,1.5329924735162488
extension,22,style,myopic,Credit ETF,3.825546265405358e-09,2.0388556067517765e-10,4.029431826080536e-09,-1.6327896003397768e-09,1.8363063646704633e-09,1.5329924735162488
extension,22,style,dynamic,Equity A,16.196145458012655,-9.465276916960649,6.730868541052007,-0.1340093895559869,3.0417740483519584e-09,2.6895329739542237
extension,22,style,dynamic,Equity B,9.582208601089777,9.078221842821145,18.660430443910922,0.07780332175292806,3.0417740483519584e-09,2.6895329739542237
extension,22,style,dynamic,Duration A,11.83526099162554,-1.0025313912365164e-11,11.835260991615515,-0.09617357739731146,3.0417740483519584e-09,2.6895329739542237
extension,22,style,dynamic,Duration B,1.1656230162441265e-08,-4.009966853321219e-09,7.646263309120046e-09,-2.5921679067167777e-10,3.0417740483519584e-09,2.6895329739542237
extension,22,style,dynamic,Credit A,26.655365146866423,-18.031087323217715,8.62427782364871,-0.05827545999529547,3.0417740483519584e-09,2.6895329739542237
extension,22,style,dynamic,Credit B,13.866272171686353,16.43262426601938,30.298896437705736,0.08525074307228488,3.0417740483519584e-09,2.6895329739542237
extension,22,style,dynamic,Equity ETF,21.864747612460235,1.958622808976787,23.82337042143702,0.1250424437791731,3.0417740483519584e-09,2.6895329739542237
extension,22,style,dynamic,Duration ETF,2.5141372230820115e-09,-2.4534847093618936e-09,6.065251372011777e-11,6.459309305921412e-09,3.0417740483519584e-09,2.6895329739542237
extension,22,style,dynamic,Credit ETF,3.825546265405358e-09,-3.6836783858210243e-09,1.4186787958433372e-10,9.088365641785418e-09,3.0417740483519584e-09,2.6895329739542237
extension,23,style,etf_only,Equity A,16.196145458012655,-1.8317292127534301e-09,16.196145456180925,-0.7080164951437519,-2.620207626307392e-09,1.5272253887901671e-09
extension,23,style,etf_only,Equity B,9.582208601089777,-1.824294881824784e-09,9.582208599265481,0.48256412146064476,-2.620207626307392e-09,1.5272253887901671e-09
extension,23,style,etf_only,Duration A,11.83526099162554,-1.827990536718005e-09,11.83526098979755,-0.01752763951888285,-2.620207626307392e-09,1.5272253887901671e-09
extension,23,style,etf_only,Duration B,1.1656230162441265e-08,-1.081506799961949e-08,8.411621628217745e-10,2.3786701389766235e-09,-2.620207626307392e-09,1.5272253887901671e-09
extension,23,style,etf_only,Credit A,26.655365146866423,-1.830968709981562e-09,26.655365145035454,-0.3746172971112138,-2.620207626307392e-09,1.5272253887901671e-09
extension,23,style,etf_only,Credit B,13.866272171686353,-1.825017914569571e-09,13.866272169861334,0.5364342072416496,-2.620207626307392e-09,1.5272253887901671e-09
extension,23,style,etf_only,Equity ETF,21.864747612460235,-1.8252399591744961e-09,21.864747610634993,0.07999192850431383,-2.620207626307392e-09,1.5272253887901671e-09
extension,23,style,etf_only,Duration ETF,2.5141372230820115e-09,1.0109624885823992e-08,1.2623762108906004e-08,-5.294137756774145e-09,-2.620207626307392e-09,1.5272253887901671e-09
extension,23,style,etf_only,Credit ETF,3.825546265405358e-09,1.4538731455842752e-08,1.8364277721248112e-08,-1.1523608390778649e-08,-2.620207626307392e-09,1.5272253887901671e-09
extension,23,style,myopic,Equity A,16.196145458012655,-9.704228531859371e-08,16.19614536097037,-0.708016826510813,3.5249277608111533e-09,1.0897859738189181e-08
extension,23,style,myopic,Equity B,9.582208601089777,1.0695622165712848e-07,9.582208708045998,0.4825643772891276,3.5249277608111533e-09,1.0897859738189181e-08
extension,23,style,myopic,Duration A,11.83526099162554,-1.2448375663609568e-12,11.835260991624295,-0.017527637704484872,3.5249277608111533e-09,1.0897859738189181e-08
extension,23,style,myopic,Duration B,1.1656230162441265e-08,-9.573615471725792e-09,2.082614690715473e-09,-3.26282101837832e-10,3.5249277608111533e-09,1.0897859738189181e-08
extension,23,style,myopic,Credit A,26.655365146866423,-1.4682310922609076e-09,26.655365145398193,-0.3746171570707845,3.5249277608111533e-09,1.0897859738189181e-08
extension,23,style,myopic,Credit B,13.866272171686353,1.4412915305683782e-09,13.866272173127644,0.5364341416709979,3.5249277608111533e-09,1.0897859738189181e-08
extension,23,style,myopic,Equity ETF,21.864747612460235,1.4155343563970746e-12,21.86474761246165,0.07999191804663755,3.5249277608111533e-09,1.0897859738189181e-08
extension,23,style,myopic,Duration ETF,2.5141372230820115e-09,-1.5956919868896089e-09,9.184452361924027e-10,1.764730691965542e-09,3.5249277608111533e-09,1.0897859738189181e-08
extension,23,style,myopic,Credit ETF,3.825546265405358e-09,-2.088654618604002e-09,1.7368916468013562e-09,2.495197086274379e-10,3.5249277608111533e-09,1.0897859738189181e-08
extension,23,style,dynamic,Equity A,16.196145458012655,-3.125093259832501,13.071052198180155,-0.17212222005381975,1.9201206881533546e-09,0.7663099410015352
extension,23,style,dynamic,Equity B,9.582208601089777,3.33749819823337,12.919706799323146,0.034363919869025795,1.9201206881533546e-09,0.7663099410015352
extension,23,style,dynamic,Duration A,11.83526099162554,-8.784639682346551e-13,11.835260991624661,-0.03667527908802308,1.9201206881533546e-09,0.7663099410015352
extension,23,style,dynamic,Duration B,1.1656230162441265e-08,-3.939169543955457e-09,7.717060618485808e-09,-2.936244830691731e-10,1.9201206881533546e-09,0.7663099410015352
extension,23,style,dynamic,Credit A,26.655365146866423,-4.5418376922679995,22.113527454598422,-0.07070578111847603,1.9201206881533546e-09,0.7663099410015352
extension,23,style,dynamic,Credit B,13.866272171686353,4.321769663171374,18.188041834857728,0.1032826149870406,1.9201206881533546e-09,0.7663099410015352
extension,23,style,dynamic,Equity ETF,21.864747612460235,1.6153745008296028e-11,21.864747612476386,0.1414699076414378,1.9201206881533546e-09,0.7663099410015352
extension,23,style,dynamic,Duration ETF,2.5141372230820115e-09,-2.615168682932763e-09,-1.0103145985075208e-10,6.08434212513837e-09,1.9201206881533546e-09,0.7663099410015352
extension,23,style,dynamic,Credit ETF,3.825546265405358e-09,-3.8322040628161335e-09,-6.657797410775789e-12,5.3073108849812446e-09,1.9201206881533546e-09,0.7663099410015352
extension,24,style,etf_only,Equity A,16.196145458012655,-1.8282347857834225e-09,16.19614545618442,3.98415159304115e-09,-2.6211874904403532e-09,1.5273224233176948e-09
extension,24,style,etf_only,Equity B,9.582208601089777,-1.8282306224470801e-09,9.582208599261547,-4.296891581861546e-10,-2.6211874904403532e-09,1.5273224233176948e-09
extension,24,style,etf_only,Duration A,11.83526099162554,-1.8282098057653684e-09,11.83526098979733,0.03707691244132596,-2.6211874904403532e-09,1.5273224233176948e-09
extension,24,style,etf_only,Duration B,1.1656230162441265e-08,-1.081508412560279e-08,8.411460368384746e-10,4.5755977641885e-09,-2.6211874904403532e-09,1.5273224233176948e-09
extension,24,style,etf_only,Credit A,26.655365146866423,-1.8282153568804915e-09,26.655365145038207,2.5952356022754035e-09,-2.6211874904403532e-09,1.5273224233176948e-09
extension,24,style,etf_only,Credit B,13.866272171686353,-1.8282153568804915e-09,13.866272169858137,7.584440527542446e-09,-2.6211874904403532e-09,1.5273224233176948e-09
extension,24,style,etf_only,Equity ETF,21.864747612460235,-1.825214979156442e-09,21.864747610635018,-0.03735765908427901,-2.6211874904403532e-09,1.5273224233176948e-09
extension,24,style,etf_only,Duration ETF,2.5141372230820115e-09,1.011046884286394e-08,1.2624606065945951e-08,-3.462621969968297e-09,-2.6211874904403532e-09,1.5273224233176948e-09
extension,24,style,etf_only,Credit ETF,3.825546265405358e-09,1.4539962210465239e-08,1.8365508475870597e-08,-6.6034549640145786e-09,-2.6211874904403532e-09,1.5273224233176948e-09
extension,24,style,myopic,Equity A,16.196145458012655,3.2882585543347886e-10,16.196145458341483,1.5016046072167634e-09,1.2027902370102485e-09,5.920703084988456e-10
extension,24,style,myopic,Equity B,9.582208601089777,2.5116020374582604e-10,9.582208601340938,-1.9159170243899537e-10,1.2027902370102485e-09,5.920703084988456e-10
extension,24,style,myopic,Duration A,11.83526099162554,7.559244896704342e-10,11.835260992381464,0.03707691007330035,1.2027902370102485e-09,5.920703084988456e-10
extension,24,style,myopic,Duration B,1.1656230162441265e-08,-7.118455621848642e-09,4.537774540592623e-09,-7.734143177499278e-10,1.2027902370102485e-09,5.920703084988456e-10
extension,24,style,myopic,Credit A,26.655365146866423,1.6058376850480727e-09,26.65536514847226,1.5272573216779535e-09,1.2027902370102485e-09,5.920703084988456e-10
extension,24,style,myopic,Credit B,13.866272171686353,8.14598388743093e-10,13.86627217250095,3.1617994467261546e-09,1.2027902370102485e-09,5.920703084988456e-10
extension,24,style,myopic,Equity ETF,21.864747612460235,1.3524986686164198e-09,21.86474761381273,-0.037357656112340556,1.2027902370102485e-09,5.920703084988456e-10
extension,24,style,myopic,Duration ETF,2.5141372230820115e-09,2.4339007960677686e-10,2.7575273026887883e-09,2.7540003892852606e-09,1.2027902370102485e-09,5.920703084988456e-10
extension,24,style,myopic,Credit ETF,3.825546265405358e-09,8.206210654952199e-10,4.646167330900578e-09,2.1924239976763572e-09,1.2027902370102485e-09,5.920703084988456e-10
extension,24,style,dynamic,Equity A,16.196145458012655,1.7035456378877711e-09,16.196145459716202,-3.682738718680825e-09,1.9682184167201214e-09,8.708592037128403e-10
extension,24,style,dynamic,Equity B,9.582208601089777,1.705317831390829e-09,9.582208602795095,-1.6274353365998745e-09,1.9682184167201214e-09,8.708592037128403e-10
extension,24,style,dynamic,Duration A,11.83526099162554,1.7071066782392563e-09,11.835260993332646,0.03707689969721065,1.9682184167201214e-09,8.708592037128403e-10
extension,24,style,dynamic,Duration B,1.1656230162441265e-08,-5.712684903153078e-09,5.943545259288188e-09,3.738879081250491e-09,1.9682184167201214e-09,8.708592037128403e-10
extension,24,style,dynamic,Credit A,26.655365146866423,1.7046974942758197e-09,26.65536514857112,-3.3336958727724613e-10,1.9682184167201214e-09,8.708592037128403e-10
extension,24,style,dynamic,Credit B,13.866272171686353,1.7068985114221391e-09,13.866272173393252,3.348369530360612e-09,1.9682184167201214e-09,8.708592037128403e-10
extension,24,style,dynamic,Equity ETF,21.864747612460235,1.7068180202528538e-09,21.86474761416705,-0.03735766376971841,1.9682184167201214e-09,8.708592037128403e-10
extension,24,style,dynamic,Duration ETF,2.5141372230820115e-09,-2.955647991251428e-09,-4.4151076816941666e-10,1.481010367107267e-08,1.9682184167201214e-09,8.708592037128403e-10
extension,24,style,dynamic,Credit ETF,3.825546265405358e-09,-3.2798665332154974e-09,5.456797321898604e-10,1.0555528092475431e-08,1.9682184167201214e-09,8.708592037128403e-10
extension,25,style,etf_only,Equity A,16.196145458012655,-1.7998491586013188e-09,16.196145456212808,0.47055796136818706,-2.466306798544198e-09,1.517445745801573e-09
extension,25,style,etf_only,Equity B,9.582208601089777,-1.8073570418053464e-09,9.58220859928242,-0.4928111225821339,-2.466306798544198e-09,1.517445745801573e-09
extension,25,style,etf_only,Duration A,11.83526099162554,-1.80358089574284e-09,11.83526098982196,0.08963868331675459,-2.466306798544198e-09,1.517445745801573e-09
extension,25,style,etf_only,Duration B,1.1656230162441265e-08,-1.0813124313051526e-08,8.431058493897405e-10,2.6678779455476113e-09,-2.466306798544198e-09,1.517445745801573e-09
extension,25,style,etf_only,Credit A,26.655365146866423,-1.8005819057975714e-09,26.65536514506584,0.49141688461763383,-2.466306798544198e-09,1.517445745801573e-09
extension,25,style,etf_only,Credit B,13.866272171686353,-1.806585436803232e-09,13.866272169879768,-0.4490901839135998,-2.466306798544198e-09,1.517445745801573e-09
extension,25,style,etf_only,Equity ETF,21.864747612460235,-1.8746337815400693e-09,21.8647476105856,-0.1107926664969023,-2.466306798544198e-09,1.517445745801573e-09
extension,25,style,etf_only,Duration ETF,2.5141372230820115e-09,1.0030795063180394e-08,1.2544932286262407e-08,-1.6220817202803667e-09,-2.466306798544198e-09,1.517445745801573e-09
extension,25,style,etf_only,Credit ETF,3.825546265405358e-09,1.4389161565853605e-08,1.8214707831258964e-08,-1.0157634707195229e-08,-2.466306798544198e-09,1.517445745801573e-09
extension,25,style,myopic,Equity A,16.196145458012655,5.275260739345811e-06,16.196150733273395,0.4705572815917419,2.797717470498237e-09,5.290589210499733e-07
extension,25,style,myopic,Equity B,9.582208601089777,-5.278217986293132e-06,9.582203322871791,-0.49281020048934576,2.797717470498237e-09,5.290589210499733e-07
extension,25,style,myopic,Duration A,11.83526099162554,2.8635704918400506e-10,11.835260991911897,0.08963870960789785,2.797717470498237e-09,5.290589210499733e-07
extension,25,style,myopic,Duration B,1.1656230162441265e-08,-9.323253177661842e-09,2.332976984779424e-09,-3.171294664694786e-11,2.797717470498237e-09,5.290589210499733e-07
extension,25,style,myopic,Credit A,26.655365146866423,1.1192480275923344e-08,26.655365158058903,0.4914166937794886,2.797717470498237e-09,5.290589210499733e-07
extension,25,style,myopic,Credit B,13.866272171686353,-5.177647199872126e-09,13.866272166508706,-0.44908998879643447,2.797717470498237e-09,5.290589210499733e-07
extension,25,style,myopic,Equity ETF,21.864747612460235,1.2270046090279152e-09,21.86474761368724,-0.11079294679067887,2.797717470498237e-09,5.290589210499733e-07
extension,25,style,myopic,Duration ETF,2.5141372230820115e-09,-1.2853228327118095e-09,1.2288143903702017e-09,4.137186004149767e-09,2.797717470498237e-09,5.290589210499733e-07
extension,25,style,myopic,Credit ETF,3.825546265405358e-09,-1.787566702959962e-09,2.037979562445396e-09,7.946540368541271e-10,2.797717470498237e-09,5.290589210499733e-07
extension,25,style,dynamic,Equity A,16.196145458012655,2.7714194676924624,18.96756492570512,0.20491041253925518,1.5624186609753364e-09,0.7454023690312892
extension,25,style,dynamic,Equity B,9.582208601089777,-3.46705601814026,6.115152582949517,-1.7563917351776096e-08,1.5624186609753364e-09,0.7454023690312892
extension,25,style,dynamic,Duration A,11.83526099162554,1.9720336474904343e-12,11.835260991627512,0.12188977713571503,1.5624186609753364e-09,0.7454023690312892
extension,25,style,dynamic,Duration B,1.1656230162441265e-08,-3.743536897097474e-09,7.912693265343792e-09,3.0349489646227887e-09,1.5624186609753364e-09,0.7454023690312892
extension,25,style,dynamic,Credit A,26.655365146866423,4.67887721204161,31.334242358908032,0.05702589663896902,1.5624186609753364e-09,0.7454023690312892
extension,25,style,dynamic,Credit B,13.866272171686353,-3.990694676448661,9.875577495237692,-0.15008097190596806,1.5624186609753364e-09,0.7454023690312892
extension,25,style,dynamic,Equity ETF,21.864747612460235,-3.0223046287858324e-11,21.864747612430012,-0.234160860505631,1.5624186609753364e-09,0.7454023690312892
extension,25,style,dynamic,Duration ETF,2.5141372230820115e-09,-2.725715386517411e-09,-2.1157816343539984e-10,1.4976636843037482e-08,1.5624186609753364e-09,0.7454023690312892
extension,25,style,dynamic,Credit ETF,3.825546265405358e-09,-3.6372680866389776e-09,1.882781787663804e-10,9.837677045353411e-09,1.5624186609753364e-09,0.7454023690312892
extension,26,style,etf_only,Equity A,16.196145458012655,-1.7185752820836342e-09,16.19614545629408,5.774388804350084,-2.044087977800838e-09,1.486120875082874e-09
extension,26,style,etf_only,Equity B,9.582208601089777,-1.73400044323202e-09,9.582208599355777,-6.937827096235244,-2.044087977800838e-09,1.486120875082874e-09
extension,26,style,etf_only,Duration A,11.83526099162554,-1.7262649643079442e-09,11.835260989899275,0.05476631123624405,-2.044087977800838e-09,1.486120875082874e-09
extension,26,style,etf_only,Duration B,1.1656230162441265e-08,-1.0806798062239404e-08,8.494321002018613e-10,5.1088909882457e-09,-2.044087977800838e-09,1.486120875082874e-09
extension,26,style,etf_only,Credit A,26.655365146866423,-1.7200962876273707e-09,26.655365145146327,9.300759651105704,-2.044087977800838e-09,1.486120875082874e-09
extension,26,style,etf_only,Credit B,13.866272171686353,-1.7324364165460793e-09,13.866272169953916,-8.014747106637266,-2.044087977800838e-09,1.486120875082874e-09
extension,26,style,etf_only,Equity ETF,21.864747612460235,-1.9900525671801006e-09,21.864747610470182,-0.1924202868834647,-2.044087977800838e-09,1.486120875082874e-09
extension,26,style,etf_only,Duration ETF,2.5141372230820115e-09,9.774612973752688e-09,1.2288750196834699e-08,-1.6206402972403712e-09,-2.044087977800838e-09,1.486120875082874e-09
extension,26,style,etf_only,Credit ETF,3.825546265405358e-09,1.3945949573119788e-08,1.7771495838525146e-08,-1.1127950382690636e-08,-2.044087977800838e-09,1.486120875082874e-09
extension,26,style,myopic,Equity A,16.196145458012655,6.026068190350781,22.222213648363436,0.4127318357904533,1.3062376565597597e-09,1.5332293967415462
extension,26,style,myopic,Equity B,9.582208601089777,-6.922436773155964,2.6597718279338127,-0.43891463011838117,1.3062376565597597e-09,1.5332293967415462
extension,26,style,myopic,Duration A,11.83526099162554,2.438702018103811e-09,11.835260994064242,0.09370780352297226,1.3062376565597597e-09,1.5332293967415462
extension,26,style,myopic,Duration B,1.1656230162441265e-08,-2.357217697750212e-09,9.299012464691053e-09,-4.303493675686073e-09,1.3062376565597597e-09,1.5332293967415462
extension,26,style,myopic,Credit A,26.655365146866423,9.298559625957504,35.953924772823925,1.0229341736893136,1.3062376565597597e-09,1.5332293967415462
extension,26,style,myopic,Credit B,13.866272171686353,-8.417523332760519,5.448748838925834,-0.7183730589243573,1.3062376565597597e-09,1.5332293967415462
extension,26,style,myopic,Equity ETF,21.864747612460235,-1.2504713930994171e-08,21.86474759995552,-0.37356687717777926,1.3062376565597597e-09,1.5332293967415462
extension,26,style,myopic,Duration ETF,2.5141372230820115e-09,5.344581257970608e-09,7.85871848105262e-09,3.1198599804566533e-09,1.3062376565597597e-09,1.5332293967415462
extension,26,style,myopic,Credit ETF,3.825546265405358e-09,1.6763068323610474e-09,5.501853097766405e-09,-2.2316634970918096e-09,1.3062376565597597e-09,1.5332293967415462
extension,26,style,dynamic,Equity A,16.196145458012655,9.570968373845584,25.76711383185824,0.20056331314946876,2.042847531760761e-09,2.506445487957554
extension,26,style,dynamic,Equity B,9.582208601089777,-9.504722444046156,0.07748615704362191,-0.002475069552197894,2.042847531760761e-09,2.506445487957554
extension,26,style,dynamic,Duration A,11.83526099162554,1.0658141036401503e-12,11.835260991626606,0.058171217461839425,2.042847531760761e-09,2.506445487957554
extension,26,style,dynamic,Duration B,1.1656230162441265e-08,-1.7659209834044114e-09,9.890309179036853e-09,1.072589263531455e-08,2.042847531760761e-09,2.506445487957554
extension,26,style,dynamic,Credit A,26.655365146866423,16.212093929322176,42.867459076188595,0.03061469177025546,2.042847531760761e-09,2.506445487957554
extension,26,style,dynamic,Credit B,13.866272171686353,-13.866272140939607,3.074674775998974e-08,-5.3139515304428934e-09,2.042847531760761e-09,2.506445487957554
extension,26,style,dynamic,Equity ETF,21.864747612460235,-2.4371321669951653,19.42761544546507,-0.287278222386744,2.042847531760761e-09,2.506445487957554
extension,26,style,dynamic,Duration ETF,2.5141372230820115e-09,-2.443089491417385e-09,7.104773166462653e-11,3.651324023602158e-08,2.042847531760761e-09,2.506445487957554
extension,26,style,dynamic,Credit ETF,3.825546265405358e-09,-3.638198453628842e-09,1.8734781177651636e-10,1.5941150396166734e-08,2.042847531760761e-09,2.506445487957554
extension,27,style,etf_only,Equity A,16.196145458012655,-1.4919232516064085e-09,16.196145456520732,23.44603870725944,-1.0044495873940992e-09,1.39767395903414e-09
extension,27,style,etf_only,Equity B,9.582208601089777,-1.5242834772166702e-09,9.582208599565494,-9.675635131591442,-1.0044495873940992e-09,1.39767395903414e-09
extension,27,style,etf_only,Duration A,11.83526099162554,-1.508079772172266e-09,11.83526099011746,-0.27710410228658766,-1.0044495873940992e-09,1.39767395903414e-09
extension,27,style,etf_only,Duration B,1.1656230162441265e-08,-1.078878830123604e-08,8.674418612052256e-10,8.352565273292846e-10,-1.0044495873940992e-09,1.39767395903414e-09
extension,27,style,etf_only,Credit A,26.655365146866423,-1.4951484494929446e-09,26.655365145371274,19.937498270067124,-1.0044495873940992e-09,1.39767395903414e-09
extension,27,style,etf_only,Credit B,13.866272171686353,-1.5210166459667107e-09,13.866272170165336,-13.926590453237814,-1.0044495873940992e-09,1.39767395903414e-09
extension,27,style,etf_only,Equity ETF,21.864747612460235,-2.238886853689337e-09,21.864747610221347,-19.541747052412166,-1.0044495873940992e-09,1.39767395903414e-09
extension,27,style,etf_only,Duration ETF,2.5141372230820115e-09,9.044330803223698e-09,1.155846802630571e-08,-8.640288544905524e-09,-1.0044495873940992e-09,1.39767395903414e-09
extension,27,style,etf_only,Credit ETF,3.825546265405358e-09,1.277738055056635e-08,1.660292681597171e-08,-1.5366798024853683e-08,-1.0044495873940992e-09,1.39767395903414e-09
extension,27,style,myopic,Equity A,16.196145458012655,24.102340388398964,40.298485846411616,0.39042438284829634,1.8894859038932205e-09,3.7421408744153553
extension,27,style,myopic,Equity B,9.582208601089777,-9.582208599839124,1.250652017435235e-09,-1.0033297421478077e-09,1.8894859038932205e-09,3.7421408744153553
extension,27,style,myopic,Duration A,11.83526099162554,-1.8291759773525484e-08,11.83526097333378,-0.43489030381144,1.8894859038932205e-09,3.7421408744153553
extension,27,style,myopic,Duration B,1.1656230162441265e-08,-1.0354372969410774e-08,1.301857193030491e-09,-4.278895773523343e-10,1.8894859038932205e-09,3.7421408744153553
extension,27,style,myopic,Credit A,26.655365146866423,19.296774214690792,45.952139361557215,0.7443145624086,1.8894859038932205e-09,3.7421408744153553
extension,27,style,myopic,Credit B,13.866272171686353,-13.86627217123679,4.4956135741963175e-10,-2.459502099147914e-10,1.8894859038932205e-09,3.7421408744153553
extension,27,style,myopic,Equity ETF,21.864747612460235,-19.988055208092455,1.8766924043677788,-0.7008623030165277,1.8894859038932205e-09,3.7421408744153553
extension,27,style,myopic,Duration ETF,2.5141372230820115e-09,-2.3319020774731236e-09,1.8223514560888746e-10,1.1665650492977866e-09,1.8894859038932205e-09,3.7421408744153553
extension,27,style,myopic,Credit ETF,3.825546265405358e-09,-3.313879605996199e-09,5.116666594091592e-10,-1.5496434758335717e-10,1.8894859038932205e-09,3.7421408744153553
extension,27,style,dynamic,Equity A,16.196145458012655,25.325597672830074,41.52174313084273,0.19782034861367337,-8.72798198731789e-11,4.254905312072162
extension,27,style,dynamic,Equity B,9.582208601089777,-9.582208601141682,-5.190617233521843e-11,5.901940270499744e-10,-8.72798198731789e-11,4.254905312072162
extension,27,style,dynamic,Duration A,11.83526099162554,-3.816523531460958,8.018737460164582,-0.2516819756735961,-8.72798198731789e-11,4.254905312072162
extension,27,style,dynamic,Duration B,1.1656230162441265e-08,-1.0980453701616004e-08,6.757764608252614e-10,7.939653676239412e-10,-8.72798198731789e-11,4.254905312072162
extension,27,style,dynamic,Credit A,26.655365146866423,23.761605206519093,50.416970353385516,0.05336883473808496,-8.72798198731789e-11,4.254905312072162
extension,27,style,dynamic,Credit B,13.866272171686353,-13.866272171827346,-1.4099363497441565e-10,6.249634653414999e-10,-8.72798198731789e-11,4.254905312072162
extension,27,style,dynamic,Equity ETF,21.864747612460235,-21.864747609564102,2.8961338726189767e-09,-7.53174137239156e-10,-8.72798198731789e-11,4.254905312072162
extension,27,style,dynamic,Duration ETF,2.5141372230820115e-09,-2.7678846841088583e-09,-2.5374746102684695e-10,2.1086888211043417e-09,-8.72798198731789e-11,4.254905312072162
extension,27,style,dynamic,Credit ETF,3.825546265405358e-09,-4.3770697501262e-09,-5.515234847208418e-10,1.3863529693331173e-09,-8.72798198731789e-11,4.254905312072162
extension,28,style,etf_only,Equity A,16.196145458012655,-3.5283720389855944e-10,16.19614545765982,-13.364514780882553,-2.0939968874559266e-09,1.0462239379775667e-09
extension,28,style,etf_only,Equity B,9.582208601089777,-3.1395858135496724e-10,9.582208600775818,14.220251027412129,-2.0939968874559266e-09,1.0462239379775667e-09
extension,28,style,etf_only,Duration A,11.83526099162554,-3.3393704468309693e-10,11.835260991291603,-0.13180318986459083,-2.0939968874559266e-09,1.0462239379775667e-09
extension,28,style,etf_only,Duration B,1.1656230162441265e-08,-1.0644013828832896e-08,1.0122163336083687e-09,1.0007847086771124e-09,-2.0939968874559266e-09,1.0462239379775667e-09
extension,28,style,etf_only,Credit A,26.655365146866423,-3.4888758548845544e-10,26.655365146517536,-24.39483312639206,-2.0939968874559266e-09,1.0462239379775667e-09
extension,28,style,etf_only,Credit B,13.866272171686353,-3.1829539004490925e-10,13.866272171368058,22.7033795326477,-2.0939968874559266e-09,1.0462239379775667e-09
extension,28,style,etf_only,Equity ETF,21.864747612460235,-3.436398388068085e-09,21.864747609023834,0.9299271713433883,-2.0939968874559266e-09,1.0462239379775667e-09
extension,28,style,etf_only,Duration ETF,2.5141372230820115e-09,6.191479184908176e-09,8.705616407990188e-09,-6.204967439229435e-09,-2.0939968874559266e-09,1.0462239379775667e-09
extension,28,style,etf_only,Credit ETF,3.825546265405358e-09,1.190349524014486e-08,1.572904150555022e-08,-7.937652083913818e-09,-2.0939968874559266e-09,1.0462239379775667e-09
extension,28,style,myopic,Equity A,16.196145458012655,-16.196145453113235,4.899420087699363e-09,-2.764435998980832e-09,1.9062996352899736e-09,4.2830095593821556
extension,28,style,myopic,Equity B,9.582208601089777,18.12592519940197,27.708133800491748,0.001980184188997967,1.9062996352899736e-09,4.2830095593821556
extension,28,style,myopic,Duration A,11.83526099162554,-3.8183486927856336e-08,11.835260953442054,-0.3446152258787986,1.9062996352899736e-09,4.2830095593821556
extension,28,style,myopic,Duration B,1.1656230162441265e-08,-1.0020318606491128e-08,1.6359115559501369e-09,3.662335103553151e-11,1.9062996352899736e-09,4.2830095593821556
extension,28,style,myopic,Credit A,26.655365146866423,-26.655365145538738,1.3276818810278693e-09,-1.550065807789885e-10,1.9062996352899736e-09,4.2830095593821556
extension,28,style,myopic,Credit B,13.866272171686353,24.682755329637565,38.54902750132392,0.14971059922947766,1.9062996352899736e-09,4.2830095593821556
extension,28,style,myopic,Equity ETF,21.864747612460235,2.4974372569985803e-08,21.864747637434608,0.1925192437560538,1.9062996352899736e-09,4.2830095593821556
extension,28,style,myopic,Duration ETF,2.5141372230820115e-09,-2.0495446471864053e-09,4.645925758956058e-10,2.157193670843332e-09,1.9062996352899736e-09,4.2830095593821556
extension,28,style,myopic,Credit ETF,3.825546265405358e-09,-2.345591844837198e-09,1.4799544205681603e-09,1.1931089310347473e-09,1.9062996352899736e-09,4.2830095593821556
extension,28,style,dynamic,Equity A,16.196145458012655,-16.196145457788795,2.2386329377881903e-10,1.296434015182067e-08,5.5710581980950025e-09,4.591843302533439
extension,28,style,dynamic,Equity B,9.582208601089777,17.918784938740966,27.50099353983074,0.003460959360051185,5.5710581980950025e-09,4.591843302533439
extension,28,style,dynamic,Duration A,11.83526099162554,-3.0898816250745975,8.745379366550942,-0.20082748445508564,5.5710581980950025e-09,4.591843302533439
extension,28,style,dynamic,Duration B,1.1656230162441265e-08,-1.0814357995160735e-08,8.418721672805297e-10,1.589092378611865e-08,5.5710581980950025e-09,4.591843302533439
extension,28,style,dynamic,Credit A,26.655365146866423,-26.65536514679168,7.473929379589195e-11,1.0461220735625393e-08,5.5710581980950025e-09,4.591843302533439
extension,28,style,dynamic,Credit B,13.866272171686353,27.976688869072863,41.842961040759214,0.04360480122134315,5.5710581980950025e-09,4.591843302533439
extension,28,style,dynamic,Equity ETF,21.864747612460235,1.4305778783807455e-10,21.864747612603292,0.15341518602011694,5.5710581980950025e-09,4.591843302533439
extension,28,style,dynamic,Duration ETF,2.5141372230820115e-09,-2.3413079943000335e-09,1.7282922878197796e-10,2.2817984991720625e-08,5.5710581980950025e-09,4.591843302533439
extension,28,style,dynamic,Credit ETF,3.825546265405358e-09,-3.479429648526748e-09,3.461166168786103e-10,2.0983203452314117e-08,5.5710581980950025e-09,4.591843302533439
extension,29,style,etf_only,Equity A,16.196145458012655,-1.8347517949379721e-09,16.196145456177906,-4.222150596840042,-2.617123090858065e-09,1.5269199198726715e-09
extension,29,style,etf_only,Equity B,9.582208601089777,-1.8198859086382413e-09,9.58220859926989,4.150792900078357,-2.617123090858065e-09,1.5269199198726715e-09
extension,29,style,etf_only,Duration A,11.83526099162554,-1.827298035106395e-09,11.835260989798241,-0.02385038173763247,-2.617123090858065e-09,1.5269199198726715e-09
extension,29,style,etf_only,Duration B,1.1656230162441265e-08,-1.0815017152702522e-08,8.412130097387428e-10,2.100598569494883e-09,-2.617123090858065e-09,1.5269199198726715e-09
extension,29,style,etf_only,Credit A,26.655365146866423,-1.8332391160669204e-09,26.655365145033183,-4.110056964392598,-2.617123090858065e-09,1.5269199198726715e-09
extension,29,style,etf_only,Credit B,13.866272171686353,-1.821354178588308e-09,13.866272169864999,4.161023258743474,-2.617123090858065e-09,1.5269199198726715e-09
extension,29,style,etf_only,Equity ETF,21.864747612460235,-1.8253093481135352e-09,21.864747610634925,0.03589767907941915,-2.617123090858065e-09,1.5269199198726715e-09
extension,29,style,etf_only,Duration ETF,2.5141372230820115e-09,1.0106966237566525e-08,1.2621103460648538e-08,-7.487327722830664e-09,-2.617123090858065e-09,1.5269199198726715e-09
extension,29,style,etf_only,Credit ETF,3.825546265405358e-09,1.4534854942852622e-08,1.836040120825798e-08,-1.2978456916813548e-08,-2.617123090858065e-09,1.5269199198726715e-09
extension,29,style,myopic,Equity A,16.196145458012655,-6.02686644280928,10.169279015203376,-0.2244701659486144,1.8363063646704633e-09,1.5329924735162488
extension,29,style,myopic,Equity B,9.582208601089777,6.920645322551504,16.502853923641283,0.07252054410738498,1.8363063646704633e-09,1.5329924735162488
extension,29,style,myopic,Duration A,11.83526099162554,5.147313131281805e-10,11.835260992140272,-0.06275195446841311,1.8363063646704633e-09,1.5329924735162488
extension,29,style,myopic,Duration B,1.1656230162441265e-08,-7.67842270834202e-09,3.977807454099245e-09,-1.4761466120923555e-09,1.8363063646704633e-09,1.5329924735162488
extension,29,style,myopic,Credit A,26.655365146866423,-9.310723256217383,17.34464189064904,-0.25320748246840485,1.8363063646704633e-09,1.5329924735162488
extension,29,style,myopic,Credit B,13.866272171686353,8.401614428853158,22.267886600539512,0.2938510191031042,1.8363063646704633e-09,1.5329924735162488
extension,29,style,myopic,Equity ETF,21.864747612460235,2.8660404605140855e-08,21.864747641120637,0.17349087708977418,1.8363063646704633e-09,1.5329924735162488
extension,29,style,myopic,Duration ETF,2.5141372230820115e-09,-3.869554900069225e-10,2.1271817330750887e-09,5.173163173410427e-10,1.8363063646704633e-09,1.5329924735162488
extension,29,style,myopic,Credit ETF,3.825546265405358e-09,2.0388556067517765e-10,4.029431826080536e-09,-3.860297043963646e-10,1.8363063646704633e-09,1.5329924735162488
extension,29,style,dynamic,Equity A,16.196145458012655,-7.970100516928066,8.22604494108459,-0.07201522490333673,2.9090111748489647e-09,2.2957572701043256
extension,29,style,dynamic,Equity B,9.582208601089777,8.106846096465905,17.68905469755568,0.008801366783747546,2.9090111748489647e-09,2.2957572701043256
extension,29,style,dynamic,Duration A,11.83526099162554,-1.0001721673091879e-11,11.835260991615538,-0.07657945772393086,2.9090111748489647e-09,2.2957572701043256
extension,29,style,dynamic,Duration B,1.1656230162441265e-08,-1.0943960777626615e-08,7.122693848146514e-10,7.529526159610969e-09,2.9090111748489647e-09,2.2957572701043256
extension,29,style,dynamic,Credit A,26.655365146866423,-15.325535938635444,11.329829208230977,-0.0010719178334153406,2.9090111748489647e-09,2.2957572701043256
extension,29,style,dynamic,Credit B,13.866272171686353,14.07721619328738,27.943488364973735,0.024851954672505335,2.9090111748489647e-09,2.2957572701043256
extension,29,style,dynamic,Equity ETF,21.864747612460235,1.088616607978321,22.953364220438555,0.11527392358404193,2.9090111748489647e-09,2.2957572701043256
extension,29,style,dynamic,Duration ETF,2.5141372230820115e-09,-3.0309434539923435e-09,-5.168062309103326e-10,1.4216819354359376e-08,2.9090111748489647e-09,2.2957572701043256
extension,29,style,dynamic,Credit ETF,3.825546265405358e-09,-3.530134069833826e-09,2.9541219557153204e-10,0.0004493535068545035,2.9090111748489647e-09,2.2957572701043256
extension,30,style,etf_only,Equity A,16.196145458012655,-1.8317292127534301e-09,16.196145456180925,-0.3952363195900642,-2.620207626307392e-09,1.5272253887901671e-09
extension,30,style,etf_only,Equity B,9.582208601089777,-1.824294881824784e-09,9.582208599265481,0.19588966109255163,-2.620207626307392e-09,1.5272253887901671e-09
extension,30,style,etf_only,Duration A,11.83526099162554,-1.827990536718005e-09,11.83526098979755,-0.014088618178541594,-2.620207626307392e-09,1.5272253887901671e-09
extension,30,style,etf_only,Duration B,1.1656230162441265e-08,-1.081506799961949e-08,8.411621628217745e-10,2.457036247587872e-09,-2.620207626307392e-09,1.5272253887901671e-09
extension,30,style,etf_only,Credit A,26.655365146866423,-1.830968709981562e-09,26.655365145035454,-0.18884292987454968,-2.620207626307392e-09,1.5272253887901671e-09
extension,30,style,etf_only,Credit B,13.866272171686353,-1.825017914569571e-09,13.866272169861334,0.29340036032592454,-2.620207626307392e-09,1.5272253887901671e-09
extension,30,style,etf_only,Equity ETF,21.864747612460235,-1.8252399591744961e-09,21.864747610634993,0.10818226640602444,-2.620207626307392e-09,1.5272253887901671e-09
extension,30,style,etf_only,Duration ETF,2.5141372230820115e-09,1.0109624885823992e-08,1.2623762108906004e-08,-5.214167915129943e-09,-2.620207626307392e-09,1.5272253887901671e-09
extension,30,style,etf_only,Credit ETF,3.825546265405358e-09,1.4538731455842752e-08,1.8364277721248112e-08,-1.0904048048371373e-08,-2.620207626307392e-09,1.5272253887901671e-09
extension,30,style,myopic,Equity A,16.196145458012655,-9.704228531859371e-08,16.19614536097037,-0.3952363214435009,3.5249277608111533e-09,1.0897859738189181e-08
extension,30,style,myopic,Equity B,9.582208601089777,1.0695622165712848e-07,9.582208708045998,0.195889641432054,3.5249277608111533e-09,1.0897859738189181e-08
extension,30,style,myopic,Duration A,11.83526099162554,-1.2448375663609568e-12,11.835260991624295,-0.014088615726192593,3.5249277608111533e-09,1.0897859738189181e-08
extension,30,style,myopic,Duration B,1.1656230162441265e-08,-9.573615471725792e-09,2.082614690715473e-09,-6.423024362766328e-10,3.5249277608111533e-09,1.0897859738189181e-08
extension,30,style,myopic,Credit A,26.655365146866423,-1.4682310922609076e-09,26.655365145398193,-0.18884293044766015,3.5249277608111533e-09,1.0897859738189181e-08
extension,30,style,myopic,Credit B,13.866272171686353,1.4412915305683782e-09,13.866272173127644,0.2934003258503305,3.5249277608111533e-09,1.0897859738189181e-08
extension,30,style,myopic,Equity ETF,21.864747612460235,1.4155343563970746e-12,21.86474761246165,0.10818231160030994,3.5249277608111533e-09,1.0897859738189181e-08
extension,30,style,myopic,Duration ETF,2.5141372230820115e-09,-1.5956919868896089e-09,9.184452361924027e-10,1.0677571173960743e-09,3.5249277608111533e-09,1.0897859738189181e-08
extension,30,style,myopic,Credit ETF,3.825546265405358e-09,-2.088654618604002e-09,1.7368916468013562e-09,2.838621943991934e-10,3.5249277608111533e-09,1.0897859738189181e-08
extension,30,style,dynamic,Equity A,16.196145458012655,-2.608695318270443,13.587450139742213,-0.13070344980994902,1.2629237831570956e-09,0.5835867465430692
extension,30,style,dynamic,Equity B,9.582208601089777,2.7124890900561653,12.294697691145942,0.0039370670591775585,1.2629237831570956e-09,0.5835867465430692
extension,30,style,dynamic,Duration A,11.83526099162554,-2.9004576518332215e-13,11.83526099162525,-0.027451724641152416,1.2629237831570956e-09,0.5835867465430692
extension,30,style,dynamic,Duration B,1.1656230162441265e-08,-6.109410705477675e-09,5.54681945696359e-09,-5.647114845865622e-10,1.2629237831570956e-09,0.5835867465430692
extension,30,style,dynamic,Credit A,26.655365146866423,-3.230090070486888,23.425275076379535,-0.015479084354710649,1.2629237831570956e-09,0.5835867465430692
extension,30,style,dynamic,Credit B,13.866272171686353,3.1204604431933793,16.98673261487973,0.05295171245957406,1.2629237831570956e-09,0.5835867465430692
extension,30,style,dynamic,Equity ETF,21.864747612460235,7.133182933216631e-12,21.864747612467365,0.11641827228890214,1.2629237831570956e-09,0.5835867465430692
extension,30,style,dynamic,Duration ETF,2.5141372230820115e-09,-2.825333893987566e-09,-3.111966709055544e-10,4.022965003314296e-09,1.2629237831570956e-09,0.5835867465430692
extension,30,style,dynamic,Credit ETF,3.825546265405358e-09,-4.029554566268019e-09,-2.0400830086266056e-10,3.273916172013086e-09,1.2629237831570956e-09,0.5835867465430692
extension,31,style,etf_only,Equity A,16.196145458012655,-1.8282347857834225e-09,16.19614545618442,3.98415159304115e-09,-2.6211874904403532e-09,1.5273224233176948e-09
extension,31,style,etf_only,Equity B,9.582208601089777,-1.8282306224470801e-09,9.582208599261547,-4.296891581861546e-10,-2.6211874904403532e-09,1.5273224233176948e-09
extension,31,style,etf_only,Duration A,11.83526099162554,-1.8282098057653684e-09,11.83526098979733,0.03707691244132596,-2.6211874904403532e-09,1.5273224233176948e-09
extension,31,style,etf_only,Duration B,1.1656230162441265e-08,-1.081508412560279e-08,8.411460368384746e-10,4.5755977641885e-09,-2.6211874904403532e-09,1.5273224233176948e-09
extension,31,style,etf_only,Credit A,26.655365146866423,-1.8282153568804915e-09,26.655365145038207,2.5952356022754035e-09,-2.6211874904403532e-09,1.5273224233176948e-09
extension,31,style,etf_only,Credit B,13.866272171686353,-1.8282153568804915e-09,13.866272169858137,7.584440527542446e-09,-2.6211874904403532e-09,1.5273224233176948e-09
extension,31,style,etf_only,Equity ETF,21.864747612460235,-1.825214979156442e-09,21.864747610635018,-0.03735765908427901,-2.6211874904403532e-09,1.5273224233176948e-09
extension,31,style,etf_only,Duration ETF,2.5141372230820115e-09,1.011046884286394e-08,1.2624606065945951e-08,-3.462621969968297e-09,-2.6211874904403532e-09,1.5273224233176948e-09
extension,31,style,etf_only,Credit ETF,3.825546265405358e-09,1.4539962210465239e-08,1.8365508475870597e-08,-6.6034549640145786e-09,-2.6211874904403532e-09,1.5273224233176948e-09
extension,31,style,myopic,Equity A,16.196145458012655,3.2882585543347886e-10,16.196145458341483,1.5016046072167634e-09,1.2027902370102485e-09,5.920703084988456e-10
extension,31,style,myopic,Equity B,9.582208601089777,2.5116020374582604e-10,9.582208601340938,-1.9159170243899537e-10,1.2027902370102485e-09,5.920703084988456e-10
extension,31,style,myopic,Duration A,11.83526099162554,7.559244896704342e-10,11.835260992381464,0.03707691007330035,1.2027902370102485e-09,5.920703084988456e-10
extension,31,style,myopic,Duration B,1.1656230162441265e-08,-7.118455621848642e-09,4.537774540592623e-09,-7.734143177499278e-10,1.2027902370102485e-09,5.920703084988456e-10
extension,31,style,myopic,Credit A,26.655365146866423,1.6058376850480727e-09,26.65536514847226,1.5272573216779535e-09,1.2027902370102485e-09,5.920703084988456e-10
extension,31,style,myopic,Credit B,13.866272171686353,8.14598388743093e-10,13.86627217250095,3.1617994467261546e-09,1.2027902370102485e-09,5.920703084988456e-10
extension,31,style,myopic,Equity ETF,21.864747612460235,1.3524986686164198e-09,21.86474761381273,-0.037357656112340556,1.2027902370102485e-09,5.920703084988456e-10
extension,31,style,myopic,Duration ETF,2.5141372230820115e-09,2.4339007960677686e-10,2.7575273026887883e-09,2.7540003892852606e-09,1.2027902370102485e-09,5.920703084988456e-10
extension,31,style,myopic,Credit ETF,3.825546265405358e-09,8.206210654952199e-10,4.646167330900578e-09,2.1924239976763572e-09,1.2027902370102485e-09,5.920703084988456e-10
extension,31,style,dynamic,Equity A,16.196145458012655,1.7035456378877711e-09,16.196145459716202,-3.682738718680825e-09,1.9682184167201214e-09,8.708592037128403e-10
extension,31,style,dynamic,Equity B,9.582208601089777,1.705317831390829e-09,9.582208602795095,-1.6274353365998745e-09,1.9682184167201214e-09,8.708592037128403e-10
extension,31,style,dynamic,Duration A,11.83526099162554,1.7071066782392563e-09,11.835260993332646,0.03707689969721065,1.9682184167201214e-09,8.708592037128403e-10
extension,31,style,dynamic,Duration B,1.1656230162441265e-08,-5.712684903153078e-09,5.943545259288188e-09,3.738879081250491e-09,1.9682184167201214e-09,8.708592037128403e-10
extension,31,style,dynamic,Credit A,26.655365146866423,1.7046974942758197e-09,26.65536514857112,-3.3336958727724613e-10,1.9682184167201214e-09,8.708592037128403e-10
extension,31,style,dynamic,Credit B,13.866272171686353,1.7068985114221391e-09,13.866272173393252,3.348369530360612e-09,1.9682184167201214e-09,8.708592037128403e-10
extension,31,style,dynamic,Equity ETF,21.864747612460235,1.7068180202528538e-09,21.86474761416705,-0.03735766376971841,1.9682184167201214e-09,8.708592037128403e-10
extension,31,style,dynamic,Duration ETF,2.5141372230820115e-09,-2.955647991251428e-09,-4.4151076816941666e-10,1.481010367107267e-08,1.9682184167201214e-09,8.708592037128403e-10
extension,31,style,dynamic,Credit ETF,3.825546265405358e-09,-3.2798665332154974e-09,5.456797321898604e-10,1.0555528092475431e-08,1.9682184167201214e-09,8.708592037128403e-10
extension,32,style,etf_only,Equity A,16.196145458012655,-1.7998491586013188e-09,16.196145456212808,0.2927855232384147,-2.466306798544198e-09,1.517445745801573e-09
extension,32,style,etf_only,Equity B,9.582208601089777,-1.8073570418053464e-09,9.58220859928242,-0.19735869863548905,-2.466306798544198e-09,1.517445745801573e-09
extension,32,style,etf_only,Duration A,11.83526099162554,-1.80358089574284e-09,11.83526098982196,0.08628018497159758,-2.466306798544198e-09,1.517445745801573e-09
extension,32,style,etf_only,Duration B,1.1656230162441265e-08,-1.0813124313051526e-08,8.431058493897405e-10,2.3855368191366297e-09,-2.466306798544198e-09,1.517445745801573e-09
extension,32,style,etf_only,Credit A,26.655365146866423,-1.8005819057975714e-09,26.65536514506584,0.21973755840022222,-2.466306798544198e-09,1.517445745801573e-09
extension,32,style,etf_only,Credit B,13.866272171686353,-1.806585436803232e-09,13.866272169879768,-0.2581008233281808,-2.466306798544198e-09,1.517445745801573e-09
extension,32,style,etf_only,Equity ETF,21.864747612460235,-1.8746337815400693e-09,21.8647476105856,-0.1439937631159502,-2.466306798544198e-09,1.517445745801573e-09
extension,32,style,etf_only,Duration ETF,2.5141372230820115e-09,1.0030795063180394e-08,1.2544932286262407e-08,-3.3855565440631504e-09,-2.466306798544198e-09,1.517445745801573e-09
extension,32,style,etf_only,Credit ETF,3.825546265405358e-09,1.4389161565853605e-08,1.8214707831258964e-08,-1.0132738247968261e-08,-2.466306798544198e-09,1.517445745801573e-09
extension,32,style,myopic,Equity A,16.196145458012655,5.275260739345811e-06,16.196150733273395,0.2927850399163778,2.797717470498237e-09,5.290589210499733e-07
extension,32,style,myopic,Equity B,9.582208601089777,-5.278217986293132e-06,9.582203322871791,-0.19735792338602692,2.797717470498237e-09,5.290589210499733e-07
extension,32,style,myopic,Duration A,11.83526099162554,2.8635704918400506e-10,11.835260991911897,0.08628021156355051,2.797717470498237e-09,5.290589210499733e-07
extension,32,style,myopic,Duration B,1.1656230162441265e-08,-9.323253177661842e-09,2.332976984779424e-09,-8.31407147226739e-10,2.797717470498237e-09,5.290589210499733e-07
extension,32,style,myopic,Credit A,26.655365146866423,1.1192480275923344e-08,26.655365158058903,0.2197374915558462,2.797717470498237e-09,5.290589210499733e-07
extension,32,style,myopic,Credit B,13.866272171686353,-5.177647199872126e-09,13.866272166508706,-0.2581006889741387,2.797717470498237e-09,5.290589210499733e-07
extension,32,style,myopic,Equity ETF,21.864747612460235,1.2270046090279152e-09,21.86474761368724,-0.14399415647343064,2.797717470498237e-09,5.290589210499733e-07
extension,32,style,myopic,Duration ETF,2.5141372230820115e-09,-1.2853228327118095e-09,1.2288143903702017e-09,2.229844264407317e-09,2.797717470498237e-09,5.290589210499733e-07
extension,32,style,myopic,Credit ETF,3.825546265405358e-09,-1.787566702959962e-09,2.037979562445396e-09,1.869731639899124e-10,2.797717470498237e-09,5.290589210499733e-07
extension,32,style,dynamic,Equity A,16.196145458012655,2.2424550126004417,18.438600470613096,0.188796238576949,1.6240123402154211e-09,0.5618835053270671
extension,32,style,dynamic,Equity B,9.582208601089777,-2.8244721988993886,6.757736402190388,-8.333681588028863e-09,1.6240123402154211e-09,0.5618835053270671
extension,32,style,dynamic,Duration A,11.83526099162554,-5.320743845516063e-12,11.835260991620219,0.10418266504117671,1.6240123402154211e-09,0.5618835053270671
extension,32,style,dynamic,Duration B,1.1656230162441265e-08,-9.258778610155659e-10,1.07303523014257e-08,-8.94735340407136e-11,1.6240123402154211e-09,0.5618835053270671
extension,32,style,dynamic,Credit A,26.655365146866423,3.3735706243604002,30.028935771226823,0.0005676232831232471,1.6240123402154211e-09,0.5618835053270671
extension,32,style,dynamic,Credit B,13.866272171686353,-2.797172267220237,11.069099904466116,-0.06927095400048915,1.6240123402154211e-09,0.5618835053270671
extension,32,style,dynamic,Equity ETF,21.864747612460235,-2.886579864025407e-11,21.86474761243137,-0.22462521272045094,1.6240123402154211e-09,0.5618835053270671
extension,32,style,dynamic,Duration ETF,2.5141372230820115e-09,-2.5344986014535952e-09,-2.0361378371583653e-11,1.6008278616474112e-08,1.6240123402154211e-09,0.5618835053270671
extension,32,style,dynamic,Credit ETF,3.825546265405358e-09,-3.7608246954111875e-09,6.472156999417043e-11,1.0111277577766548e-08,1.6240123402154211e-09,0.5618835053270671
extension,33,style,etf_only,Equity A,16.196145458012655,-1.7185752820836342e-09,16.19614545629408,3.665149538025161,-2.044087977800838e-09,1.486120875082874e-09
extension,33,style,etf_only,Equity B,9.582208601089777,-1.73400044323202e-09,9.582208599355777,-4.449449138282927,-2.044087977800838e-09,1.486120875082874e-09
extension,33,style,etf_only,Duration A,11.83526099162554,-1.7262649643079442e-09,11.835260989899275,0.06450190621900256,-2.044087977800838e-09,1.486120875082874e-09
extension,33,style,etf_only,Duration B,1.1656230162441265e-08,-1.0806798062239404e-08,8.494321002018613e-10,2.632929532525752e-09,-2.044087977800838e-09,1.486120875082874e-09
extension,33,style,etf_only,Credit A,26.655365146866423,-1.7200962876273707e-09,26.655365145146327,4.315122647376427,-2.044087977800838e-09,1.486120875082874e-09
extension,33,style,etf_only,Credit B,13.866272171686353,-1.7324364165460793e-09,13.866272169953916,-3.538769707093609,-2.044087977800838e-09,1.486120875082874e-09
extension,33,style,etf_only,Equity ETF,21.864747612460235,-1.9900525671801006e-09,21.864747610470182,-0.06458464652005798,-2.044087977800838e-09,1.486120875082874e-09
extension,33,style,etf_only,Duration ETF,2.5141372230820115e-09,9.774612973752688e-09,1.2288750196834699e-08,-6.302264253359754e-09,-2.044087977800838e-09,1.486120875082874e-09
extension,33,style,etf_only,Credit ETF,3.825546265405358e-09,1.3945949573119788e-08,1.7771495838525146e-08,-1.2511872243846107e-08,-2.044087977800838e-09,1.486120875082874e-09
extension,33,style,myopic,Equity A,16.196145458012655,6.026068190350781,22.222213648363436,0.23610729866998673,1.3062376565597597e-09,1.5332293967415462
extension,33,style,myopic,Equity B,9.582208601089777,-6.922436773155964,2.6597718279338127,-0.049506864236403,1.3062376565597597e-09,1.5332293967415462
extension,33,style,myopic,Duration A,11.83526099162554,2.438702018103811e-09,11.835260994064242,0.17379775633736935,1.3062376565597597e-09,1.5332293967415462
extension,33,style,myopic,Duration B,1.1656230162441265e-08,-2.357217697750212e-09,9.299012464691053e-09,-3.7127373436419425e-09,1.3062376565597597e-09,1.5332293967415462
extension,33,style,myopic,Credit A,26.655365146866423,9.298559625957504,35.953924772823925,0.3345306734827928,1.3062376565597597e-09,1.5332293967415462
extension,33,style,myopic,Credit B,13.866272171686353,-8.417523332760519,5.448748838925834,-0.35589310259362095,1.3062376565597597e-09,1.5332293967415462
extension,33,style,myopic,Equity ETF,21.864747612460235,-1.2504713930994171e-08,21.86474759995552,-0.3397258661381545,1.3062376565597597e-09,1.5332293967415462
extension,33,style,myopic,Duration ETF,2.5141372230820115e-09,5.344581257970608e-09,7.85871848105262e-09,2.365868113787571e-09,1.3062376565597597e-09,1.5332293967415462
extension,33,style,myopic,Credit ETF,3.825546265405358e-09,1.6763068323610474e-09,5.501853097766405e-09,-1.1160174617827276e-09,1.3062376565597597e-09,1.5332293967415462
extension,33,style,dynamic,Equity A,16.196145458012655,7.618670138742245,23.8148155967549,0.17677917088257503,1.012709696917441e-09,2.2702474809117943
extension,33,style,dynamic,Equity B,9.582208601089777,-8.210858769820419,1.371349831269358,-1.1773108566429527e-08,1.012709696917441e-09,2.2702474809117943
extension,33,style,dynamic,Duration A,11.83526099162554,1.585814812798958e-11,11.835260991641398,0.11607063889961214,1.012709696917441e-09,2.2702474809117943
extension,33,style,dynamic,Duration B,1.1656230162441265e-08,-4.110132686904616e-09,7.54609747553665e-09,1.2766199664251275e-08,1.012709696917441e-09,2.2702474809117943
extension,33,style,dynamic,Credit A,26.655365146866423,15.412479268668339,42.06784441553476,1.5131164334312675e-08,1.012709696917441e-09,2.2702474809117943
extension,33,style,dynamic,Credit B,13.866272171686353,-13.709573655428414,0.15669851625793743,-0.005745007814293964,1.012709696917441e-09,2.2702474809117943
extension,33,style,dynamic,Equity ETF,21.864747612460235,-1.1334194473589576,20.731328165101274,-0.287482882416876,1.012709696917441e-09,2.2702474809117943
extension,33,style,dynamic,Duration ETF,2.5141372230820115e-09,-2.375209462696626e-09,1.3892776038538565e-10,3.876939268211682e-08,1.012709696917441e-09,2.2702474809117943
extension,33,style,dynamic,Credit ETF,3.825546265405358e-09,-3.892025318548173e-09,-6.647905314281431e-11,1.8412734221893564e-08,1.012709696917441e-09,2.2702474809117943
extension,34,style,etf_only,Equity A,16.196145458012655,-1.4919232516064085e-09,16.196145456520732,15.052043026966706,-1.0044495873940992e-09,1.39767395903414e-09
extension,34,style,etf_only,Equity B,9.582208601089777,-1.5242834772166702e-09,9.582208599565494,-9.617233765674262,-1.0044495873940992e-09,1.39767395903414e-09
extension,34,style,etf_only,Duration A,11.83526099162554,-1.508079772172266e-09,11.83526099011746,-0.0925238622684869,-1.0044495873940992e-09,1.39767395903414e-09
extension,34,style,etf_only,Duration B,1.1656230162441265e-08,-1.078878830123604e-08,8.674418612052256e-10,3.725894248864882e-09,-1.0044495873940992e-09,1.39767395903414e-09
extension,34,style,etf_only,Credit A,26.655365146866423,-1.4951484494929446e-09,26.655365145371274,17.452965116220682,-1.0044495873940992e-09,1.39767395903414e-09
extension,34,style,etf_only,Credit B,13.866272171686353,-1.5210166459667107e-09,13.866272170165336,-13.8181635655288,-1.0044495873940992e-09,1.39767395903414e-09
extension,34,style,etf_only,Equity ETF,21.864747612460235,-2.238886853689337e-09,21.864747610221347,-9.006942489263373,-1.0044495873940992e-09,1.39767395903414e-09
extension,34,style,etf_only,Duration ETF,2.5141372230820115e-09,9.044330803223698e-09,1.155846802630571e-08,-4.9626128103424304e-09,-1.0044495873940992e-09,1.39767395903414e-09
extension,34,style,etf_only,Credit ETF,3.825546265405358e-09,1.277738055056635e-08,1.660292681597171e-08,-1.3255356832185328e-08,-1.0044495873940992e-09,1.39767395903414e-09
extension,34,style,myopic,Equity A,16.196145458012655,24.102340388398964,40.298485846411616,0.1395492063140313,1.8894859038932205e-09,3.7421408744153553
extension,34,style,myopic,Equity B,9.582208601089777,-9.582208599839124,1.250652017435235e-09,-8.206815664395248e-10,1.8894859038932205e-09,3.7421408744153553
extension,34,style,myopic,Duration A,11.83526099162554,-1.8291759773525484e-08,11.83526097333378,-0.22041540662957956,1.8894859038932205e-09,3.7421408744153553
extension,34,style,myopic,Duration B,1.1656230162441265e-08,-1.0354372969410774e-08,1.301857193030491e-09,-1.3407052076208108e-10,1.8894859038932205e-09,3.7421408744153553
extension,34,style,myopic,Credit A,26.655365146866423,19.296774214690792,45.952139361557215,0.2137339145002209,1.8894859038932205e-09,3.7421408744153553
extension,34,style,myopic,Credit B,13.866272171686353,-13.86627217123679,4.4956135741963175e-10,-1.0825960952617782e-10,1.8894859038932205e-09,3.7421408744153553
extension,34,style,myopic,Equity ETF,21.864747612460235,-19.988055208092455,1.8766924043677788,-0.13341068726126593,1.8894859038932205e-09,3.7421408744153553
extension,34,style,myopic,Duration ETF,2.5141372230820115e-09,-2.3319020774731236e-09,1.8223514560888746e-10,1.0740963831415884e-09,1.8894859038932205e-09,3.7421408744153553
extension,34,style,myopic,Credit ETF,3.825546265405358e-09,-3.313879605996199e-09,5.116666594091592e-10,6.016408006430523e-11,1.8894859038932205e-09,3.7421408744153553
extension,34,style,dynamic,Equity A,16.196145458012655,25.047111887134164,41.24325734514682,0.07517905931680732,1.610644424906646e-09,4.063618738401907
extension,34,style,dynamic,Equity B,9.582208601089777,-9.5822086011212,-3.1423399421417856e-11,3.849257230091693e-09,1.610644424906646e-09,4.063618738401907
extension,34,style,dynamic,Duration A,11.83526099162554,-1.9027013934263883,9.932559598199152,-0.14242773203349074,1.610644424906646e-09,4.063618738401907
extension,34,style,dynamic,Duration B,1.1656230162441265e-08,-1.06717073879454e-08,9.845227744958651e-10,6.352742381958526e-09,1.610644424906646e-09,4.063618738401907
extension,34,style,dynamic,Credit A,26.655365146866423,22.12818167454366,48.783546821410084,2.4138255144690042e-08,1.610644424906646e-09,4.063618738401907
extension,34,style,dynamic,Credit B,13.866272171686353,-13.866272171774972,-8.861924496957072e-11,3.0417443491264985e-09,1.610644424906646e-09,4.063618738401907
extension,34,style,dynamic,Equity ETF,21.864747612460235,-21.86474756646702,4.599321277596335e-08,0.06680657700604932,1.610644424906646e-09,4.063618738401907
extension,34,style,dynamic,Duration ETF,2.5141372230820115e-09,-3.2117050390619248e-09,-6.975678159799132e-10,1.1898315709359236e-08,1.610644424906646e-09,4.063618738401907
extension,34,style,dynamic,Credit ETF,3.825546265405358e-09,-3.73638587944061e-09,8.916038596474822e-11,4.661675047686681e-09,1.610644424906646e-09,4.063618738401907
extension,35,style,etf_only,Equity A,16.176636225179276,-3.5224601013794654e-10,16.176636224827032,-16.058706349983837,-2.096999760316004e-09,1.0438408379457333e-09
extension,35,style,etf_only,Equity B,9.594835866157576,-3.1353808438439046e-10,9.594835865844038,17.776666808834346,-2.096999760316004e-09,1.0438408379457333e-09
extension,35,style,etf_only,Duration A,11.832077327467672,-3.3342634209176936e-10,11.832077327134247,-0.7567778027821653,-2.096999760316004e-09,1.0438408379457333e-09
extension,35,style,etf_only,Duration B,1.1627420634049633e-08,-1.0617732194304203e-08,1.009688439745429e-09,3.274348398366698e-10,-2.096999760316004e-09,1.0438408379457333e-09
extension,35,style,etf_only,Credit A,26.62221810678175,-3.4831026951565036e-10,26.622218106433444,-26.313606919296838,-2.096999760316004e-09,1.0438408379457333e-09
extension,35,style,etf_only,Credit B,13.898000702919935,-3.1784852527749763e-10,13.898000702602086,25.420569097906288,-2.096999760316004e-09,1.0438408379457333e-09
extension,35,style,etf_only,Equity ETF,21.876231753275317,-3.426084416169317e-09,21.876231749849232,-0.11140709836302731,-2.096999760316004e-09,1.0438408379457333e-09
extension,35,style,etf_only,Duration ETF,2.5097815377789227e-09,6.174104410449194e-09,8.683885948228117e-09,-7.276500077214246e-09,-2.096999760316004e-09,1.0438408379457333e-09
extension,35,style,etf_only,Credit ETF,3.818798135203232e-09,1.1884099506389515e-08,1.5702897641592744e-08,-1.1850631273253583e-08,-2.096999760316004e-09,1.0438408379457333e-09
extension,35,style,myopic,Equity A,16.176636225179276,-16.17663621994061,5.238664575631508e-09,-4.691985227407285e-09,1.8952456683034302e-09,4.277746562960725
extension,35,style,myopic,Equity B,9.594835866157576,18.100645098923856,27.69548096508143,0.447834790508917,1.8952456683034302e-09,4.277746562960725
extension,35,style,myopic,Duration A,11.832077327467672,-3.312841251323917e-08,11.83207729433926,-0.7176231946728784,1.8952456683034302e-09,4.277746562960725
extension,35,style,myopic,Duration B,1.1627420634049633e-08,-9.974656310644406e-09,1.6527643234052267e-09,-1.0072094130670463e-09,1.8952456683034302e-09,4.277746562960725
extension,35,style,myopic,Credit A,26.62221810678175,-26.622218105412777,1.3689780821396055e-09,-9.927893176325271e-10,1.8952456683034302e-09,4.277746562960725
extension,35,style,myopic,Credit B,13.898000702919935,24.65543177908511,38.55343248200504,0.7438287290918679,1.8952456683034302e-09,4.277746562960725
extension,35,style,myopic,Equity ETF,21.876231753275317,2.7528887502903387e-08,21.876231780804204,-0.47512475371459495,1.8952456683034302e-09,4.277746562960725
extension,35,style,myopic,Duration ETF,2.5097815377789227e-09,-2.0339886287812075e-09,4.757929089977153e-10,-5.08391495651937e-11,1.8952456683034302e-09,4.277746562960725
extension,35,style,myopic,Credit ETF,3.818798135203232e-09,-2.3098043992701022e-09,1.5089937359331302e-09,-6.618983518461302e-10,1.8952456683034302e-09,4.277746562960725
extension,35,style,dynamic,Equity A,16.176636225179276,-16.1766362252209,-4.1623285804189693e-11,2.8085221454297796e-09,3.840679396694899e-09,4.803045359338363
extension,35,style,dynamic,Equity B,9.594835866157576,18.361963073884258,27.956798940041832,0.3814150406543278,3.840679396694899e-09,4.803045359338363
extension,35,style,dynamic,Duration A,11.832077327467672,-5.255614474453578,6.576462853014095,-0.2287141875099103,3.840679396694899e-09,4.803045359338363
extension,35,style,dynamic,Duration B,1.1627420634049633e-08,-1.0079129234755663e-08,1.5482913992939704e-09,4.23107908316395e-09,3.840679396694899e-09,4.803045359338363
extension,35,style,dynamic,Credit A,26.62221810678175,-26.622218106897154,-1.1540339734930608e-10,2.5640226142259093e-09,3.840679396694899e-09,4.803045359338363
extension,35,style,dynamic,Credit B,13.898000702919935,29.644475293192997,43.54247599611293,0.33277285030061327,3.840679396694899e-09,4.803045359338363
extension,35,style,dynamic,Equity ETF,21.876231753275317,-1.7661594409190684e-09,21.876231751509156,-0.48608346827344817,3.840679396694899e-09,4.803045359338363
extension,35,style,dynamic,Duration ETF,2.5097815377789227e-09,-2.4186926123658034e-09,9.10889254131192e-11,6.86207343594262e-09,3.840679396694899e-09,4.803045359338363
extension,35,style,dynamic,Credit ETF,3.818798135203232e-09,-3.4132449131369272e-09,4.0555322206630537e-10,4.991670002132968e-09,3.840679396694899e-09,4.803045359338363
extension,36,style,etf_only,Equity A,16.176636225179276,-1.8313572880401807e-09,16.17663622334792,-6.464189590292597,-2.6157105538553106e-09,1.5240263863113206e-09
extension,36,style,etf_only,Equity B,9.594835866157576,-1.816548300670462e-09,9.594835864341029,6.756153663101136,-2.6157105538553106e-09,1.5240263863113206e-09
extension,36,style,etf_only,Duration A,11.832077327467672,-1.8239298960054384e-09,11.832077325643743,-0.019530484122404414,-2.6157105538553106e-09,1.5240263863113206e-09
extension,36,style,etf_only,Duration B,1.1627420634049633e-08,-1.078842471679959e-08,8.389959172500415e-10,3.403937512765856e-09,-2.6157105538553106e-09,1.5240263863113206e-09
extension,36,style,etf_only,Credit A,26.62221810678175,-1.8298584869569368e-09,26.622218104951894,-9.494532492934475,-2.6157105538553106e-09,1.5240263863113206e-09
extension,36,style,etf_only,Credit B,13.898000702919935,-1.8180124072841863e-09,13.898000701101923,8.989015342575456,-2.6157105538553106e-09,1.5240263863113206e-09
extension,36,style,etf_only,Equity ETF,21.876231753275317,-1.8299667337018377e-09,21.87623175144535,0.21717842657454708,-2.6157105538553106e-09,1.5240263863113206e-09
extension,36,style,etf_only,Duration ETF,2.5097815377789227e-09,1.0086421021933756e-08,1.2596202559712679e-08,-6.807868642737689e-09,-2.6157105538553106e-09,1.5240263863113206e-09
extension,36,style,etf_only,Credit ETF,3.818798135203232e-09,1.4514603820538459e-08,1.833340195574169e-08,-1.0382890807275284e-08,-2.6157105538553106e-09,1.5240263863113206e-09
extension,36,style,myopic,Equity A,16.176636225179276,-6.0052153318103,10.171420893368978,-1.0905367475923295,1.827785961320584e-09,1.5254052122894322
extension,36,style,myopic,Equity B,9.594835866157576,6.894472188543342,16.489308054700917,0.6877776922982747,1.827785961320584e-09,1.5254052122894322
extension,36,style,myopic,Duration A,11.832077327467672,5.229955357677341e-10,11.83207732799067,-0.06858792025369005,1.827785961320584e-09,1.5254052122894322
extension,36,style,myopic,Duration B,1.1627420634049633e-08,-7.668531264879478e-09,3.958889369170155e-09,-1.8415237878246035e-09,1.827785961320584e-09,1.5254052122894322
extension,36,style,myopic,Credit A,26.62221810678175,-9.256463818485102,17.36575428829665,-1.5607637214938768,1.827785961320584e-09,1.5254052122894322
extension,36,style,myopic,Credit B,13.898000702919935,8.351952887266853,22.249953590186788,1.7575249737362602,1.827785961320584e-09,1.5254052122894322
extension,36,style,myopic,Equity ETF,21.876231753275317,2.814575239540318e-08,21.87623178142107,0.2719335050083398,1.827785961320584e-09,1.5254052122894322
extension,36,style,myopic,Duration ETF,2.5097815377789227e-09,-3.931384352477757e-10,2.116643102531147e-09,3.372474819017317e-09,1.827785961320584e-09,1.5254052122894322
extension,36,style,myopic,Credit ETF,3.818798135203232e-09,1.899057895033876e-10,4.00870392470662e-09,-1.4878003868872443e-09,1.827785961320584e-09,1.5254052122894322
extension,36,style,dynamic,Equity A,16.176636225179276,-9.288659943155011,6.887976282024266,-0.3729074805672642,2.718538062848261e-09,2.644458136972888
extension,36,style,dynamic,Equity B,9.594835866157576,8.950009695339316,18.544845561496892,0.30831391414844767,2.718538062848261e-09,2.644458136972888
extension,36,style,dynamic,Duration A,11.832077327467672,-3.16385806442554e-11,11.832077327436034,-0.09493179436005363,2.718538062848261e-09,2.644458136972888
extension,36,style,dynamic,Duration B,1.1627420634049633e-08,-5.076854640312661e-09,6.550565993736971e-09,1.93796522508478e-09,2.718538062848261e-09,2.644458136972888
extension,36,style,dynamic,Credit A,26.62221810678175,-17.736403125060185,8.88581498172157,-0.4041260592354009,2.718538062848261e-09,2.644458136972888
extension,36,style,dynamic,Credit B,13.898000702919935,16.157744080386113,30.05574478330605,0.43319166634365497,2.718538062848261e-09,2.644458136972888
extension,36,style,dynamic,Equity ETF,21.876231753275317,1.8908647198970256,23.76709647317234,0.12951849591416476,2.718538062848261e-09,2.644458136972888
extension,36,style,dynamic,Duration ETF,2.5097815377789227e-09,-2.5015177543033538e-09,8.26378347556901e-12,1.0107490629163258e-08,2.718538062848261e-09,2.644458136972888
extension,36,style,dynamic,Credit ETF,3.818798135203232e-09,-3.6230575039408643e-09,1.9574063126236806e-10,1.4318667719203204e-08,2.718538062848261e-09,2.644458136972888
extension,37,style,etf_only,Equity A,16.176636225179276,-1.8283485836434465e-09,16.17663622335093,-0.9688155933757426,-2.6188244814049207e-09,1.5243310469226511e-09
extension,37,style,etf_only,Equity B,9.594835866157576,-1.820942008290416e-09,9.594835864336634,0.7927729851273732,-2.6188244814049207e-09,1.5243310469226511e-09
extension,37,style,etf_only,Duration A,11.832077327467672,-1.8246223976170484e-09,11.83207732564305,-0.01747700336304951,-2.6188244814049207e-09,1.5243310469226511e-09
extension,37,style,etf_only,Duration B,1.1627420634049633e-08,-1.0788475640098511e-08,8.389449939511224e-10,2.566494137597027e-09,-2.6188244814049207e-09,1.5243310469226511e-09
extension,37,style,etf_only,Credit A,26.62221810678175,-1.8275825297564552e-09,26.62221810495417,-0.9557182433568765,-2.6188244814049207e-09,1.5243310469226511e-09
extension,37,style,etf_only,Credit B,13.898000702919935,-1.8216678165927647e-09,13.898000701098267,1.0675103196935716,-2.6188244814049207e-09,1.5243310469226511e-09
extension,37,style,etf_only,Equity ETF,21.876231753275317,-1.829889018090114e-09,21.876231751445427,0.07971437690470069,-2.6188244814049207e-09,1.5243310469226511e-09
extension,37,style,etf_only,Duration ETF,2.5097815377789227e-09,1.0089081308263362e-08,1.2598862846042284e-08,-5.059924523047369e-09,-2.6188244814049207e-09,1.5243310469226511e-09
extension,37,style,etf_only,Credit ETF,3.818798135203232e-09,1.4518484579782474e-08,1.8337282714985703e-08,-1.110221292743893e-08,-2.6188244814049207e-09,1.5243310469226511e-09
extension,37,style,myopic,Equity A,16.176636225179276,-9.660250099852163e-08,16.176636128576778,-0.9688157832091389,3.52024990674311e-09,1.0851076692625778e-08
extension,37,style,myopic,Equity B,9.594835866157576,1.0649140874674501e-07,9.594835972648985,0.7927730480020104,3.52024990674311e-09,1.0851076692625778e-08
extension,37,style,myopic,Duration A,11.832077327467672,-1.2559397966072083e-12,11.832077327466417,-0.01747700172680755,3.52024990674311e-09,1.0851076692625778e-08
extension,37,style,myopic,Duration B,1.1627420634049633e-08,-9.551392973746747e-09,2.0760276603028865e-09,-1.6047966936193456e-10,3.52024990674311e-09,1.0851076692625778e-08
extension,37,style,myopic,Credit A,26.62221810678175,-1.4654444324690985e-09,26.622218105316307,-0.9557180494841901,3.52024990674311e-09,1.0851076692625778e-08
extension,37,style,myopic,Credit B,13.898000702919935,1.4382522950384669e-09,13.898000704358187,1.0675102504761402,3.52024990674311e-09,1.0851076692625778e-08
extension,37,style,myopic,Equity ETF,21.876231753275317,1.4127587988355117e-12,21.876231753276727,0.07971436824067618,3.52024990674311e-09,1.0851076692625778e-08
extension,37,style,myopic,Duration ETF,2.5097815377789227e-09,-1.5931200699408256e-09,9.166614678380968e-10,1.888653879353316e-09,3.52024990674311e-09,1.0851076692625778e-08
extension,37,style,myopic,Credit ETF,3.818798135203232e-09,-2.08366333675538e-09,1.7351347984478525e-09,4.824744696623053e-10,3.52024990674311e-09,1.0851076692625778e-08
extension,37,style,dynamic,Equity A,16.176636225179276,-3.0092390503116655,13.167397174867613,-0.3820844629644646,2.519921218305937e-09,0.7306497358054229
extension,37,style,dynamic,Equity B,9.594835866157576,3.2060796256486737,12.80091549180625,0.2746833553765917,2.519921218305937e-09,0.7306497358054229
extension,37,style,dynamic,Duration A,11.832077327467672,-1.3197776205231548e-12,11.832077327466353,-0.03586457637239056,2.519921218305937e-09,0.7306497358054229
extension,37,style,dynamic,Duration B,1.1627420634049633e-08,-5.271889695223311e-09,6.355530938826321e-09,2.5585217817871622e-09,2.519921218305937e-09,0.7306497358054229
extension,37,style,dynamic,Credit A,26.62221810678175,-4.3009115481250415,22.321306558656712,-0.5005393576658185,2.519921218305937e-09,0.7306497358054229
extension,37,style,dynamic,Credit B,13.898000702919935,4.096764484362591,17.99476518728253,0.501118079472178,2.519921218305937e-09,0.7306497358054229
extension,37,style,dynamic,Equity ETF,21.876231753275317,2.566002965664893e-11,21.876231753300974,0.1416637994429052,2.519921218305937e-09,0.7306497358054229
extension,37,style,dynamic,Duration ETF,2.5097815377789227e-09,-2.488858409310067e-09,2.0923128468855545e-11,9.655451509971405e-09,2.519921218305937e-09,0.7306497358054229
extension,37,style,dynamic,Credit ETF,3.818798135203232e-09,-3.453669119376207e-09,3.6512901582702543e-10,8.331153654389802e-09,2.519921218305937e-09,0.7306497358054229
extension,38,style,etf_only,Equity A,16.176636225179276,-1.8248819122490545e-09,16.176636223354397,-0.023415308092044805,-2.6198796631368488e-09,1.5244343437145556e-09
extension,38,style,etf_only,Equity B,9.594835866157576,-1.8248805244702737e-09,9.594835864332696,-0.011410566013447072,-2.6198796631368488e-09,1.5244343437145556e-09
extension,38,style,etf_only,Duration A,11.832077327467672,-1.824859707788562e-09,11.832077325642814,0.037041962520128535,-2.6198796631368488e-09,1.5244343437145556e-09
extension,38,style,etf_only,Duration B,1.1627420634049633e-08,-1.0788492913944088e-08,8.389277201055454e-10,4.3455815661720695e-09,-2.6198796631368488e-09,1.5244343437145556e-09
extension,38,style,etf_only,Credit A,26.62221810678175,-1.8248513811158773e-09,26.6222181049569,0.013120700095238275,-2.6198796631368488e-09,1.5244343437145556e-09
extension,38,style,etf_only,Credit B,13.898000702919935,-1.824859707788562e-09,13.898000701095075,0.02055585258461571,-2.6198796631368488e-09,1.5244343437145556e-09
extension,38,style,etf_only,Equity ETF,21.876231753275317,-1.8298668136296214e-09,21.87623175144545,-0.03652680037171423,-2.6198796631368488e-09,1.5244343437145556e-09
extension,38,style,etf_only,Duration ETF,2.5097815377789227e-09,1.008998380183222e-08,1.2599765339611142e-08,-3.264811664083019e-09,-2.6198796631368488e-09,1.5244343437145556e-09
extension,38,style,etf_only,Credit ETF,3.818798135203232e-09,1.4519801201874907e-08,1.833859933707814e-08,-6.8574065666419396e-09,-2.6198796631368488e-09,1.5244343437145556e-09
extension,38,style,myopic,Equity A,16.176636225179276,3.287259353612626e-10,16.176636225508005,-0.023415310994658555,1.2000673366333885e-09,5.907437896759393e-10
extension,38,style,myopic,Equity B,9.594835866157576,2.5178609197595847e-10,9.594835866409362,-0.011410568316151951,1.2000673366333885e-09,5.907437896759393e-10
extension,38,style,myopic,Duration A,11.832077327467672,7.540704172193102e-10,11.832077328221743,0.037041960364897424,1.2000673366333885e-09,5.907437896759393e-10
extension,38,style,myopic,Duration B,1.1627420634049633e-08,-7.102370475741736e-09,4.525050158307896e-09,-8.685824351857369e-10,1.2000673366333885e-09,5.907437896759393e-10
extension,38,style,myopic,Credit A,26.62221810678175,1.601263566186617e-09,26.622218108383016,0.013120694972122086,1.2000673366333885e-09,5.907437896759393e-10
extension,38,style,myopic,Credit B,13.898000702919935,8.124279027299508e-10,13.898000703732363,0.020555854594156486,1.2000673366333885e-09,5.907437896759393e-10
extension,38,style,myopic,Equity ETF,21.876231753275317,1.3483741900799373e-09,21.87623175462369,-0.03652679763309376,1.2000673366333885e-09,5.907437896759393e-10
extension,38,style,myopic,Duration ETF,2.5097815377789227e-09,2.4118667913888975e-10,2.7509682169178125e-09,3.2295382499690364e-09,1.2000673366333885e-09,5.907437896759393e-10
extension,38,style,myopic,Credit ETF,3.818798135203232e-09,8.210176415410492e-10,4.639815776744282e-09,2.2035744509591745e-09,1.2000673366333885e-09,5.907437896759393e-10
extension,38,style,dynamic,Equity A,16.176636225179276,1.6732087937398887e-09,16.176636226852487,-0.0234153137106274,9.791376489805984e-10,7.966713115961477e-10
extension,38,style,dynamic,Equity B,9.594835866157576,1.673969296511757e-09,9.594835867831545,-0.01141056788023936,9.791376489805984e-10,7.966713115961477e-10
extension,38,style,dynamic,Duration A,11.832077327467672,1.676876693057494e-09,11.83207732914455,0.03704195325188262,9.791376489805984e-10,7.966713115961477e-10
extension,38,style,dynamic,Duration B,1.1627420634049633e-08,-4.300695746157751e-09,7.3267248878918816e-09,2.764524684256673e-09,9.791376489805984e-10,7.966713115961477e-10
extension,38,style,dynamic,Credit A,26.62221810678175,1.6759871268590132e-09,26.62221810845774,0.013120691152720044,9.791376489805984e-10,7.966713115961477e-10
extension,38,style,dynamic,Credit B,13.898000702919935,1.6763396226693317e-09,13.898000704596274,0.020555849891087843,9.791376489805984e-10,7.966713115961477e-10
extension,38,style,dynamic,Equity ETF,21.876231753275317,1.6702694782821936e-09,21.876231754945586,-0.03652680096147671,9.791376489805984e-10,7.966713115961477e-10
extension,38,style,dynamic,Duration ETF,2.5097815377789227e-09,-3.1176254949759253e-09,-6.078439571970023e-10,1.2704017803606757e-08,9.791376489805984e-10,7.966713115961477e-10
extension,38,style,dynamic,Credit ETF,3.818798135203232e-09,-3.3529774090611752e-09,4.658207261420571e-10,9.227799357489286e-09,9.791376489805984e-10,7.966713115961477e-10
extension,39,style,etf_only,Equity A,16.176636225179276,-1.7968598831075155e-09,16.176636223382417,0.721965624599956,-2.466981724046453e-09,1.5147028943908509e-09
extension,39,style,etf_only,Equity B,9.594835866157576,-1.8043330718420236e-09,9.594835864353243,-0.7900239598342462,-2.466981724046453e-09,1.5147028943908509e-09
extension,39,style,etf_only,Duration A,11.832077327467672,-1.8005749669036675e-09,11.832077325667099,0.08962921970718175,-2.466981724046453e-09,1.5147028943908509e-09
extension,39,style,etf_only,Duration B,1.1627420634049633e-08,-1.0786560944032867e-08,8.408596900167665e-10,2.8288394403073794e-09,-2.466981724046453e-09,1.5147028943908509e-09
extension,39,style,etf_only,Credit A,26.62221810678175,-1.7975843036310835e-09,26.622218104984167,1.0511028371423787,-2.466981724046453e-09,1.5147028943908509e-09
extension,39,style,etf_only,Credit B,13.898000702919935,-1.8035656301762515e-09,13.89800070111637,-0.9606905111347976,-2.466981724046453e-09,1.5147028943908509e-09
extension,39,style,etf_only,Equity ETF,21.876231753275317,-1.878838751245837e-09,21.876231751396478,-0.1138741897875099,-2.466981724046453e-09,1.5147028943908509e-09
extension,39,style,etf_only,Duration ETF,2.5097815377789227e-09,1.0011567076013312e-08,1.2521348613792235e-08,-1.4441180923725955e-09,-2.466981724046453e-09,1.5147028943908509e-09
extension,39,style,etf_only,Credit ETF,3.818798135203232e-09,1.4371041893049863e-08,1.8189840028253096e-08,-1.0119072740178956e-08,-2.466981724046453e-09,1.5147028943908509e-09
extension,39,style,myopic,Equity A,16.176636225179276,5.233166583407112e-06,16.176641458345863,0.721964641627686,2.7946591838648703e-09,5.248411624385649e-07
extension,39,style,myopic,Equity B,9.594835866157576,-5.2360318456012855e-06,9.594830630125731,-0.7900227197368594,2.7946591838648703e-09,5.248411624385649e-07
extension,39,style,myopic,Duration A,11.832077327467672,2.864680714864676e-10,11.83207732775414,0.0896292459777785,2.7946591838648703e-09,5.248411624385649e-07
extension,39,style,myopic,Duration B,1.1627420634049633e-08,-9.306156664687479e-09,2.3212639693621552e-09,2.932082164516291e-11,2.7946591838648703e-09,5.248411624385649e-07
extension,39,style,myopic,Credit A,26.62221810678175,1.1138212574479667e-08,26.622218117919967,1.0511026396952332,2.7946591838648703e-09,5.248411624385649e-07
extension,39,style,myopic,Credit B,13.898000702919935,-5.178432682662049e-09,13.898000697741503,-0.9606903186983512,2.7946591838648703e-09,5.248411624385649e-07
extension,39,style,myopic,Equity ETF,21.876231753275317,1.2167156171472016e-09,21.876231754492032,-0.11387447497179543,2.7946591838648703e-09,5.248411624385649e-07
extension,39,style,myopic,Duration ETF,2.5097815377789227e-09,-1.2881573662726064e-09,1.221624171506316e-09,4.115336863417423e-09,2.7946591838648703e-09,5.248411624385649e-07
extension,39,style,myopic,Credit ETF,3.818798135203232e-09,-1.7840014405465127e-09,2.03479669465672e-09,7.939467896266878e-10,2.7946591838648703e-09,5.248411624385649e-07
extension,39,style,dynamic,Equity A,16.176636225179276,2.6765273583465254,18.853163583525802,0.37736676836828065,2.2529200374840283e-09,0.7118626720208646
extension,39,style,dynamic,Equity B,9.594835866157576,-3.3339040168115286,6.260931849346048,-0.23161930501121716,2.2529200374840283e-09,0.7118626720208646
extension,39,style,dynamic,Duration A,11.832077327467672,4.50195436485501e-12,11.832077327472176,0.11920617435515518,2.2529200374840283e-09,0.7118626720208646
extension,39,style,dynamic,Duration B,1.1627420634049633e-08,-8.708027788894491e-09,2.919392845155142e-09,1.0685447678324744e-08,2.2529200374840283e-09,0.7118626720208646
extension,39,style,dynamic,Credit A,26.62221810678175,4.43854004935168,31.060758156133435,0.5002460455449721,2.2529200374840283e-09,0.7118626720208646
extension,39,style,dynamic,Credit B,13.898000702919935,-3.788282004729165,10.10971869819077,-0.5275156121380764,2.2529200374840283e-09,0.7118626720208646
extension,39,style,dynamic,Equity ETF,21.876231753275317,-4.84001727585337e-11,21.876231753226914,-0.2387110793107499,2.2529200374840283e-09,0.7118626720208646
extension,39,style,dynamic,Duration ETF,2.5097815377789227e-09,-2.7215055281564628e-09,-2.117239903775402e-10,2.3949090558919353e-08,2.2529200374840283e-09,0.7118626720208646
extension,39,style,dynamic,Credit ETF,3.818798135203232e-09,-3.394752115054972e-09,4.240460201482603e-10,1.61100506915238e-08,2.2529200374840283e-09,0.7118626720208646
extension,40,style,etf_only,Equity A,16.176636225179276,-1.7159357268425879e-09,16.17663622346334,5.99705400010481,-2.0462102479189718e-09,1.4835248689164784e-09
extension,40,style,etf_only,Equity B,9.594835866157576,-1.7312942746094961e-09,9.594835864426281,-6.739118073679438,-2.0462102479189718e-09,1.4835248689164784e-09
extension,40,style,etf_only,Duration A,11.832077327467672,-1.72359349015494e-09,11.832077325744079,0.05467554410421681,-2.0462102479189718e-09,1.4835248689164784e-09
extension,40,style,etf_only,Duration B,1.1627420634049633e-08,-1.0780261177561224e-08,8.471594564884079e-10,4.969982370285662e-09,-2.0462102479189718e-09,1.4835248689164784e-09
extension,40,style,etf_only,Credit A,26.62221810678175,-1.7174539568287628e-09,26.6222181050643,9.246524475937647,-2.0462102479189718e-09,1.4835248689164784e-09
extension,40,style,etf_only,Credit B,13.898000702919935,-1.7297413501538017e-09,13.898000701190194,-7.8866809278251155,-2.0462102479189718e-09,1.4835248689164784e-09
extension,40,style,etf_only,Equity ETF,21.876231753275317,-1.994215903522445e-09,21.8762317512811,-0.687554549897457,-2.0462102479189718e-09,1.4835248689164784e-09
extension,40,style,etf_only,Duration ETF,2.5097815377789227e-09,9.756785910550464e-09,1.2266567448329387e-08,-2.0129428569225513e-09,-2.0462102479189718e-09,1.4835248689164784e-09
extension,40,style,etf_only,Credit ETF,3.818798135203232e-09,1.3929541691373986e-08,1.7748339826577217e-08,-1.127572633952077e-08,-2.0462102479189718e-09,1.4835248689164784e-09
extension,40,style,myopic,Equity A,16.176636225179276,6.004417835499498,22.181054060678775,0.8257492464175435,1.3267111693103517e-09,1.5256398395794972
extension,40,style,myopic,Equity B,9.594835866157576,-6.896250906430076,2.698584959727499,-0.4845553855351863,1.3267111693103517e-09,1.5256398395794972
extension,40,style,myopic,Duration A,11.832077327467672,2.4106591722805604e-09,11.832077329878333,0.09619850147902559,1.3267111693103517e-09,1.5256398395794972
extension,40,style,myopic,Duration B,1.1627420634049633e-08,-2.478998308578544e-09,9.148422325471089e-09,-4.024757028751981e-09,1.3267111693103517e-09,1.5256398395794972
extension,40,style,myopic,Credit A,26.62221810678175,9.24435235715319,35.86657046393494,1.2814211861479776,1.3267111693103517e-09,1.5256398395794972
extension,40,style,myopic,Credit B,13.898000702919935,-8.367775679928709,5.530225022991226,-0.8689673722870512,1.3267111693103517e-09,1.5256398395794972
extension,40,style,myopic,Equity ETF,21.876231753275317,-1.2453818531987793e-08,21.8762317408215,-0.8518548047287463,1.3267111693103517e-09,1.5256398395794972
extension,40,style,myopic,Duration ETF,2.5097815377789227e-09,5.211288362066496e-09,7.721069899845419e-09,2.4849300914208897e-09,1.3267111693103517e-09,1.5256398395794972
extension,40,style,myopic,Credit ETF,3.818798135203232e-09,1.556916345956366e-09,5.375714481159598e-09,-2.092810248988087e-09,1.3267111693103517e-09,1.5256398395794972
extension,40,style,dynamic,Equity A,16.176636225179276,9.430705392431674,25.607341617610953,0.46896588123222993,5.452479104068458e-09,2.4877603086776285
extension,40,style,dynamic,Equity B,9.594835866157576,-9.306463488737748,0.28837237741982724,-0.01847934159043916,5.452479104068458e-09,2.4877603086776285
extension,40,style,dynamic,Duration A,11.832077327467672,5.978550987606468e-12,11.832077327473652,0.05885374633422258,5.452479104068458e-09,2.4877603086776285
extension,40,style,dynamic,Duration B,1.1627420634049633e-08,-1.0548317057680889e-08,1.0791035763687434e-09,1.3209562349233808e-08,5.452479104068458e-09,2.4877603086776285
extension,40,style,dynamic,Credit A,26.62221810678175,16.156849341625406,42.77906744840716,0.15507040028776287,5.452479104068458e-09,2.4877603086776285
extension,40,style,dynamic,Credit B,13.898000702919935,-13.898000671636556,3.128337948338021e-08,-6.087783908723571e-09,5.452479104068458e-09,2.4877603086776285
extension,40,style,dynamic,Equity ETF,21.876231753275317,-2.4079681655513943,19.46826358772392,-0.6650962599110263,5.452479104068458e-09,2.4877603086776285
extension,40,style,dynamic,Duration ETF,2.5097815377789227e-09,-2.2961329095738377e-09,2.1364862820508477e-10,3.091912322393934e-08,5.452479104068458e-09,2.4877603086776285
extension,40,style,dynamic,Credit ETF,3.818798135203232e-09,-3.569708152767364e-09,2.4908998243586857e-10,1.3560985508997967e-08,5.452479104068458e-09,2.4877603086776285
extension,41,style,etf_only,Equity A,16.176636225179276,-1.4900441991372304e-09,16.176636223689233,22.966104593821946,-1.0097578676123716e-09,1.395394560743665e-09
extension,41,style,etf_only,Equity B,9.594835866157576,-1.522278136878441e-09,9.594835864635298,-9.687263457597757,-1.0097578676123716e-09,1.395394560743665e-09
extension,41,style,etf_only,Duration A,11.832077327467672,-1.5061382696579528e-09,11.832077325961535,-0.4443248002154897,-1.0097578676123716e-09,1.395394560743665e-09
extension,41,style,etf_only,Duration B,1.1627420634049633e-08,-1.0762310504241961e-08,8.651101298076707e-10,9.42624466494798e-10,-1.0097578676123716e-09,1.395394560743665e-09
extension,41,style,etf_only,Credit A,26.62221810678175,-1.4932610703510818e-09,26.622218105288493,19.967234223712925,-1.0097578676123716e-09,1.395394560743665e-09
extension,41,style,etf_only,Credit B,13.898000702919935,-1.5190265711950701e-09,13.898000701400909,-13.955303925360438,-1.0097578676123716e-09,1.395394560743665e-09
extension,41,style,etf_only,Equity ETF,21.876231753275317,-2.242880881020426e-09,21.876231751032435,-18.88373347651561,-1.0097578676123716e-09,1.395394560743665e-09
extension,41,style,etf_only,Duration ETF,2.5097815377789227e-09,9.029554102381806e-09,1.1539335640160728e-08,-8.356902131586944e-09,-1.0097578676123716e-09,1.395394560743665e-09
extension,41,style,etf_only,Credit ETF,3.818798135203232e-09,1.276464617512668e-08,1.6583444310329912e-08,-1.5261685380969436e-08,-1.0097578676123716e-09,1.395394560743665e-09
extension,41,style,myopic,Equity A,16.176636225179276,23.995443972915904,40.17208019809518,0.4265783993987084,1.8370235454340245e-09,3.7361642751724014
extension,41,style,myopic,Equity B,9.594835866157576,-9.59483586493038,1.2271964254209212e-09,-9.295541134688342e-10,1.8370235454340245e-09,3.7361642751724014
extension,41,style,myopic,Duration A,11.832077327467672,-1.706145363877809e-08,11.83207731040622,-0.4987385505618433,1.8370235454340245e-09,3.7361642751724014
extension,41,style,myopic,Duration B,1.1627420634049633e-08,-1.0327219786268843e-08,1.3002008477807906e-09,-3.9453763370113466e-10,1.8370235454340245e-09,3.7361642751724014
extension,41,style,myopic,Credit A,26.62221810678175,19.29929809053969,45.921516197321445,0.8468840879501125,1.8370235454340245e-09,3.7361642751724014
extension,41,style,myopic,Credit B,13.898000702919935,-13.898000702480399,4.3953612050498745e-10,-2.23674181587852e-10,1.8370235454340245e-09,3.7361642751724014
extension,41,style,myopic,Equity ETF,21.876231753275317,-19.839267107330556,2.0369646459447575,-0.7758476282810671,1.8370235454340245e-09,3.7361642751724014
extension,41,style,myopic,Duration ETF,2.5097815377789227e-09,-2.3332869773636522e-09,1.7649456041527039e-10,1.3436963804506164e-09,1.8370235454340245e-09,3.7361642751724014
extension,41,style,myopic,Credit ETF,3.818798135203232e-09,-3.3185887213861416e-09,5.002094138170909e-10,-1.1495315845060165e-10,1.8370235454340245e-09,3.7361642751724014
extension,41,style,dynamic,Equity A,16.176636225179276,25.340063739109297,41.51669996428857,0.19778819753091784,2.87699328336416e-09,4.255852751693905
extension,41,style,dynamic,Equity B,9.594835866157576,-9.59483586610888,4.869583716864253e-11,2.540383436440609e-09,2.87699328336416e-09,4.255852751693905
extension,41,style,dynamic,Duration A,11.832077327467672,-3.7736079789511825,8.05846934851649,-0.2516122739515075,2.87699328336416e-09,4.255852751693905
extension,41,style,dynamic,Duration B,1.1627420634049633e-08,-1.060885951116524e-08,1.018561122884392e-09,5.175946245031428e-09,2.87699328336416e-09,4.255852751693905
extension,41,style,dynamic,Credit A,26.62221810678175,23.760054037088814,50.382272143870566,0.05333126174319444,2.87699328336416e-09,4.255852751693905
extension,41,style,dynamic,Credit B,13.898000702919935,-13.89800070291135,8.585804605252325e-12,2.2572971027216e-09,2.87699328336416e-09,4.255852751693905
extension,41,style,dynamic,Equity ETF,21.876231753275317,-21.87623174138518,1.1890136171771029e-08,-1.7832451485172888e-09,2.87699328336416e-09,4.255852751693905
extension,41,style,dynamic,Duration ETF,2.5097815377789227e-09,-2.44572336917343e-09,6.40581686054927e-11,8.322543851768274e-09,2.87699328336416e-09,4.255852751693905
extension,41,style,dynamic,Credit ETF,3.818798135203232e-09,-3.918408558834294e-09,-9.961042363106221e-11,3.983944724269675e-09,2.87699328336416e-09,4.255852751693905
extension,42,style,etf_only,Equity A,16.176636225179276,-3.5224601013794654e-10,16.176636224827032,-13.092897247303565,-2.096999760316004e-09,1.0438408379457333e-09
extension,42,style,etf_only,Equity B,9.594835866157576,-3.1353808438439046e-10,9.594835865844038,13.986640622964314,-2.096999760316004e-09,1.0438408379457333e-09
extension,42,style,etf_only,Duration A,11.832077327467672,-3.3342634209176936e-10,11.832077327134247,-0.23854691934695757,-2.096999760316004e-09,1.0438408379457333e-09
extension,42,style,etf_only,Duration B,1.1627420634049633e-08,-1.0617732194304203e-08,1.009688439745429e-09,1.0473724721209729e-09,-2.096999760316004e-09,1.0438408379457333e-09
extension,42,style,etf_only,Credit A,26.62221810678175,-3.4831026951565036e-10,26.622218106433444,-23.702957658800166,-2.096999760316004e-09,1.0438408379457333e-09
extension,42,style,etf_only,Credit B,13.898000702919935,-3.1784852527749763e-10,13.898000702602086,22.167586714225024,-2.096999760316004e-09,1.0438408379457333e-09
extension,42,style,etf_only,Equity ETF,21.876231753275317,-3.426084416169317e-09,21.876231749849232,0.8434024280592349,-2.096999760316004e-09,1.0438408379457333e-09
extension,42,style,etf_only,Duration ETF,2.5097815377789227e-09,6.174104410449194e-09,8.683885948228117e-09,-6.058288651681656e-09,-2.096999760316004e-09,1.0438408379457333e-09
extension,42,style,etf_only,Credit ETF,3.818798135203232e-09,1.1884099506389515e-08,1.5702897641592744e-08,-8.256399171181578e-09,-2.096999760316004e-09,1.0438408379457333e-09
extension,42,style,myopic,Equity A,16.176636225179276,-16.17663621994061,5.238664575631508e-09,0.0012942549672904698,1.8952456683034302e-09,4.277746562960725
extension,42,style,myopic,Equity B,9.594835866157576,18.100645098923856,27.69548096508143,-0.0011357500269972183,1.8952456683034302e-09,4.277746562960725
extension,42,style,myopic,Duration A,11.832077327467672,-3.312841251323917e-08,11.83207729433926,-0.3492801872007619,1.8952456683034302e-09,4.277746562960725
extension,42,style,myopic,Duration B,1.1627420634049633e-08,-9.974656310644406e-09,1.6527643234052267e-09,-9.483783838140003e-11,1.8952456683034302e-09,4.277746562960725
extension,42,style,myopic,Credit A,26.62221810678175,-26.622218105412777,1.3689780821396055e-09,-2.332469494535836e-10,1.8952456683034302e-09,4.277746562960725
extension,42,style,myopic,Credit B,13.898000702919935,24.65543177908511,38.55343248200504,0.19306908201375067,1.8952456683034302e-09,4.277746562960725
extension,42,style,myopic,Equity ETF,21.876231753275317,2.7528887502903387e-08,21.876231780804204,0.15561451349661437,1.8952456683034302e-09,4.277746562960725
extension,42,style,myopic,Duration ETF,2.5097815377789227e-09,-2.0339886287812075e-09,4.757929089977153e-10,1.9929304103163528e-09,1.8952456683034302e-09,4.277746562960725
extension,42,style,myopic,Credit ETF,3.818798135203232e-09,-2.3098043992701022e-09,1.5089937359331302e-09,9.940944393283731e-10,1.8952456683034302e-09,4.277746562960725
extension,42,style,dynamic,Equity A,16.176636225179276,-16.17663622513145,4.782859899557438e-11,0.0015806981396016833,3.203051414596772e-09,4.583225718929153
extension,42,style,dynamic,Equity B,9.594835866157576,17.899223814979127,27.4940596811367,0.000231574713890285,3.203051414596772e-09,4.583225718929153
extension,42,style,dynamic,Duration A,11.832077327467672,-3.0563189720412884,8.775758355426385,-0.20103264260450246,3.203051414596772e-09,4.583225718929153
extension,42,style,dynamic,Duration B,1.1627420634049633e-08,-1.0875391434189829e-08,7.520291998598041e-10,3.5437441754226352e-09,3.203051414596772e-09,4.583225718929153
extension,42,style,dynamic,Credit A,26.62221810678175,-26.62221810679763,-1.5877450048613233e-11,2.7747119276803853e-09,3.203051414596772e-09,4.583225718929153
extension,42,style,dynamic,Credit B,13.898000702919935,27.91011724615865,41.808117949078586,0.05823230929862329,3.203051414596772e-09,4.583225718929153
extension,42,style,dynamic,Equity ETF,21.876231753275317,3.846367668813855e-11,21.87623175331378,0.1406291203287236,3.203051414596772e-09,4.583225718929153
extension,42,style,dynamic,Duration ETF,2.5097815377789227e-09,-2.884735016137234e-09,-3.749534783583113e-10,6.1163739092265025e-09,3.203051414596772e-09,4.583225718929153
extension,42,style,dynamic,Credit ETF,3.818798135203232e-09,-3.5756320072806152e-09,2.431661279226172e-10,5.13854650132491e-09,3.203051414596772e-09,4.583225718929153
extension,43,style,etf_only,Equity A,16.176636225179276,-1.8313572880401807e-09,16.17663622334792,-4.332975216732686,-2.6157105538553106e-09,1.5240263863113206e-09
extension,43,style,etf_only,Equity B,9.594835866157576,-1.816548300670462e-09,9.594835864341029,4.328900782118493,-2.6157105538553106e-09,1.5240263863113206e-09
extension,43,style,etf_only,Duration A,11.832077327467672,-1.8239298960054384e-09,11.832077325643743,-0.023126166258811916,-2.6157105538553106e-09,1.5240263863113206e-09
extension,43,style,etf_only,Duration B,1.1627420634049633e-08,-1.078842471679959e-08,8.389959172500415e-10,2.1976081315029813e-09,-2.6157105538553106e-09,1.5240263863113206e-09
extension,43,style,etf_only,Credit A,26.62221810678175,-1.8298584869569368e-09,26.622218104951894,-4.669519256305424,-2.6157105538553106e-09,1.5240263863113206e-09
extension,43,style,etf_only,Credit B,13.898000702919935,-1.8180124072841863e-09,13.898000701101923,4.648816166271596,-2.6157105538553106e-09,1.5240263863113206e-09
extension,43,style,etf_only,Equity ETF,21.876231753275317,-1.8299667337018377e-09,21.87623175144535,0.03888992403039903,-2.6157105538553106e-09,1.5240263863113206e-09
extension,43,style,etf_only,Duration ETF,2.5097815377789227e-09,1.0086421021933756e-08,1.2596202559712679e-08,-7.353907022495834e-09,-2.6157105538553106e-09,1.5240263863113206e-09
extension,43,style,etf_only,Credit ETF,3.818798135203232e-09,1.4514603820538459e-08,1.833340195574169e-08,-1.2596137701900395e-08,-2.6157105538553106e-09,1.5240263863113206e-09
extension,43,style,myopic,Equity A,16.176636225179276,-6.0052153318103,10.171420893368978,-0.44045598914916423,1.827785961320584e-09,1.5254052122894322
extension,43,style,myopic,Equity B,9.594835866157576,6.894472188543342,16.489308054700917,0.30516410644687264,1.827785961320584e-09,1.5254052122894322
extension,43,style,myopic,Duration A,11.832077327467672,5.229955357677341e-10,11.83207732799067,-0.06227116530114257,1.827785961320584e-09,1.5254052122894322
extension,43,style,myopic,Duration B,1.1627420634049633e-08,-7.668531264879478e-09,3.958889369170155e-09,-1.4486384421036737e-09,1.827785961320584e-09,1.5254052122894322
extension,43,style,myopic,Credit A,26.62221810678175,-9.256463818485102,17.36575428829665,-0.7822353601183998,1.827785961320584e-09,1.5254052122894322
extension,43,style,myopic,Credit B,13.898000702919935,8.351952887266853,22.249953590186788,0.8003322725772088,1.827785961320584e-09,1.5254052122894322
extension,43,style,myopic,Equity ETF,21.876231753275317,2.814575239540318e-08,21.87623178142107,0.1781549488355392,1.827785961320584e-09,1.5254052122894322
extension,43,style,myopic,Duration ETF,2.5097815377789227e-09,-3.931384352477757e-10,2.116643102531147e-09,5.667847222993176e-10,1.827785961320584e-09,1.5254052122894322
extension,43,style,myopic,Credit ETF,3.818798135203232e-09,1.899057895033876e-10,4.00870392470662e-09,-2.5563689422710413e-10,1.827785961320584e-09,1.5254052122894322
extension,43,style,dynamic,Equity A,16.176636225179276,-7.83990970604211,8.336726519137168,-0.21761485690830695,2.648682854533395e-09,2.261971260004126
extension,43,style,dynamic,Equity B,9.594835866157576,8.018717216771567,17.613553082929144,0.16063393143013302,2.648682854533395e-09,2.261971260004126
extension,43,style,dynamic,Duration A,11.832077327467672,-1.2730094756108201e-11,11.832077327454943,-0.07587795003710308,2.648682854533395e-09,2.261971260004126
extension,43,style,dynamic,Duration B,1.1627420634049633e-08,-1.0705030286731805e-08,9.223903473178281e-10,7.977719253915737e-09,2.648682854533395e-09,2.261971260004126
extension,43,style,dynamic,Credit A,26.62221810678175,-15.100238937059684,11.521979169722067,-0.3063668357157001,2.648682854533395e-09,2.261971260004126
extension,43,style,dynamic,Credit B,13.898000702919935,13.868391058949195,27.76639176186913,0.32116217159245464,2.648682854533395e-09,2.261971260004126
extension,43,style,dynamic,Equity ETF,21.876231753275317,1.0304206697340224,22.906652423009337,0.11666563830818279,2.648682854533395e-09,2.261971260004126
extension,43,style,dynamic,Duration ETF,2.5097815377789227e-09,-3.0868223899257332e-09,-5.770408521468106e-10,1.512007503044948e-08,2.648682854533395e-09,2.261971260004126
extension,43,style,dynamic,Credit ETF,3.818798135203232e-09,-3.53467344124169e-09,2.8412469396154223e-10,0.0006056934610341007,2.648682854533395e-09,2.261971260004126
extension,44,style,etf_only,Equity A,16.176636225179276,-1.8283485836434465e-09,16.17663622335093,-0.6448708914427183,-2.6188244814049207e-09,1.5243310469226511e-09
extension,44,style,etf_only,Equity B,9.594835866157576,-1.820942008290416e-09,9.594835864336634,0.4872690937751349,-2.6188244814049207e-09,1.5243310469226511e-09
extension,44,style,etf_only,Duration A,11.832077327467672,-1.8246223976170484e-09,11.83207732564305,-0.01403309211515729,-2.6188244814049207e-09,1.5243310469226511e-09
extension,44,style,etf_only,Duration B,1.1627420634049633e-08,-1.0788475640098511e-08,8.389449939511224e-10,2.4325666577364476e-09,-2.6188244814049207e-09,1.5243310469226511e-09
extension,44,style,etf_only,Credit A,26.62221810678175,-1.8275825297564552e-09,26.62221810495417,-0.6697114648357838,-2.6188244814049207e-09,1.5243310469226511e-09
extension,44,style,etf_only,Credit B,13.898000702919935,-1.8216678165927647e-09,13.898000701098267,0.7323575354552758,-2.6188244814049207e-09,1.5243310469226511e-09
extension,44,style,etf_only,Equity ETF,21.876231753275317,-1.829889018090114e-09,21.876231751445427,0.10756240776698864,-2.6188244814049207e-09,1.5243310469226511e-09
extension,44,style,etf_only,Duration ETF,2.5097815377789227e-09,1.0089081308263362e-08,1.2598862846042284e-08,-5.410645130213176e-09,-2.6188244814049207e-09,1.5243310469226511e-09
extension,44,style,etf_only,Credit ETF,3.818798135203232e-09,1.4518484579782474e-08,1.8337282714985703e-08,-1.0882877408644687e-08,-2.6188244814049207e-09,1.5243310469226511e-09
extension,44,style,myopic,Equity A,16.176636225179276,-9.660250099852163e-08,16.176636128576778,-0.644870865978091,3.52024990674311e-09,1.0851076692625778e-08
extension,44,style,myopic,Equity B,9.594835866157576,1.0649140874674501e-07,9.594835972648985,0.4872692107964464,3.52024990674311e-09,1.0851076692625778e-08
extension,44,style,myopic,Duration A,11.832077327467672,-1.2559397966072083e-12,11.832077327466417,-0.014033080840912298,3.52024990674311e-09,1.0851076692625778e-08
extension,44,style,myopic,Duration B,1.1627420634049633e-08,-9.551392973746747e-09,2.0760276603028865e-09,-5.323676393637487e-10,3.52024990674311e-09,1.0851076692625778e-08
extension,44,style,myopic,Credit A,26.62221810678175,-1.4654444324690985e-09,26.622218105316307,-0.6697114683283328,3.52024990674311e-09,1.0851076692625778e-08
extension,44,style,myopic,Credit B,13.898000702919935,1.4382522950384669e-09,13.898000704358187,0.7323575385622852,3.52024990674311e-09,1.0851076692625778e-08
extension,44,style,myopic,Equity ETF,21.876231753275317,1.4127587988355117e-12,21.876231753276727,0.10756224471901593,3.52024990674311e-09,1.0851076692625778e-08
extension,44,style,myopic,Duration ETF,2.5097815377789227e-09,-1.5931200699408256e-09,9.166614678380968e-10,1.1997045725634052e-09,3.52024990674311e-09,1.0851076692625778e-08
extension,44,style,myopic,Credit ETF,3.818798135203232e-09,-2.08366333675538e-09,1.7351347984478525e-09,4.462116728552736e-10,3.52024990674311e-09,1.0851076692625778e-08
extension,44,style,dynamic,Equity A,16.176636225179276,-2.5070164820521876,13.66961974312709,-0.31558971315913287,1.6589970804720914e-09,0.5529089309506026
extension,44,style,dynamic,Equity B,9.594835866157576,2.5970503153683557,12.191886181525932,0.21729106600358716,1.6589970804720914e-09,0.5529089309506026
extension,44,style,dynamic,Duration A,11.832077327467672,-1.1268763699945339e-12,11.832077327466546,-0.026162227824086087,1.6589970804720914e-09,0.5529089309506026
extension,44,style,dynamic,Duration B,1.1627420634049633e-08,-4.574173211673567e-09,7.053247422376065e-09,-1.5249260152662816e-10,1.6589970804720914e-09,0.5529089309506026
extension,44,style,dynamic,Credit A,26.62221810678175,-3.0248373636304975,23.597380743151255,-0.3847407856007398,1.6589970804720914e-09,0.5529089309506026
extension,44,style,dynamic,Credit B,13.898000702919935,2.9292744507514956,16.82727515367143,0.392575474398174,1.6589970804720914e-09,0.5529089309506026
extension,44,style,dynamic,Equity ETF,21.876231753275317,8.81239525796218e-12,21.876231753284127,0.11574497634826231,1.6589970804720914e-09,0.5529089309506026
extension,44,style,dynamic,Duration ETF,2.5097815377789227e-09,-2.6834117111478946e-09,-1.7363017336897184e-10,5.9490292163818424e-09,1.6589970804720914e-09,0.5529089309506026
extension,44,style,dynamic,Credit ETF,3.818798135203232e-09,-3.893312933746144e-09,-7.451479854291196e-11,4.967889825432444e-09,1.6589970804720914e-09,0.5529089309506026
extension,45,style,etf_only,Equity A,16.176636225179276,-1.8248819122490545e-09,16.176636223354397,-0.023415308092044805,-2.6198796631368488e-09,1.5244343437145556e-09
extension,45,style,etf_only,Equity B,9.594835866157576,-1.8248805244702737e-09,9.594835864332696,-0.011410566013447072,-2.6198796631368488e-09,1.5244343437145556e-09
extension,45,style,etf_only,Duration A,11.832077327467672,-1.824859707788562e-09,11.832077325642814,0.037041962520128535,-2.6198796631368488e-09,1.5244343437145556e-09
extension,45,style,etf_only,Duration B,1.1627420634049633e-08,-1.0788492913944088e-08,8.389277201055454e-10,4.3455815661720695e-09,-2.6198796631368488e-09,1.5244343437145556e-09
extension,45,style,etf_only,Credit A,26.62221810678175,-1.8248513811158773e-09,26.6222181049569,0.013120700095238275,-2.6198796631368488e-09,1.5244343437145556e-09
extension,45,style,etf_only,Credit B,13.898000702919935,-1.824859707788562e-09,13.898000701095075,0.02055585258461571,-2.6198796631368488e-09,1.5244343437145556e-09
extension,45,style,etf_only,Equity ETF,21.876231753275317,-1.8298668136296214e-09,21.87623175144545,-0.03652680037171423,-2.6198796631368488e-09,1.5244343437145556e-09
extension,45,style,etf_only,Duration ETF,2.5097815377789227e-09,1.008998380183222e-08,1.2599765339611142e-08,-3.264811664083019e-09,-2.6198796631368488e-09,1.5244343437145556e-09
extension,45,style,etf_only,Credit ETF,3.818798135203232e-09,1.4519801201874907e-08,1.833859933707814e-08,-6.8574065666419396e-09,-2.6198796631368488e-09,1.5244343437145556e-09
extension,45,style,myopic,Equity A,16.176636225179276,3.287259353612626e-10,16.176636225508005,-0.023415310994658555,1.2000673366333885e-09,5.907437896759393e-10
extension,45,style,myopic,Equity B,9.594835866157576,2.5178609197595847e-10,9.594835866409362,-0.011410568316151951,1.2000673366333885e-09,5.907437896759393e-10
extension,45,style,myopic,Duration A,11.832077327467672,7.540704172193102e-10,11.832077328221743,0.037041960364897424,1.2000673366333885e-09,5.907437896759393e-10
extension,45,style,myopic,Duration B,1.1627420634049633e-08,-7.102370475741736e-09,4.525050158307896e-09,-8.685824351857369e-10,1.2000673366333885e-09,5.907437896759393e-10
extension,45,style,myopic,Credit A,26.62221810678175,1.601263566186617e-09,26.622218108383016,0.013120694972122086,1.2000673366333885e-09,5.907437896759393e-10
extension,45,style,myopic,Credit B,13.898000702919935,8.124279027299508e-10,13.898000703732363,0.020555854594156486,1.2000673366333885e-09,5.907437896759393e-10
extension,45,style,myopic,Equity ETF,21.876231753275317,1.3483741900799373e-09,21.87623175462369,-0.03652679763309376,1.2000673366333885e-09,5.907437896759393e-10
extension,45,style,myopic,Duration ETF,2.5097815377789227e-09,2.4118667913888975e-10,2.7509682169178125e-09,3.2295382499690364e-09,1.2000673366333885e-09,5.907437896759393e-10
extension,45,style,myopic,Credit ETF,3.818798135203232e-09,8.210176415410492e-10,4.639815776744282e-09,2.2035744509591745e-09,1.2000673366333885e-09,5.907437896759393e-10
extension,45,style,dynamic,Equity A,16.176636225179276,1.6732087937398887e-09,16.176636226852487,-0.0234153137106274,9.791376489805984e-10,7.966713115961477e-10
extension,45,style,dynamic,Equity B,9.594835866157576,1.673969296511757e-09,9.594835867831545,-0.01141056788023936,9.791376489805984e-10,7.966713115961477e-10
extension,45,style,dynamic,Duration A,11.832077327467672,1.676876693057494e-09,11.83207732914455,0.03704195325188262,9.791376489805984e-10,7.966713115961477e-10
extension,45,style,dynamic,Duration B,1.1627420634049633e-08,-4.300695746157751e-09,7.3267248878918816e-09,2.764524684256673e-09,9.791376489805984e-10,7.966713115961477e-10
extension,45,style,dynamic,Credit A,26.62221810678175,1.6759871268590132e-09,26.62221810845774,0.013120691152720044,9.791376489805984e-10,7.966713115961477e-10
extension,45,style,dynamic,Credit B,13.898000702919935,1.6763396226693317e-09,13.898000704596274,0.020555849891087843,9.791376489805984e-10,7.966713115961477e-10
extension,45,style,dynamic,Equity ETF,21.876231753275317,1.6702694782821936e-09,21.876231754945586,-0.03652680096147671,9.791376489805984e-10,7.966713115961477e-10
extension,45,style,dynamic,Duration ETF,2.5097815377789227e-09,-3.1176254949759253e-09,-6.078439571970023e-10,1.2704017803606757e-08,9.791376489805984e-10,7.966713115961477e-10
extension,45,style,dynamic,Credit ETF,3.818798135203232e-09,-3.3529774090611752e-09,4.658207261420571e-10,9.227799357489286e-09,9.791376489805984e-10,7.966713115961477e-10
extension,46,style,etf_only,Equity A,16.176636225179276,-1.7968598831075155e-09,16.176636223382417,0.5355170266825948,-2.466981724046453e-09,1.5147028943908509e-09
extension,46,style,etf_only,Equity B,9.594835866157576,-1.8043330718420236e-09,9.594835864353243,-0.5046226661820424,-2.466981724046453e-09,1.5147028943908509e-09
extension,46,style,etf_only,Duration A,11.832077327467672,-1.8005749669036675e-09,11.832077325667099,0.08626577857660264,-2.466981724046453e-09,1.5147028943908509e-09
extension,46,style,etf_only,Duration B,1.1627420634049633e-08,-1.0786560944032867e-08,8.408596900167665e-10,2.48329712550608e-09,-2.466981724046453e-09,1.5147028943908509e-09
extension,46,style,etf_only,Credit A,26.62221810678175,-1.7975843036310835e-09,26.622218104984167,0.7022277061391785,-2.466981724046453e-09,1.5147028943908509e-09
extension,46,style,etf_only,Credit B,13.898000702919935,-1.8035656301762515e-09,13.89800070111637,-0.6776863742842578,-2.466981724046453e-09,1.5147028943908509e-09
extension,46,style,etf_only,Equity ETF,21.876231753275317,-1.878838751245837e-09,21.876231751396478,-0.14307757735347615,-2.466981724046453e-09,1.5147028943908509e-09
extension,46,style,etf_only,Duration ETF,2.5097815377789227e-09,1.0011567076013312e-08,1.2521348613792235e-08,-3.10853129806808e-09,-2.466981724046453e-09,1.5147028943908509e-09
extension,46,style,etf_only,Credit ETF,3.818798135203232e-09,1.4371041893049863e-08,1.8189840028253096e-08,-1.0091513018889514e-08,-2.466981724046453e-09,1.5147028943908509e-09
extension,46,style,myopic,Equity A,16.176636225179276,5.233166583407112e-06,16.176641458345863,0.5355165147092911,2.7946591838648703e-09,5.248411624385649e-07
extension,46,style,myopic,Equity B,9.594835866157576,-5.2360318456012855e-06,9.594830630125731,-0.5046219635533871,2.7946591838648703e-09,5.248411624385649e-07
extension,46,style,myopic,Duration A,11.832077327467672,2.864680714864676e-10,11.83207732775414,0.0862658049472337,2.7946591838648703e-09,5.248411624385649e-07
extension,46,style,myopic,Duration B,1.1627420634049633e-08,-9.306156664687479e-09,2.3212639693621552e-09,-7.220242947056227e-10,2.7946591838648703e-09,5.248411624385649e-07
extension,46,style,myopic,Credit A,26.62221810678175,1.1138212574479667e-08,26.622218117919967,0.7022277133474493,2.7946591838648703e-09,5.248411624385649e-07
extension,46,style,myopic,Credit B,13.898000702919935,-5.178432682662049e-09,13.898000697741503,-0.6776862160671897,2.7946591838648703e-09,5.248411624385649e-07
extension,46,style,myopic,Equity ETF,21.876231753275317,1.2167156171472016e-09,21.876231754492032,-0.14307796721780494,2.7946591838648703e-09,5.248411624385649e-07
extension,46,style,myopic,Duration ETF,2.5097815377789227e-09,-1.2881573662726064e-09,1.221624171506316e-09,2.4469757254471884e-09,2.7946591838648703e-09,5.248411624385649e-07
extension,46,style,myopic,Credit ETF,3.818798135203232e-09,-1.7840014405465127e-09,2.03479669465672e-09,3.2303962026286535e-10,2.7946591838648703e-09,5.248411624385649e-07
extension,46,style,dynamic,Equity A,16.176636225179276,2.1607422656502893,18.33737849082957,0.34939076939894925,4.257226205405234e-09,0.5334186534783542
extension,46,style,dynamic,Equity B,9.594835866157576,-2.7093566203504476,6.885479245807129,-0.22381996546231359,4.257226205405234e-09,0.5334186534783542
extension,46,style,dynamic,Duration A,11.832077327467672,-1.522393322517246e-12,11.83207732746615,0.10448692911142025,4.257226205405234e-09,0.5334186534783542
extension,46,style,dynamic,Duration B,1.1627420634049633e-08,-7.0073618822674875e-09,4.620058751782145e-09,5.712198769331773e-09,4.257226205405234e-09,0.5334186534783542
extension,46,style,dynamic,Credit A,26.62221810678175,3.170777175707762,29.792995282489514,0.38137960011405686,4.257226205405234e-09,0.5334186534783542
extension,46,style,dynamic,Credit B,13.898000702919935,-2.627496998397319,11.270503704522616,-0.38964850398601664,4.257226205405234e-09,0.5334186534783542
extension,46,style,dynamic,Equity ETF,21.876231753275317,-3.5532687903128135e-11,21.876231753239782,-0.2226849617892007,4.257226205405234e-09,0.5334186534783542
extension,46,style,dynamic,Duration ETF,2.5097815377789227e-09,-2.4885968950987862e-09,2.118464268013636e-11,1.984369561564587e-08,4.257226205405234e-09,0.5334186534783542
extension,46,style,dynamic,Credit ETF,3.818798135203232e-09,-3.606823838358728e-09,2.119742968445043e-10,1.294887885883368e-08,4.257226205405234e-09,0.5334186534783542
extension,47,style,etf_only,Equity A,16.176636225179276,-1.7159357268425879e-09,16.17663622346334,3.890043903292193,-2.0462102479189718e-09,1.4835248689164784e-09
extension,47,style,etf_only,Equity B,9.594835866157576,-1.7312942746094961e-09,9.594835864426281,-4.456854973148167,-2.0462102479189718e-09,1.4835248689164784e-09
extension,47,style,etf_only,Duration A,11.832077327467672,-1.72359349015494e-09,11.832077325744079,0.06474785362191338,-2.0462102479189718e-09,1.4835248689164784e-09
extension,47,style,etf_only,Duration B,1.1627420634049633e-08,-1.0780261177561224e-08,8.471594564884079e-10,2.6219213705502712e-09,-2.0462102479189718e-09,1.4835248689164784e-09
extension,47,style,etf_only,Credit A,26.62221810678175,-1.7174539568287628e-09,26.6222181050643,4.636409408038981,-2.0462102479189718e-09,1.4835248689164784e-09
extension,47,style,etf_only,Credit B,13.898000702919935,-1.7297413501538017e-09,13.898000701190194,-3.7931005154364663,-2.0462102479189718e-09,1.4835248689164784e-09
extension,47,style,etf_only,Equity ETF,21.876231753275317,-1.994215903522445e-09,21.8762317512811,-0.3497361887560223,-2.0462102479189718e-09,1.4835248689164784e-09
extension,47,style,etf_only,Duration ETF,2.5097815377789227e-09,9.756785910550464e-09,1.2266567448329387e-08,-6.360978333351869e-09,-2.0462102479189718e-09,1.4835248689164784e-09
extension,47,style,etf_only,Credit ETF,3.818798135203232e-09,1.3929541691373986e-08,1.7748339826577217e-08,-1.2438320791278153e-08,-2.0462102479189718e-09,1.4835248689164784e-09
extension,47,style,myopic,Equity A,16.176636225179276,6.004417835499498,22.181054060678775,0.4842231896476283,1.3267111693103517e-09,1.5256398395794972
extension,47,style,myopic,Equity B,9.594835866157576,-6.896250906430076,2.698584959727499,-0.13171124439681806,1.3267111693103517e-09,1.5256398395794972
extension,47,style,myopic,Duration A,11.832077327467672,2.4106591722805604e-09,11.832077329878333,0.17217223517142585,1.3267111693103517e-09,1.5256398395794972
extension,47,style,myopic,Duration B,1.1627420634049633e-08,-2.478998308578544e-09,9.148422325471089e-09,-3.667859506209228e-09,1.3267111693103517e-09,1.5256398395794972
extension,47,style,myopic,Credit A,26.62221810678175,9.24435235715319,35.86657046393494,0.6374162862124156,1.3267111693103517e-09,1.5256398395794972
extension,47,style,myopic,Credit B,13.898000702919935,-8.367775679928709,5.530225022991226,-0.5563840054478328,1.3267111693103517e-09,1.5256398395794972
extension,47,style,myopic,Equity ETF,21.876231753275317,-1.2453818531987793e-08,21.8762317408215,-0.6068770605016865,1.3267111693103517e-09,1.5256398395794972
extension,47,style,myopic,Duration ETF,2.5097815377789227e-09,5.211288362066496e-09,7.721069899845419e-09,3.123325990205164e-09,1.3267111693103517e-09,1.5256398395794972
extension,47,style,myopic,Credit ETF,3.818798135203232e-09,1.556916345956366e-09,5.375714481159598e-09,-1.0815057584899806e-09,1.3267111693103517e-09,1.5256398395794972
extension,47,style,dynamic,Equity A,16.176636225179276,7.57071061017848,23.747346835357757,0.3339489023393248,1.3914187998401856e-10,2.2427254916298605
extension,47,style,dynamic,Equity B,9.594835866157576,-8.083270090497637,1.5115657756599394,-0.027912281770413716,1.3914187998401856e-10,2.2427254916298605
extension,47,style,dynamic,Duration A,11.832077327467672,1.5805412534319885e-11,11.832077327483479,0.12138891884037706,1.3914187998401856e-10,2.2427254916298605
extension,47,style,dynamic,Duration B,1.1627420634049633e-08,-8.68802848613549e-09,2.939392147914142e-09,1.548169680003995e-08,1.3914187998401856e-10,2.2427254916298605
extension,47,style,dynamic,Credit A,26.62221810678175,15.198735282788089,41.820953389569844,0.09854771065756238,1.3914187998401856e-10,2.2427254916298605
extension,47,style,dynamic,Credit B,13.898000702919935,-13.530587701655492,0.3674130012644427,-0.02769320304625344,1.3914187998401856e-10,2.2427254916298605
extension,47,style,dynamic,Equity ETF,21.876231753275317,-1.1780153403182085,20.69821641295711,-0.498905600457723,1.3914187998401856e-10,2.2427254916298605
extension,47,style,dynamic,Duration ETF,2.5097815377789227e-09,-2.261339655749165e-09,2.484418820297575e-10,4.0072079756015596e-08,1.3914187998401856e-10,2.2427254916298605
extension,47,style,dynamic,Credit ETF,3.818798135203232e-09,-4.354653667876619e-09,-5.358555326733869e-10,1.9560676800820608e-08,1.3914187998401856e-10,2.2427254916298605
extension,48,style,etf_only,Equity A,16.176636225179276,-1.4900441991372304e-09,16.176636223689233,14.999848270484067,-1.0097578676123716e-09,1.395394560743665e-09
extension,48,style,etf_only,Equity B,9.594835866157576,-1.522278136878441e-09,9.594835864635298,-9.451006542817368,-1.0097578676123716e-09,1.395394560743665e-09
extension,48,style,etf_only,Duration A,11.832077327467672,-1.5061382696579528e-09,11.832077325961535,-0.10795632132649953,-1.0097578676123716e-09,1.395394560743665e-09
extension,48,style,etf_only,Duration B,1.1627420634049633e-08,-1.0762310504241961e-08,8.651101298076707e-10,3.5876080843758598e-09,-1.0097578676123716e-09,1.395394560743665e-09
extension,48,style,etf_only,Credit A,26.62221810678175,-1.4932610703510818e-09,26.622218105288493,17.12499557258405,-1.0097578676123716e-09,1.395394560743665e-09
extension,48,style,etf_only,Credit B,13.898000702919935,-1.5190265711950701e-09,13.898000701400909,-13.490858858841634,-1.0097578676123716e-09,1.395394560743665e-09
extension,48,style,etf_only,Equity ETF,21.876231753275317,-2.242880881020426e-09,21.876231751032435,-9.104469080854638,-1.0097578676123716e-09,1.395394560743665e-09
extension,48,style,etf_only,Duration ETF,2.5097815377789227e-09,9.029554102381806e-09,1.1539335640160728e-08,-5.10656558694139e-09,-1.0097578676123716e-09,1.395394560743665e-09
extension,48,style,etf_only,Credit ETF,3.818798135203232e-09,1.276464617512668e-08,1.6583444310329912e-08,-1.3179989959909009e-08,-1.0097578676123716e-09,1.395394560743665e-09
extension,48,style,myopic,Equity A,16.176636225179276,23.995443972915904,40.17208019809518,0.1474878972681709,1.8370235454340245e-09,3.7361642751724014
extension,48,style,myopic,Equity B,9.594835866157576,-9.59483586493038,1.2271964254209212e-09,-6.484787519776096e-10,1.8370235454340245e-09,3.7361642751724014
extension,48,style,myopic,Duration A,11.832077327467672,-1.706145363877809e-08,11.83207731040622,-0.21691182163243236,1.8370235454340245e-09,3.7361642751724014
extension,48,style,myopic,Duration B,1.1627420634049633e-08,-1.0327219786268843e-08,1.3002008477807906e-09,-2.9794685285067565e-10,1.8370235454340245e-09,3.7361642751724014
extension,48,style,myopic,Credit A,26.62221810678175,19.29929809053969,45.921516197321445,0.2679814268685334,1.8370235454340245e-09,3.7361642751724014
extension,48,style,myopic,Credit B,13.898000702919935,-13.898000702480399,4.3953612050498745e-10,-1.2876872457598943e-10,1.8370235454340245e-09,3.7361642751724014
extension,48,style,myopic,Equity ETF,21.876231753275317,-19.839267107330556,2.0369646459447575,-0.19913754732212965,1.8370235454340245e-09,3.7361642751724014
extension,48,style,myopic,Duration ETF,2.5097815377789227e-09,-2.3332869773636522e-09,1.7649456041527039e-10,9.066279851689275e-10,1.8370235454340245e-09,3.7361642751724014
extension,48,style,myopic,Credit ETF,3.818798135203232e-09,-3.3185887213861416e-09,5.002094138170909e-10,1.1053817043858857e-11,1.8370235454340245e-09,3.7361642751724014
extension,48,style,dynamic,Equity A,16.176636225179276,25.061634350346328,41.23827057552561,0.07513357076111328,6.25643525702102e-10,4.064606066135858
extension,48,style,dynamic,Equity B,9.594835866157576,-9.594835866227463,-6.988694564612963e-11,1.008110314083001e-09,6.25643525702102e-10,4.064606066135858
extension,48,style,dynamic,Duration A,11.832077327467672,-1.8601848878932041,9.971892439574468,-0.1435841718941458,6.25643525702102e-10,4.064606066135858
extension,48,style,dynamic,Duration B,1.1627420634049633e-08,-1.093423213735059e-08,6.931884966990428e-10,9.917454661725986e-10,6.25643525702102e-10,4.064606066135858
extension,48,style,dynamic,Credit A,26.62221810678175,22.126972804929824,48.74919091171158,0.0007599579037176016,6.25643525702102e-10,4.064606066135858
extension,48,style,dynamic,Credit B,13.898000702919935,-13.898000703146316,-2.2637881791097642e-10,8.680097087032014e-10,6.25643525702102e-10,4.064606066135858
extension,48,style,dynamic,Equity ETF,21.876231753275317,-21.87623174096899,1.2306326626791256e-08,0.06724787069947756,6.25643525702102e-10,4.064606066135858
extension,48,style,dynamic,Duration ETF,2.5097815377789227e-09,-3.359038731253544e-09,-8.492571934746215e-10,3.2295830848097823e-09,6.25643525702102e-10,4.064606066135858
extension,48,style,dynamic,Credit ETF,3.818798135203232e-09,-3.7714544926274695e-09,4.73436425757629e-11,9.87299951684341e-10,6.25643525702102e-10,4.064606066135858
